<?xml version='1.0' encoding='UTF-8'?>
<gpx version="1.1" creator="https://www.komoot.de" xmlns="http://www.topografix.com/GPX/1/1" xmlns:xsi="http://www.w3.org/2001/XMLSchema-instance" xsi:schemaLocation="http://www.topografix.com/GPX/1/1 http://www.topografix.com/GPX/1/1/gpx.xsd">
  <metadata>
    <name>Moscow-PPosad</name>
    <author>
      <link href="https://www.komoot.de">
        <text>komoot</text>
        <type>text/html</type>
      </link>
    </author>
  </metadata>
  <trk>
    <name>Moscow-PPosad</name>
    <trkseg>
      <trkpt lat="55.749783" lon="37.625896">
        <ele>121.861687</ele>
        <time>2026-01-05T15:37:04.595Z</time>
      </trkpt>
      <trkpt lat="55.749812" lon="37.626549">
        <ele>121.861687</ele>
        <time>2026-01-05T15:37:08.793Z</time>
      </trkpt>
      <trkpt lat="55.749819" lon="37.627498">
        <ele>121.861468</ele>
        <time>2026-01-05T15:37:15.242Z</time>
      </trkpt>
      <trkpt lat="55.749795" lon="37.628295">
        <ele>121.833205</ele>
        <time>2026-01-05T15:37:20.149Z</time>
      </trkpt>
      <trkpt lat="55.749740" lon="37.629166">
        <ele>121.802167</ele>
        <time>2026-01-05T15:37:25.901Z</time>
      </trkpt>
      <trkpt lat="55.749733" lon="37.629269">
        <ele>121.798494</ele>
        <time>2026-01-05T15:37:26.563Z</time>
      </trkpt>
      <trkpt lat="55.749712" lon="37.629583">
        <ele>121.787296</ele>
        <time>2026-01-05T15:37:28.627Z</time>
      </trkpt>
      <trkpt lat="55.749705" lon="37.629684">
        <ele>121.783693</ele>
        <time>2026-01-05T15:37:29.299Z</time>
      </trkpt>
      <trkpt lat="55.749544" lon="37.631923">
        <ele>121.896259</ele>
        <time>2026-01-05T15:37:44.589Z</time>
      </trkpt>
      <trkpt lat="55.749467" lon="37.632573">
        <ele>121.973905</ele>
        <time>2026-01-05T15:37:49.390Z</time>
      </trkpt>
      <trkpt lat="55.749231" lon="37.633807">
        <ele>122.119728</ele>
        <time>2026-01-05T15:37:59.141Z</time>
      </trkpt>
      <trkpt lat="55.748685" lon="37.635858">
        <ele>121.969128</ele>
        <time>2026-01-05T15:38:14.357Z</time>
      </trkpt>
      <trkpt lat="55.747896" lon="37.638801">
        <ele>121.375091</ele>
        <time>2026-01-05T15:38:33.265Z</time>
      </trkpt>
      <trkpt lat="55.747772" lon="37.639193">
        <ele>121.273543</ele>
        <time>2026-01-05T15:38:35.837Z</time>
      </trkpt>
      <trkpt lat="55.747561" lon="37.639734">
        <ele>121.660112</ele>
        <time>2026-01-05T15:38:40.231Z</time>
      </trkpt>
      <trkpt lat="55.747494" lon="37.639874">
        <ele>121.969008</ele>
        <time>2026-01-05T15:38:41.737Z</time>
      </trkpt>
      <trkpt lat="55.747354" lon="37.640066">
        <ele>122.497187</ele>
        <time>2026-01-05T15:38:44.622Z</time>
      </trkpt>
      <trkpt lat="55.747149" lon="37.640329">
        <ele>123.252344</ele>
        <time>2026-01-05T15:38:49.236Z</time>
      </trkpt>
      <trkpt lat="55.746985" lon="37.640545">
        <ele>123.862029</ele>
        <time>2026-01-05T15:38:53.536Z</time>
      </trkpt>
      <trkpt lat="55.746906" lon="37.640637">
        <ele>124.144128</ele>
        <time>2026-01-05T15:38:55.674Z</time>
      </trkpt>
      <trkpt lat="55.746989" lon="37.640817">
        <ele>124.535269</ele>
        <time>2026-01-05T15:38:58.810Z</time>
      </trkpt>
      <trkpt lat="55.747054" lon="37.640994">
        <ele>124.890522</ele>
        <time>2026-01-05T15:39:01.815Z</time>
      </trkpt>
      <trkpt lat="55.747647" lon="37.641631">
        <ele>126.831537</ele>
        <time>2026-01-05T15:39:21.582Z</time>
      </trkpt>
      <trkpt lat="55.747675" lon="37.641672">
        <ele>126.905099</ele>
        <time>2026-01-05T15:39:22.693Z</time>
      </trkpt>
      <trkpt lat="55.747866" lon="37.641953">
        <ele>127.407855</ele>
        <time>2026-01-05T15:39:30.407Z</time>
      </trkpt>
      <trkpt lat="55.748044" lon="37.642465">
        <ele>128.094559</ele>
        <time>2026-01-05T15:39:39.326Z</time>
      </trkpt>
      <trkpt lat="55.748056" lon="37.642526">
        <ele>128.168295</ele>
        <time>2026-01-05T15:39:40.159Z</time>
      </trkpt>
      <trkpt lat="55.748089" lon="37.642709">
        <ele>128.387569</ele>
        <time>2026-01-05T15:39:42.399Z</time>
      </trkpt>
      <trkpt lat="55.748266" lon="37.643727">
        <ele>129.603353</ele>
        <time>2026-01-05T15:39:50.225Z</time>
      </trkpt>
      <trkpt lat="55.748285" lon="37.643833">
        <ele>129.730293</ele>
        <time>2026-01-05T15:39:50.828Z</time>
      </trkpt>
      <trkpt lat="55.748523" lon="37.645161">
        <ele>129.258346</ele>
        <time>2026-01-05T15:39:57.645Z</time>
      </trkpt>
      <trkpt lat="55.748576" lon="37.645424">
        <ele>128.987087</ele>
        <time>2026-01-05T15:39:59.007Z</time>
      </trkpt>
      <trkpt lat="55.748595" lon="37.645512">
        <ele>128.895564</ele>
        <time>2026-01-05T15:39:59.435Z</time>
      </trkpt>
      <trkpt lat="55.748623" lon="37.645648">
        <ele>128.754946</ele>
        <time>2026-01-05T15:40:00.151Z</time>
      </trkpt>
      <trkpt lat="55.748662" lon="37.645844">
        <ele>128.553079</ele>
        <time>2026-01-05T15:40:01.107Z</time>
      </trkpt>
      <trkpt lat="55.748887" lon="37.647026">
        <ele>127.341453</ele>
        <time>2026-01-05T15:40:07.172Z</time>
      </trkpt>
      <trkpt lat="55.748916" lon="37.647206">
        <ele>127.159648</ele>
        <time>2026-01-05T15:40:08.266Z</time>
      </trkpt>
      <trkpt lat="55.749075" lon="37.648179">
        <ele>126.930274</ele>
        <time>2026-01-05T15:40:15.505Z</time>
      </trkpt>
      <trkpt lat="55.749136" lon="37.648686">
        <ele>126.836360</ele>
        <time>2026-01-05T15:40:18.965Z</time>
      </trkpt>
      <trkpt lat="55.749158" lon="37.648886">
        <ele>126.799446</ele>
        <time>2026-01-05T15:40:20.176Z</time>
      </trkpt>
      <trkpt lat="55.749205" lon="37.649319">
        <ele>126.719566</ele>
        <time>2026-01-05T15:40:22.653Z</time>
      </trkpt>
      <trkpt lat="55.749294" lon="37.650352">
        <ele>126.530267</ele>
        <time>2026-01-05T15:40:28.777Z</time>
      </trkpt>
      <trkpt lat="55.749374" lon="37.651358">
        <ele>127.323949</ele>
        <time>2026-01-05T15:40:36.602Z</time>
      </trkpt>
      <trkpt lat="55.749389" lon="37.651540">
        <ele>127.473470</ele>
        <time>2026-01-05T15:40:38.274Z</time>
      </trkpt>
      <trkpt lat="55.749509" lon="37.653011">
        <ele>128.681702</ele>
        <time>2026-01-05T15:40:54.505Z</time>
      </trkpt>
      <trkpt lat="55.749664" lon="37.654565">
        <ele>129.079632</ele>
        <time>2026-01-05T15:41:10.693Z</time>
      </trkpt>
      <trkpt lat="55.749822" lon="37.655475">
        <ele>129.040525</ele>
        <time>2026-01-05T15:41:16.389Z</time>
      </trkpt>
      <trkpt lat="55.749907" lon="37.655919">
        <ele>129.021266</ele>
        <time>2026-01-05T15:41:18.774Z</time>
      </trkpt>
      <trkpt lat="55.750058" lon="37.656682">
        <ele>128.969765</ele>
        <time>2026-01-05T15:41:22.683Z</time>
      </trkpt>
      <trkpt lat="55.750217" lon="37.657669">
        <ele>128.661624</ele>
        <time>2026-01-05T15:41:28.307Z</time>
      </trkpt>
      <trkpt lat="55.750240" lon="37.658023">
        <ele>128.554667</ele>
        <time>2026-01-05T15:41:30.774Z</time>
      </trkpt>
      <trkpt lat="55.750242" lon="37.658243">
        <ele>128.488626</ele>
        <time>2026-01-05T15:41:32.385Z</time>
      </trkpt>
      <trkpt lat="55.750218" lon="37.658903">
        <ele>128.290117</ele>
        <time>2026-01-05T15:41:37.541Z</time>
      </trkpt>
      <trkpt lat="55.750157" lon="37.659756">
        <ele>128.032034</ele>
        <time>2026-01-05T15:41:43.327Z</time>
      </trkpt>
      <trkpt lat="55.750045" lon="37.661202">
        <ele>127.634012</ele>
        <time>2026-01-05T15:41:50.987Z</time>
      </trkpt>
      <trkpt lat="55.749955" lon="37.661825">
        <ele>127.458633</ele>
        <time>2026-01-05T15:41:54.086Z</time>
      </trkpt>
      <trkpt lat="55.749807" lon="37.662330">
        <ele>127.303384</ele>
        <time>2026-01-05T15:41:57.344Z</time>
      </trkpt>
      <trkpt lat="55.749689" lon="37.662608">
        <ele>127.208441</ele>
        <time>2026-01-05T15:42:00.411Z</time>
      </trkpt>
      <trkpt lat="55.749526" lon="37.662937">
        <ele>127.495535</ele>
        <time>2026-01-05T15:42:05.159Z</time>
      </trkpt>
      <trkpt lat="55.749310" lon="37.663226">
        <ele>128.110652</ele>
        <time>2026-01-05T15:42:10.768Z</time>
      </trkpt>
      <trkpt lat="55.748712" lon="37.663920">
        <ele>129.735531</ele>
        <time>2026-01-05T15:42:26.469Z</time>
      </trkpt>
      <trkpt lat="55.748421" lon="37.664270">
        <ele>130.534946</ele>
        <time>2026-01-05T15:42:34.075Z</time>
      </trkpt>
      <trkpt lat="55.748239" lon="37.664550">
        <ele>131.082624</ele>
        <time>2026-01-05T15:42:38.956Z</time>
      </trkpt>
      <trkpt lat="55.748186" lon="37.664667">
        <ele>131.249244</ele>
        <time>2026-01-05T15:42:40.259Z</time>
      </trkpt>
      <trkpt lat="55.748092" lon="37.664876">
        <ele>131.207006</ele>
        <time>2026-01-05T15:42:42.615Z</time>
      </trkpt>
      <trkpt lat="55.747952" lon="37.665419">
        <ele>131.112712</ele>
        <time>2026-01-05T15:42:46.730Z</time>
      </trkpt>
      <trkpt lat="55.747922" lon="37.665672">
        <ele>131.071892</ele>
        <time>2026-01-05T15:42:48.266Z</time>
      </trkpt>
      <trkpt lat="55.747916" lon="37.666061">
        <ele>131.010454</ele>
        <time>2026-01-05T15:42:50.535Z</time>
      </trkpt>
      <trkpt lat="55.747996" lon="37.666629">
        <ele>130.918015</ele>
        <time>2026-01-05T15:42:53.737Z</time>
      </trkpt>
      <trkpt lat="55.748153" lon="37.667106">
        <ele>130.830775</ele>
        <time>2026-01-05T15:42:56.922Z</time>
      </trkpt>
      <trkpt lat="55.748289" lon="37.667392">
        <ele>130.771665</ele>
        <time>2026-01-05T15:42:58.995Z</time>
      </trkpt>
      <trkpt lat="55.748586" lon="37.667832">
        <ele>130.676207</ele>
        <time>2026-01-05T15:43:02.528Z</time>
      </trkpt>
      <trkpt lat="55.749105" lon="37.668424">
        <ele>130.529900</ele>
        <time>2026-01-05T15:43:08.257Z</time>
      </trkpt>
      <trkpt lat="55.749431" lon="37.668808">
        <ele>130.437114</ele>
        <time>2026-01-05T15:43:13.842Z</time>
      </trkpt>
      <trkpt lat="55.749562" lon="37.669006">
        <ele>130.396315</ele>
        <time>2026-01-05T15:43:16.542Z</time>
      </trkpt>
      <trkpt lat="55.749775" lon="37.669382">
        <ele>130.325088</ele>
        <time>2026-01-05T15:43:21.237Z</time>
      </trkpt>
      <trkpt lat="55.750065" lon="37.670013">
        <ele>130.587103</ele>
        <time>2026-01-05T15:43:27.627Z</time>
      </trkpt>
      <trkpt lat="55.750355" lon="37.670496">
        <ele>130.827277</ele>
        <time>2026-01-05T15:43:33.716Z</time>
      </trkpt>
      <trkpt lat="55.750694" lon="37.670910">
        <ele>131.075829</ele>
        <time>2026-01-05T15:43:40.390Z</time>
      </trkpt>
      <trkpt lat="55.750934" lon="37.671198">
        <ele>131.250818</ele>
        <time>2026-01-05T15:43:43.669Z</time>
      </trkpt>
      <trkpt lat="55.751828" lon="37.672279">
        <ele>131.692740</ele>
        <time>2026-01-05T15:43:55.279Z</time>
      </trkpt>
      <trkpt lat="55.752502" lon="37.672994">
        <ele>131.965051</ele>
        <time>2026-01-05T15:44:06.921Z</time>
      </trkpt>
      <trkpt lat="55.752746" lon="37.673164">
        <ele>131.983263</ele>
        <time>2026-01-05T15:44:10.967Z</time>
      </trkpt>
      <trkpt lat="55.753029" lon="37.673307">
        <ele>131.780703</ele>
        <time>2026-01-05T15:44:15.428Z</time>
      </trkpt>
      <trkpt lat="55.753520" lon="37.673387">
        <ele>131.441249</ele>
        <time>2026-01-05T15:44:21.363Z</time>
      </trkpt>
      <trkpt lat="55.753717" lon="37.673358">
        <ele>131.305157</ele>
        <time>2026-01-05T15:44:23.336Z</time>
      </trkpt>
      <trkpt lat="55.754010" lon="37.673253">
        <ele>131.099376</ele>
        <time>2026-01-05T15:44:26.144Z</time>
      </trkpt>
      <trkpt lat="55.755712" lon="37.672298">
        <ele>128.310185</ele>
        <time>2026-01-05T15:44:41.369Z</time>
      </trkpt>
      <trkpt lat="55.756454" lon="37.671922">
        <ele>127.575682</ele>
        <time>2026-01-05T15:44:48.955Z</time>
      </trkpt>
      <trkpt lat="55.757420" lon="37.671384">
        <ele>127.946577</ele>
        <time>2026-01-05T15:45:02.947Z</time>
      </trkpt>
      <trkpt lat="55.757587" lon="37.671331">
        <ele>128.008730</ele>
        <time>2026-01-05T15:45:05.329Z</time>
      </trkpt>
      <trkpt lat="55.757847" lon="37.671330">
        <ele>128.103989</ele>
        <time>2026-01-05T15:45:09.143Z</time>
      </trkpt>
      <trkpt lat="55.758234" lon="37.671478">
        <ele>128.565806</ele>
        <time>2026-01-05T15:45:15.520Z</time>
      </trkpt>
      <trkpt lat="55.758423" lon="37.671628">
        <ele>128.827723</ele>
        <time>2026-01-05T15:45:19.133Z</time>
      </trkpt>
      <trkpt lat="55.758564" lon="37.671797">
        <ele>129.042923</ele>
        <time>2026-01-05T15:45:22.251Z</time>
      </trkpt>
      <trkpt lat="55.758724" lon="37.672021">
        <ele>129.300654</ele>
        <time>2026-01-05T15:45:25.866Z</time>
      </trkpt>
      <trkpt lat="55.758856" lon="37.672271">
        <ele>129.544747</ele>
        <time>2026-01-05T15:45:29.239Z</time>
      </trkpt>
      <trkpt lat="55.758983" lon="37.672578">
        <ele>129.816044</ele>
        <time>2026-01-05T15:45:32.844Z</time>
      </trkpt>
      <trkpt lat="55.759096" lon="37.672942">
        <ele>130.112034</ele>
        <time>2026-01-05T15:45:36.527Z</time>
      </trkpt>
      <trkpt lat="55.759173" lon="37.673518">
        <ele>130.398828</ele>
        <time>2026-01-05T15:45:41.238Z</time>
      </trkpt>
      <trkpt lat="55.759179" lon="37.674172">
        <ele>130.408893</ele>
        <time>2026-01-05T15:45:45.663Z</time>
      </trkpt>
      <trkpt lat="55.758985" lon="37.676682">
        <ele>130.566461</ele>
        <time>2026-01-05T15:46:00.937Z</time>
      </trkpt>
      <trkpt lat="55.758970" lon="37.676870">
        <ele>130.691451</ele>
        <time>2026-01-05T15:46:02.462Z</time>
      </trkpt>
      <trkpt lat="55.758898" lon="37.677781">
        <ele>131.297008</ele>
        <time>2026-01-05T15:46:10.990Z</time>
      </trkpt>
      <trkpt lat="55.758891" lon="37.677889">
        <ele>131.368570</ele>
        <time>2026-01-05T15:46:12.132Z</time>
      </trkpt>
      <trkpt lat="55.758886" lon="37.677984">
        <ele>131.431378</ele>
        <time>2026-01-05T15:46:13.135Z</time>
      </trkpt>
      <trkpt lat="55.758836" lon="37.679718">
        <ele>132.518070</ele>
        <time>2026-01-05T15:46:30.862Z</time>
      </trkpt>
      <trkpt lat="55.758839" lon="37.680340">
        <ele>132.009673</ele>
        <time>2026-01-05T15:46:35.120Z</time>
      </trkpt>
      <trkpt lat="55.758886" lon="37.680899">
        <ele>131.547713</ele>
        <time>2026-01-05T15:46:38.279Z</time>
      </trkpt>
      <trkpt lat="55.758998" lon="37.681574">
        <ele>130.972530</ele>
        <time>2026-01-05T15:46:41.635Z</time>
      </trkpt>
      <trkpt lat="55.759152" lon="37.682202">
        <ele>130.412623</ele>
        <time>2026-01-05T15:46:44.680Z</time>
      </trkpt>
      <trkpt lat="55.759275" lon="37.682606">
        <ele>130.037187</ele>
        <time>2026-01-05T15:46:46.835Z</time>
      </trkpt>
      <trkpt lat="55.759469" lon="37.683158">
        <ele>129.826724</ele>
        <time>2026-01-05T15:46:50.109Z</time>
      </trkpt>
      <trkpt lat="55.759661" lon="37.683593">
        <ele>129.711656</ele>
        <time>2026-01-05T15:46:53.305Z</time>
      </trkpt>
      <trkpt lat="55.759722" lon="37.683727">
        <ele>129.675783</ele>
        <time>2026-01-05T15:46:54.457Z</time>
      </trkpt>
      <trkpt lat="55.759937" lon="37.684124">
        <ele>129.561102</ele>
        <time>2026-01-05T15:46:57.926Z</time>
      </trkpt>
      <trkpt lat="55.760359" lon="37.684676">
        <ele>129.367287</ele>
        <time>2026-01-05T15:47:04.644Z</time>
      </trkpt>
      <trkpt lat="55.760618" lon="37.684956">
        <ele>129.238796</ele>
        <time>2026-01-05T15:47:09.847Z</time>
      </trkpt>
      <trkpt lat="55.760943" lon="37.685256">
        <ele>128.965642</ele>
        <time>2026-01-05T15:47:15.221Z</time>
      </trkpt>
      <trkpt lat="55.761408" lon="37.685630">
        <ele>128.584950</ele>
        <time>2026-01-05T15:47:21.129Z</time>
      </trkpt>
      <trkpt lat="55.761531" lon="37.685753">
        <ele>128.479683</ele>
        <time>2026-01-05T15:47:22.405Z</time>
      </trkpt>
      <trkpt lat="55.761793" lon="37.686017">
        <ele>128.255043</ele>
        <time>2026-01-05T15:47:24.975Z</time>
      </trkpt>
      <trkpt lat="55.762046" lon="37.686267">
        <ele>128.039134</ele>
        <time>2026-01-05T15:47:27.460Z</time>
      </trkpt>
      <trkpt lat="55.762227" lon="37.686372">
        <ele>127.879019</ele>
        <time>2026-01-05T15:47:29.145Z</time>
      </trkpt>
      <trkpt lat="55.762659" lon="37.686297">
        <ele>127.375283</ele>
        <time>2026-01-05T15:47:33.072Z</time>
      </trkpt>
      <trkpt lat="55.762974" lon="37.686177">
        <ele>127.001412</ele>
        <time>2026-01-05T15:47:36.109Z</time>
      </trkpt>
      <trkpt lat="55.763226" lon="37.686098">
        <ele>126.704444</ele>
        <time>2026-01-05T15:47:38.474Z</time>
      </trkpt>
      <trkpt lat="55.763596" lon="37.686069">
        <ele>126.274630</ele>
        <time>2026-01-05T15:47:41.907Z</time>
      </trkpt>
      <trkpt lat="55.763771" lon="37.686110">
        <ele>126.069780</ele>
        <time>2026-01-05T15:47:43.862Z</time>
      </trkpt>
      <trkpt lat="55.764102" lon="37.686295">
        <ele>125.840563</ele>
        <time>2026-01-05T15:47:48.485Z</time>
      </trkpt>
      <trkpt lat="55.766076" lon="37.687896">
        <ele>126.173563</ele>
        <time>2026-01-05T15:48:14.393Z</time>
      </trkpt>
      <trkpt lat="55.766409" lon="37.688166">
        <ele>126.420279</ele>
        <time>2026-01-05T15:48:19.433Z</time>
      </trkpt>
      <trkpt lat="55.766507" lon="37.688245">
        <ele>126.492814</ele>
        <time>2026-01-05T15:48:20.960Z</time>
      </trkpt>
      <trkpt lat="55.767370" lon="37.688947">
        <ele>127.209597</ele>
        <time>2026-01-05T15:48:35.640Z</time>
      </trkpt>
      <trkpt lat="55.767613" lon="37.689201">
        <ele>127.548228</ele>
        <time>2026-01-05T15:48:40.125Z</time>
      </trkpt>
      <trkpt lat="55.767826" lon="37.689544">
        <ele>127.893473</ele>
        <time>2026-01-05T15:48:44.559Z</time>
      </trkpt>
      <trkpt lat="55.768782" lon="37.691394">
        <ele>129.561643</ele>
        <time>2026-01-05T15:49:06.412Z</time>
      </trkpt>
      <trkpt lat="55.769246" lon="37.692297">
        <ele>130.326811</ele>
        <time>2026-01-05T15:49:18.882Z</time>
      </trkpt>
      <trkpt lat="55.769334" lon="37.692471">
        <ele>130.473199</ele>
        <time>2026-01-05T15:49:21.253Z</time>
      </trkpt>
      <trkpt lat="55.769435" lon="37.692667">
        <ele>130.639497</ele>
        <time>2026-01-05T15:49:23.848Z</time>
      </trkpt>
      <trkpt lat="55.769957" lon="37.693600">
        <ele>130.808750</ele>
        <time>2026-01-05T15:49:33.862Z</time>
      </trkpt>
      <trkpt lat="55.770271" lon="37.693995">
        <ele>130.191196</ele>
        <time>2026-01-05T15:49:37.195Z</time>
      </trkpt>
      <trkpt lat="55.770369" lon="37.694099">
        <ele>130.007962</ele>
        <time>2026-01-05T15:49:38.172Z</time>
      </trkpt>
      <trkpt lat="55.770654" lon="37.694337">
        <ele>129.502445</ele>
        <time>2026-01-05T15:49:40.860Z</time>
      </trkpt>
      <trkpt lat="55.770985" lon="37.694518">
        <ele>128.946473</ele>
        <time>2026-01-05T15:49:43.789Z</time>
      </trkpt>
      <trkpt lat="55.771254" lon="37.694607">
        <ele>128.507194</ele>
        <time>2026-01-05T15:49:46.143Z</time>
      </trkpt>
      <trkpt lat="55.771423" lon="37.694656">
        <ele>128.270483</ele>
        <time>2026-01-05T15:49:47.649Z</time>
      </trkpt>
      <trkpt lat="55.771843" lon="37.694893">
        <ele>127.922321</ele>
        <time>2026-01-05T15:49:51.618Z</time>
      </trkpt>
      <trkpt lat="55.772098" lon="37.695131">
        <ele>127.694764</ele>
        <time>2026-01-05T15:49:54.587Z</time>
      </trkpt>
      <trkpt lat="55.772245" lon="37.695324">
        <ele>127.550378</ele>
        <time>2026-01-05T15:49:56.747Z</time>
      </trkpt>
      <trkpt lat="55.773194" lon="37.696810">
        <ele>126.931052</ele>
        <time>2026-01-05T15:50:10.824Z</time>
      </trkpt>
      <trkpt lat="55.773515" lon="37.697313">
        <ele>126.976129</ele>
        <time>2026-01-05T15:50:15.558Z</time>
      </trkpt>
      <trkpt lat="55.773920" lon="37.697950">
        <ele>127.033094</ele>
        <time>2026-01-05T15:50:22.159Z</time>
      </trkpt>
      <trkpt lat="55.773948" lon="37.697996">
        <ele>127.037111</ele>
        <time>2026-01-05T15:50:22.667Z</time>
      </trkpt>
      <trkpt lat="55.774163" lon="37.698335">
        <ele>127.067384</ele>
        <time>2026-01-05T15:50:26.523Z</time>
      </trkpt>
      <trkpt lat="55.774181" lon="37.698361">
        <ele>127.069827</ele>
        <time>2026-01-05T15:50:26.859Z</time>
      </trkpt>
      <trkpt lat="55.776695" lon="37.702337">
        <ele>130.046195</ele>
        <time>2026-01-05T15:51:18.290Z</time>
      </trkpt>
      <trkpt lat="55.777037" lon="37.702801">
        <ele>130.058681</ele>
        <time>2026-01-05T15:51:23.882Z</time>
      </trkpt>
      <trkpt lat="55.777103" lon="37.702870">
        <ele>129.943990</ele>
        <time>2026-01-05T15:51:24.737Z</time>
      </trkpt>
      <trkpt lat="55.777156" lon="37.702916">
        <ele>129.855643</ele>
        <time>2026-01-05T15:51:25.330Z</time>
      </trkpt>
      <trkpt lat="55.777397" lon="37.703106">
        <ele>129.460731</ele>
        <time>2026-01-05T15:51:27.802Z</time>
      </trkpt>
      <trkpt lat="55.777666" lon="37.703263">
        <ele>129.036618</ele>
        <time>2026-01-05T15:51:30.303Z</time>
      </trkpt>
      <trkpt lat="55.777733" lon="37.703302">
        <ele>128.931011</ele>
        <time>2026-01-05T15:51:30.927Z</time>
      </trkpt>
      <trkpt lat="55.777910" lon="37.703361">
        <ele>128.661248</ele>
        <time>2026-01-05T15:51:32.524Z</time>
      </trkpt>
      <trkpt lat="55.778040" lon="37.703385">
        <ele>128.465462</ele>
        <time>2026-01-05T15:51:33.694Z</time>
      </trkpt>
      <trkpt lat="55.778422" lon="37.703358">
        <ele>127.892778</ele>
        <time>2026-01-05T15:51:36.968Z</time>
      </trkpt>
      <trkpt lat="55.778682" lon="37.703291">
        <ele>127.510418</ele>
        <time>2026-01-05T15:51:39.165Z</time>
      </trkpt>
      <trkpt lat="55.778874" lon="37.703199">
        <ele>127.256688</ele>
        <time>2026-01-05T15:51:40.835Z</time>
      </trkpt>
      <trkpt lat="55.779806" lon="37.702674">
        <ele>126.009218</ele>
        <time>2026-01-05T15:51:49.849Z</time>
      </trkpt>
      <trkpt lat="55.780213" lon="37.702334">
        <ele>125.435436</ele>
        <time>2026-01-05T15:51:54.534Z</time>
      </trkpt>
      <trkpt lat="55.780361" lon="37.702147">
        <ele>125.315389</ele>
        <time>2026-01-05T15:51:56.468Z</time>
      </trkpt>
      <trkpt lat="55.780507" lon="37.701945">
        <ele>125.426502</ele>
        <time>2026-01-05T15:51:58.497Z</time>
      </trkpt>
      <trkpt lat="55.781678" lon="37.699993">
        <ele>126.368409</ele>
        <time>2026-01-05T15:52:21.751Z</time>
      </trkpt>
      <trkpt lat="55.781785" lon="37.699860">
        <ele>126.389942</ele>
        <time>2026-01-05T15:52:23.955Z</time>
      </trkpt>
      <trkpt lat="55.781984" lon="37.699770">
        <ele>126.423810</ele>
        <time>2026-01-05T15:52:27.350Z</time>
      </trkpt>
      <trkpt lat="55.782251" lon="37.699789">
        <ele>126.467884</ele>
        <time>2026-01-05T15:52:31.535Z</time>
      </trkpt>
      <trkpt lat="55.782572" lon="37.699751">
        <ele>126.520948</ele>
        <time>2026-01-05T15:52:35.880Z</time>
      </trkpt>
      <trkpt lat="55.782821" lon="37.699689">
        <ele>126.562418</ele>
        <time>2026-01-05T15:52:38.761Z</time>
      </trkpt>
      <trkpt lat="55.783158" lon="37.699615">
        <ele>126.618426</ele>
        <time>2026-01-05T15:52:42.313Z</time>
      </trkpt>
      <trkpt lat="55.783856" lon="37.699484">
        <ele>126.516070</ele>
        <time>2026-01-05T15:52:48.889Z</time>
      </trkpt>
      <trkpt lat="55.783939" lon="37.699468">
        <ele>126.491088</ele>
        <time>2026-01-05T15:52:49.664Z</time>
      </trkpt>
      <trkpt lat="55.786041" lon="37.699091">
        <ele>127.127092</ele>
        <time>2026-01-05T15:53:15.482Z</time>
      </trkpt>
      <trkpt lat="55.786364" lon="37.699038">
        <ele>127.504266</ele>
        <time>2026-01-05T15:53:21.419Z</time>
      </trkpt>
      <trkpt lat="55.786862" lon="37.699049">
        <ele>128.083378</ele>
        <time>2026-01-05T15:53:30.811Z</time>
      </trkpt>
      <trkpt lat="55.787374" lon="37.699180">
        <ele>128.875148</ele>
        <time>2026-01-05T15:53:40.609Z</time>
      </trkpt>
      <trkpt lat="55.788115" lon="37.699383">
        <ele>130.096224</ele>
        <time>2026-01-05T15:53:54.330Z</time>
      </trkpt>
      <trkpt lat="55.788537" lon="37.699610">
        <ele>130.814269</ele>
        <time>2026-01-05T15:54:01.086Z</time>
      </trkpt>
      <trkpt lat="55.788852" lon="37.699864">
        <ele>131.223537</ele>
        <time>2026-01-05T15:54:05.907Z</time>
      </trkpt>
      <trkpt lat="55.789080" lon="37.700142">
        <ele>131.382714</ele>
        <time>2026-01-05T15:54:09.824Z</time>
      </trkpt>
      <trkpt lat="55.789319" lon="37.700504">
        <ele>131.563478</ele>
        <time>2026-01-05T15:54:14.298Z</time>
      </trkpt>
      <trkpt lat="55.790316" lon="37.702493">
        <ele>132.797860</ele>
        <time>2026-01-05T15:54:33.932Z</time>
      </trkpt>
      <trkpt lat="55.790508" lon="37.702848">
        <ele>133.193330</ele>
        <time>2026-01-05T15:54:38.057Z</time>
      </trkpt>
      <trkpt lat="55.791679" lon="37.705009">
        <ele>134.589516</ele>
        <time>2026-01-05T15:55:08.937Z</time>
      </trkpt>
      <trkpt lat="55.792025" lon="37.705463">
        <ele>134.479590</ele>
        <time>2026-01-05T15:55:14.363Z</time>
      </trkpt>
      <trkpt lat="55.792076" lon="37.705515">
        <ele>134.464561</ele>
        <time>2026-01-05T15:55:14.972Z</time>
      </trkpt>
      <trkpt lat="55.792423" lon="37.705762">
        <ele>134.369004</ele>
        <time>2026-01-05T15:55:18.407Z</time>
      </trkpt>
      <trkpt lat="55.792598" lon="37.705835">
        <ele>134.323049</ele>
        <time>2026-01-05T15:55:19.941Z</time>
      </trkpt>
      <trkpt lat="55.793041" lon="37.705891">
        <ele>134.175450</ele>
        <time>2026-01-05T15:55:23.496Z</time>
      </trkpt>
      <trkpt lat="55.793239" lon="37.705859">
        <ele>134.101243</ele>
        <time>2026-01-05T15:55:25.068Z</time>
      </trkpt>
      <trkpt lat="55.793581" lon="37.705776">
        <ele>133.972409</ele>
        <time>2026-01-05T15:55:27.970Z</time>
      </trkpt>
      <trkpt lat="55.794124" lon="37.705527">
        <ele>133.763110</ele>
        <time>2026-01-05T15:55:34.699Z</time>
      </trkpt>
      <trkpt lat="55.794518" lon="37.705364">
        <ele>133.613299</ele>
        <time>2026-01-05T15:55:42.567Z</time>
      </trkpt>
      <trkpt lat="55.794722" lon="37.705280">
        <ele>134.674504</ele>
        <time>2026-01-05T15:55:47.546Z</time>
      </trkpt>
      <trkpt lat="55.794943" lon="37.705188">
        <ele>135.824787</ele>
        <time>2026-01-05T15:55:53.985Z</time>
      </trkpt>
      <trkpt lat="55.794983" lon="37.705191">
        <ele>136.027687</ele>
        <time>2026-01-05T15:55:55.134Z</time>
      </trkpt>
      <trkpt lat="55.795058" lon="37.705226">
        <ele>136.420647</ele>
        <time>2026-01-05T15:55:57.872Z</time>
      </trkpt>
      <trkpt lat="55.795138" lon="37.705381">
        <ele>137.020133</ele>
        <time>2026-01-05T15:56:01.829Z</time>
      </trkpt>
      <trkpt lat="55.795148" lon="37.705468">
        <ele>137.273123</ele>
        <time>2026-01-05T15:56:03.630Z</time>
      </trkpt>
      <trkpt lat="55.795161" lon="37.705876">
        <ele>138.437372</ele>
        <time>2026-01-05T15:56:11.383Z</time>
      </trkpt>
      <trkpt lat="55.795159" lon="37.706128">
        <ele>139.155387</ele>
        <time>2026-01-05T15:56:16.099Z</time>
      </trkpt>
      <trkpt lat="55.795154" lon="37.707165">
        <ele>142.109888</ele>
        <time>2026-01-05T15:56:34.478Z</time>
      </trkpt>
      <trkpt lat="55.795146" lon="37.708679">
        <ele>143.733947</ele>
        <time>2026-01-05T15:56:53.169Z</time>
      </trkpt>
      <trkpt lat="55.795144" lon="37.708863">
        <ele>143.876704</ele>
        <time>2026-01-05T15:56:54.907Z</time>
      </trkpt>
      <trkpt lat="55.795138" lon="37.710427">
        <ele>145.089936</ele>
        <time>2026-01-05T15:57:05.176Z</time>
      </trkpt>
      <trkpt lat="55.795196" lon="37.711263">
        <ele>144.752110</ele>
        <time>2026-01-05T15:57:09.613Z</time>
      </trkpt>
      <trkpt lat="55.795327" lon="37.712028">
        <ele>144.220392</ele>
        <time>2026-01-05T15:57:13.487Z</time>
      </trkpt>
      <trkpt lat="55.795657" lon="37.713828">
        <ele>143.179312</ele>
        <time>2026-01-05T15:57:23.581Z</time>
      </trkpt>
      <trkpt lat="55.795742" lon="37.714334">
        <ele>143.461764</ele>
        <time>2026-01-05T15:57:27.052Z</time>
      </trkpt>
      <trkpt lat="55.795784" lon="37.714576">
        <ele>143.597221</ele>
        <time>2026-01-05T15:57:28.979Z</time>
      </trkpt>
      <trkpt lat="55.795885" lon="37.715157">
        <ele>143.922478</ele>
        <time>2026-01-05T15:57:34.260Z</time>
      </trkpt>
      <trkpt lat="55.796114" lon="37.716467">
        <ele>144.656201</ele>
        <time>2026-01-05T15:57:48.645Z</time>
      </trkpt>
      <trkpt lat="55.796219" lon="37.717104">
        <ele>145.048477</ele>
        <time>2026-01-05T15:57:54.773Z</time>
      </trkpt>
      <trkpt lat="55.796439" lon="37.718318">
        <ele>145.847356</ele>
        <time>2026-01-05T15:58:05.293Z</time>
      </trkpt>
      <trkpt lat="55.796552" lon="37.718941">
        <ele>146.257357</ele>
        <time>2026-01-05T15:58:10.793Z</time>
      </trkpt>
      <trkpt lat="55.796753" lon="37.720084">
        <ele>146.917227</ele>
        <time>2026-01-05T15:58:21.258Z</time>
      </trkpt>
      <trkpt lat="55.797100" lon="37.722110">
        <ele>147.673749</ele>
        <time>2026-01-05T15:58:38.923Z</time>
      </trkpt>
      <trkpt lat="55.797397" lon="37.723885">
        <ele>147.455350</ele>
        <time>2026-01-05T15:58:50.279Z</time>
      </trkpt>
      <trkpt lat="55.797655" lon="37.725337">
        <ele>146.787160</ele>
        <time>2026-01-05T15:58:58.894Z</time>
      </trkpt>
      <trkpt lat="55.797993" lon="37.727204">
        <ele>145.129701</ele>
        <time>2026-01-05T15:59:08.989Z</time>
      </trkpt>
      <trkpt lat="55.798223" lon="37.728523">
        <ele>143.732057</ele>
        <time>2026-01-05T15:59:15.960Z</time>
      </trkpt>
      <trkpt lat="55.798233" lon="37.728583">
        <ele>143.668721</ele>
        <time>2026-01-05T15:59:16.236Z</time>
      </trkpt>
      <trkpt lat="55.798193" lon="37.729037">
        <ele>143.175349</ele>
        <time>2026-01-05T15:59:18.448Z</time>
      </trkpt>
      <trkpt lat="55.798212" lon="37.729327">
        <ele>142.791310</ele>
        <time>2026-01-05T15:59:19.814Z</time>
      </trkpt>
      <trkpt lat="55.798708" lon="37.732160">
        <ele>139.103261</ele>
        <time>2026-01-05T15:59:33.941Z</time>
      </trkpt>
      <trkpt lat="55.798861" lon="37.733035">
        <ele>139.188171</ele>
        <time>2026-01-05T15:59:38.573Z</time>
      </trkpt>
      <trkpt lat="55.799031" lon="37.734055">
        <ele>139.286751</ele>
        <time>2026-01-05T15:59:45.835Z</time>
      </trkpt>
      <trkpt lat="55.799212" lon="37.735336">
        <ele>139.669372</ele>
        <time>2026-01-05T15:59:59.857Z</time>
      </trkpt>
      <trkpt lat="55.799413" lon="37.736502">
        <ele>141.032439</ele>
        <time>2026-01-05T16:00:14.620Z</time>
      </trkpt>
      <trkpt lat="55.799499" lon="37.737005">
        <ele>141.620038</ele>
        <time>2026-01-05T16:00:20.480Z</time>
      </trkpt>
      <trkpt lat="55.799897" lon="37.739323">
        <ele>143.292214</ele>
        <time>2026-01-05T16:00:40.997Z</time>
      </trkpt>
      <trkpt lat="55.800128" lon="37.740625">
        <ele>143.660909</ele>
        <time>2026-01-05T16:00:50.288Z</time>
      </trkpt>
      <trkpt lat="55.800214" lon="37.741121">
        <ele>143.801077</ele>
        <time>2026-01-05T16:00:53.897Z</time>
      </trkpt>
      <trkpt lat="55.800552" lon="37.742038">
        <ele>144.208201</ele>
        <time>2026-01-05T16:01:01.753Z</time>
      </trkpt>
      <trkpt lat="55.800575" lon="37.742166">
        <ele>144.259345</ele>
        <time>2026-01-05T16:01:02.763Z</time>
      </trkpt>
      <trkpt lat="55.800824" lon="37.743665">
        <ele>144.854238</ele>
        <time>2026-01-05T16:01:15.315Z</time>
      </trkpt>
      <trkpt lat="55.801507" lon="37.747610">
        <ele>147.752961</ele>
        <time>2026-01-05T16:01:52.634Z</time>
      </trkpt>
      <trkpt lat="55.801692" lon="37.748641">
        <ele>148.655586</ele>
        <time>2026-01-05T16:02:02.816Z</time>
      </trkpt>
      <trkpt lat="55.802357" lon="37.752259">
        <ele>151.578894</ele>
        <time>2026-01-05T16:02:38.820Z</time>
      </trkpt>
      <trkpt lat="55.802812" lon="37.754340">
        <ele>152.607866</ele>
        <time>2026-01-05T16:02:56.720Z</time>
      </trkpt>
      <trkpt lat="55.803003" lon="37.755064">
        <ele>152.785055</ele>
        <time>2026-01-05T16:03:02.041Z</time>
      </trkpt>
      <trkpt lat="55.803160" lon="37.755673">
        <ele>152.933491</ele>
        <time>2026-01-05T16:03:06.530Z</time>
      </trkpt>
      <trkpt lat="55.803185" lon="37.755767">
        <ele>152.956530</ele>
        <time>2026-01-05T16:03:07.150Z</time>
      </trkpt>
      <trkpt lat="55.803347" lon="37.756396">
        <ele>153.160683</ele>
        <time>2026-01-05T16:03:11.812Z</time>
      </trkpt>
      <trkpt lat="55.804102" lon="37.759236">
        <ele>154.596206</ele>
        <time>2026-01-05T16:03:38.285Z</time>
      </trkpt>
      <trkpt lat="55.804653" lon="37.761306">
        <ele>155.655583</ele>
        <time>2026-01-05T16:03:57.589Z</time>
      </trkpt>
      <trkpt lat="55.804709" lon="37.761516">
        <ele>155.763092</ele>
        <time>2026-01-05T16:03:59.354Z</time>
      </trkpt>
      <trkpt lat="55.804894" lon="37.762209">
        <ele>156.056060</ele>
        <time>2026-01-05T16:04:04.942Z</time>
      </trkpt>
      <trkpt lat="55.806778" lon="37.769240">
        <ele>158.294882</ele>
        <time>2026-01-05T16:05:02.092Z</time>
      </trkpt>
      <trkpt lat="55.807355" lon="37.771413">
        <ele>159.262160</ele>
        <time>2026-01-05T16:05:25.714Z</time>
      </trkpt>
      <trkpt lat="55.807505" lon="37.771968">
        <ele>159.318720</ele>
        <time>2026-01-05T16:05:30.203Z</time>
      </trkpt>
      <trkpt lat="55.807802" lon="37.773058">
        <ele>159.429971</ele>
        <time>2026-01-05T16:05:37.375Z</time>
      </trkpt>
      <trkpt lat="55.808391" lon="37.775260">
        <ele>159.094982</ele>
        <time>2026-01-05T16:05:50.753Z</time>
      </trkpt>
      <trkpt lat="55.808700" lon="37.776417">
        <ele>158.836601</ele>
        <time>2026-01-05T16:06:00.264Z</time>
      </trkpt>
      <trkpt lat="55.809190" lon="37.778372">
        <ele>158.998937</ele>
        <time>2026-01-05T16:06:16.700Z</time>
      </trkpt>
      <trkpt lat="55.809324" lon="37.779072">
        <ele>159.056508</ele>
        <time>2026-01-05T16:06:21.368Z</time>
      </trkpt>
      <trkpt lat="55.809437" lon="37.779828">
        <ele>159.128973</ele>
        <time>2026-01-05T16:06:25.814Z</time>
      </trkpt>
      <trkpt lat="55.809553" lon="37.780606">
        <ele>159.212493</ele>
        <time>2026-01-05T16:06:30.359Z</time>
      </trkpt>
      <trkpt lat="55.809680" lon="37.781962">
        <ele>159.355133</ele>
        <time>2026-01-05T16:06:40.716Z</time>
      </trkpt>
      <trkpt lat="55.809721" lon="37.782795">
        <ele>159.576875</ele>
        <time>2026-01-05T16:06:48.005Z</time>
      </trkpt>
      <trkpt lat="55.809784" lon="37.785622">
        <ele>161.331637</ele>
        <time>2026-01-05T16:07:12.935Z</time>
      </trkpt>
      <trkpt lat="55.809884" lon="37.789346">
        <ele>163.216902</ele>
        <time>2026-01-05T16:07:43.580Z</time>
      </trkpt>
      <trkpt lat="55.809910" lon="37.790289">
        <ele>163.604605</ele>
        <time>2026-01-05T16:07:51.042Z</time>
      </trkpt>
      <trkpt lat="55.809953" lon="37.791778">
        <ele>164.216862</ele>
        <time>2026-01-05T16:08:02.461Z</time>
      </trkpt>
      <trkpt lat="55.810007" lon="37.793520">
        <ele>165.343905</ele>
        <time>2026-01-05T16:08:17.425Z</time>
      </trkpt>
      <trkpt lat="55.810081" lon="37.796356">
        <ele>166.522486</ele>
        <time>2026-01-05T16:08:44.359Z</time>
      </trkpt>
      <trkpt lat="55.810234" lon="37.801456">
        <ele>164.622581</ele>
        <time>2026-01-05T16:09:12.270Z</time>
      </trkpt>
      <trkpt lat="55.810339" lon="37.804957">
        <ele>163.075327</ele>
        <time>2026-01-05T16:09:31.625Z</time>
      </trkpt>
      <trkpt lat="55.810420" lon="37.808240">
        <ele>163.533071</ele>
        <time>2026-01-05T16:09:57.387Z</time>
      </trkpt>
      <trkpt lat="55.810445" lon="37.809190">
        <ele>162.772184</ele>
        <time>2026-01-05T16:10:03.348Z</time>
      </trkpt>
      <trkpt lat="55.810498" lon="37.810650">
        <ele>161.601666</ele>
        <time>2026-01-05T16:10:10.297Z</time>
      </trkpt>
      <trkpt lat="55.810573" lon="37.811691">
        <ele>160.753450</ele>
        <time>2026-01-05T16:10:15.467Z</time>
      </trkpt>
      <trkpt lat="55.810838" lon="37.813864">
        <ele>158.926212</ele>
        <time>2026-01-05T16:10:27.058Z</time>
      </trkpt>
      <trkpt lat="55.810919" lon="37.814532">
        <ele>158.383277</ele>
        <time>2026-01-05T16:10:30.888Z</time>
      </trkpt>
      <trkpt lat="55.811073" lon="37.815793">
        <ele>157.564068</ele>
        <time>2026-01-05T16:10:37.727Z</time>
      </trkpt>
      <trkpt lat="55.811167" lon="37.816568">
        <ele>157.060745</ele>
        <time>2026-01-05T16:10:41.824Z</time>
      </trkpt>
      <trkpt lat="55.811449" lon="37.818671">
        <ele>156.199357</ele>
        <time>2026-01-05T16:10:54.193Z</time>
      </trkpt>
      <trkpt lat="55.811650" lon="37.820168">
        <ele>155.909883</ele>
        <time>2026-01-05T16:11:04.402Z</time>
      </trkpt>
      <trkpt lat="55.812164" lon="37.824068">
        <ele>155.550183</ele>
        <time>2026-01-05T16:11:29.551Z</time>
      </trkpt>
      <trkpt lat="55.812223" lon="37.824515">
        <ele>155.633367</ele>
        <time>2026-01-05T16:11:32.638Z</time>
      </trkpt>
      <trkpt lat="55.812478" lon="37.826450">
        <ele>155.993425</ele>
        <time>2026-01-05T16:11:47.729Z</time>
      </trkpt>
      <trkpt lat="55.812775" lon="37.828727">
        <ele>156.614565</ele>
        <time>2026-01-05T16:12:05.606Z</time>
      </trkpt>
      <trkpt lat="55.812848" lon="37.829280">
        <ele>156.777503</ele>
        <time>2026-01-05T16:12:09.856Z</time>
      </trkpt>
      <trkpt lat="55.812973" lon="37.830303">
        <ele>157.152942</ele>
        <time>2026-01-05T16:12:17.550Z</time>
      </trkpt>
      <trkpt lat="55.813105" lon="37.831380">
        <ele>157.760326</ele>
        <time>2026-01-05T16:12:26.182Z</time>
      </trkpt>
      <trkpt lat="55.813115" lon="37.831472">
        <ele>157.811958</ele>
        <time>2026-01-05T16:12:26.976Z</time>
      </trkpt>
      <trkpt lat="55.813252" lon="37.833332">
        <ele>158.863710</ele>
        <time>2026-01-05T16:12:44.079Z</time>
      </trkpt>
      <trkpt lat="55.813309" lon="37.834220">
        <ele>159.460423</ele>
        <time>2026-01-05T16:12:52.000Z</time>
      </trkpt>
      <trkpt lat="55.813401" lon="37.835534">
        <ele>160.344473</ele>
        <time>2026-01-05T16:13:03.628Z</time>
      </trkpt>
      <trkpt lat="55.813496" lon="37.836313">
        <ele>160.876664</ele>
        <time>2026-01-05T16:13:10.306Z</time>
      </trkpt>
      <trkpt lat="55.813690" lon="37.837901">
        <ele>162.580044</ele>
        <time>2026-01-05T16:13:24.690Z</time>
      </trkpt>
      <trkpt lat="55.813699" lon="37.837957">
        <ele>162.641521</ele>
        <time>2026-01-05T16:13:25.225Z</time>
      </trkpt>
      <trkpt lat="55.813927" lon="37.839734">
        <ele>164.538663</ele>
        <time>2026-01-05T16:13:46.037Z</time>
      </trkpt>
      <trkpt lat="55.813946" lon="37.839867">
        <ele>164.670152</ele>
        <time>2026-01-05T16:13:47.673Z</time>
      </trkpt>
      <trkpt lat="55.814010" lon="37.840325">
        <ele>165.122352</ele>
        <time>2026-01-05T16:13:52.916Z</time>
      </trkpt>
      <trkpt lat="55.814067" lon="37.840685">
        <ele>165.480718</ele>
        <time>2026-01-05T16:13:57.017Z</time>
      </trkpt>
      <trkpt lat="55.814231" lon="37.841517">
        <ele>166.325527</ele>
        <time>2026-01-05T16:14:05.751Z</time>
      </trkpt>
      <trkpt lat="55.814374" lon="37.842060">
        <ele>166.900109</ele>
        <time>2026-01-05T16:14:10.912Z</time>
      </trkpt>
      <trkpt lat="55.814492" lon="37.842450">
        <ele>167.324517</ele>
        <time>2026-01-05T16:14:14.323Z</time>
      </trkpt>
      <trkpt lat="55.814613" lon="37.842845">
        <ele>167.589028</ele>
        <time>2026-01-05T16:14:17.457Z</time>
      </trkpt>
      <trkpt lat="55.814861" lon="37.843522">
        <ele>168.050870</ele>
        <time>2026-01-05T16:14:23.265Z</time>
      </trkpt>
      <trkpt lat="55.814991" lon="37.843871">
        <ele>168.290156</ele>
        <time>2026-01-05T16:14:26.626Z</time>
      </trkpt>
      <trkpt lat="55.815184" lon="37.844361">
        <ele>168.632119</ele>
        <time>2026-01-05T16:14:31.930Z</time>
      </trkpt>
      <trkpt lat="55.815460" lon="37.844997">
        <ele>169.091347</ele>
        <time>2026-01-05T16:14:39.687Z</time>
      </trkpt>
      <trkpt lat="55.816459" lon="37.847533">
        <ele>171.737120</ele>
        <time>2026-01-05T16:15:10.059Z</time>
      </trkpt>
      <trkpt lat="55.817881" lon="37.850888">
        <ele>173.686976</ele>
        <time>2026-01-05T16:15:43.711Z</time>
      </trkpt>
      <trkpt lat="55.817949" lon="37.851092">
        <ele>173.753617</ele>
        <time>2026-01-05T16:15:45.645Z</time>
      </trkpt>
      <trkpt lat="55.818204" lon="37.851968">
        <ele>174.030799</ele>
        <time>2026-01-05T16:15:53.565Z</time>
      </trkpt>
      <trkpt lat="55.818655" lon="37.853689">
        <ele>174.322156</ele>
        <time>2026-01-05T16:16:06.598Z</time>
      </trkpt>
      <trkpt lat="55.819188" lon="37.855854">
        <ele>174.140747</ele>
        <time>2026-01-05T16:16:20.828Z</time>
      </trkpt>
      <trkpt lat="55.819747" lon="37.857950">
        <ele>174.181743</ele>
        <time>2026-01-05T16:16:38.726Z</time>
      </trkpt>
      <trkpt lat="55.819830" lon="37.858278">
        <ele>174.190628</ele>
        <time>2026-01-05T16:16:41.159Z</time>
      </trkpt>
      <trkpt lat="55.820025" lon="37.859047">
        <ele>174.109226</ele>
        <time>2026-01-05T16:16:46.100Z</time>
      </trkpt>
      <trkpt lat="55.820424" lon="37.860627">
        <ele>173.054046</ele>
        <time>2026-01-05T16:16:55.208Z</time>
      </trkpt>
      <trkpt lat="55.821227" lon="37.864021">
        <ele>170.731367</ele>
        <time>2026-01-05T16:17:15.368Z</time>
      </trkpt>
      <trkpt lat="55.821659" lon="37.865960">
        <ele>169.051949</ele>
        <time>2026-01-05T16:17:26.188Z</time>
      </trkpt>
      <trkpt lat="55.822175" lon="37.869172">
        <ele>165.715740</ele>
        <time>2026-01-05T16:17:43.056Z</time>
      </trkpt>
      <trkpt lat="55.822231" lon="37.869530">
        <ele>165.299825</ele>
        <time>2026-01-05T16:17:44.890Z</time>
      </trkpt>
      <trkpt lat="55.822288" lon="37.869890">
        <ele>164.881217</ele>
        <time>2026-01-05T16:17:46.728Z</time>
      </trkpt>
      <trkpt lat="55.822680" lon="37.872379">
        <ele>162.128727</ele>
        <time>2026-01-05T16:17:59.169Z</time>
      </trkpt>
      <trkpt lat="55.822752" lon="37.872826">
        <ele>161.651109</ele>
        <time>2026-01-05T16:18:01.421Z</time>
      </trkpt>
      <trkpt lat="55.823050" lon="37.874721">
        <ele>160.315512</ele>
        <time>2026-01-05T16:18:11.956Z</time>
      </trkpt>
      <trkpt lat="55.823314" lon="37.876383">
        <ele>160.104150</ele>
        <time>2026-01-05T16:18:24.569Z</time>
      </trkpt>
      <trkpt lat="55.823499" lon="37.877657">
        <ele>159.756913</ele>
        <time>2026-01-05T16:18:33.110Z</time>
      </trkpt>
      <trkpt lat="55.823606" lon="37.878413">
        <ele>159.419136</ele>
        <time>2026-01-05T16:18:37.628Z</time>
      </trkpt>
      <trkpt lat="55.824046" lon="37.881224">
        <ele>158.286940</ele>
        <time>2026-01-05T16:18:53.386Z</time>
      </trkpt>
      <trkpt lat="55.824114" lon="37.881608">
        <ele>158.161074</ele>
        <time>2026-01-05T16:18:55.812Z</time>
      </trkpt>
      <trkpt lat="55.824917" lon="37.886359">
        <ele>157.160839</ele>
        <time>2026-01-05T16:19:27.274Z</time>
      </trkpt>
      <trkpt lat="55.825151" lon="37.887854">
        <ele>156.766554</ele>
        <time>2026-01-05T16:19:36.094Z</time>
      </trkpt>
      <trkpt lat="55.825539" lon="37.890330">
        <ele>156.141513</ele>
        <time>2026-01-05T16:19:52.113Z</time>
      </trkpt>
      <trkpt lat="55.825670" lon="37.891145">
        <ele>155.950502</ele>
        <time>2026-01-05T16:19:57.706Z</time>
      </trkpt>
      <trkpt lat="55.825716" lon="37.891425">
        <ele>155.884768</ele>
        <time>2026-01-05T16:19:59.515Z</time>
      </trkpt>
      <trkpt lat="55.825734" lon="37.891536">
        <ele>155.858735</ele>
        <time>2026-01-05T16:20:00.194Z</time>
      </trkpt>
      <trkpt lat="55.825864" lon="37.892341">
        <ele>155.670001</ele>
        <time>2026-01-05T16:20:05.026Z</time>
      </trkpt>
      <trkpt lat="55.826377" lon="37.895522">
        <ele>154.586828</ele>
        <time>2026-01-05T16:20:23.206Z</time>
      </trkpt>
      <trkpt lat="55.826504" lon="37.896306">
        <ele>155.407955</ele>
        <time>2026-01-05T16:20:31.044Z</time>
      </trkpt>
      <trkpt lat="55.826690" lon="37.897487">
        <ele>156.697847</ele>
        <time>2026-01-05T16:20:45.117Z</time>
      </trkpt>
      <trkpt lat="55.826886" lon="37.898663">
        <ele>157.940337</ele>
        <time>2026-01-05T16:20:59.447Z</time>
      </trkpt>
      <trkpt lat="55.827027" lon="37.899501">
        <ele>157.828445</ele>
        <time>2026-01-05T16:21:07.132Z</time>
      </trkpt>
      <trkpt lat="55.827179" lon="37.900403">
        <ele>157.707993</ele>
        <time>2026-01-05T16:21:12.892Z</time>
      </trkpt>
      <trkpt lat="55.827230" lon="37.900706">
        <ele>157.667534</ele>
        <time>2026-01-05T16:21:14.584Z</time>
      </trkpt>
      <trkpt lat="55.827304" lon="37.901173">
        <ele>157.605471</ele>
        <time>2026-01-05T16:21:17.042Z</time>
      </trkpt>
      <trkpt lat="55.827483" lon="37.902301">
        <ele>157.503035</ele>
        <time>2026-01-05T16:21:22.839Z</time>
      </trkpt>
      <trkpt lat="55.827505" lon="37.902441">
        <ele>157.495429</ele>
        <time>2026-01-05T16:21:23.591Z</time>
      </trkpt>
      <trkpt lat="55.827648" lon="37.903321">
        <ele>157.447497</ele>
        <time>2026-01-05T16:21:28.654Z</time>
      </trkpt>
      <trkpt lat="55.827886" lon="37.904823">
        <ele>157.406079</ele>
        <time>2026-01-05T16:21:41.905Z</time>
      </trkpt>
      <trkpt lat="55.828097" lon="37.906160">
        <ele>158.493549</ele>
        <time>2026-01-05T16:21:57.091Z</time>
      </trkpt>
      <trkpt lat="55.828404" lon="37.908105">
        <ele>159.875084</ele>
        <time>2026-01-05T16:22:14.632Z</time>
      </trkpt>
      <trkpt lat="55.828546" lon="37.909003">
        <ele>159.872199</ele>
        <time>2026-01-05T16:22:20.677Z</time>
      </trkpt>
      <trkpt lat="55.828722" lon="37.910116">
        <ele>159.868625</ele>
        <time>2026-01-05T16:22:27.828Z</time>
      </trkpt>
      <trkpt lat="55.828820" lon="37.910737">
        <ele>159.866630</ele>
        <time>2026-01-05T16:22:31.784Z</time>
      </trkpt>
      <trkpt lat="55.829017" lon="37.911987">
        <ele>159.624164</ele>
        <time>2026-01-05T16:22:39.936Z</time>
      </trkpt>
      <trkpt lat="55.829151" lon="37.912834">
        <ele>159.428089</ele>
        <time>2026-01-05T16:22:45.381Z</time>
      </trkpt>
      <trkpt lat="55.829231" lon="37.913335">
        <ele>159.312032</ele>
        <time>2026-01-05T16:22:48.529Z</time>
      </trkpt>
      <trkpt lat="55.829238" lon="37.913377">
        <ele>159.302270</ele>
        <time>2026-01-05T16:22:48.792Z</time>
      </trkpt>
      <trkpt lat="55.829256" lon="37.913490">
        <ele>159.276098</ele>
        <time>2026-01-05T16:22:49.500Z</time>
      </trkpt>
      <trkpt lat="55.829395" lon="37.914356">
        <ele>159.015161</ele>
        <time>2026-01-05T16:22:54.816Z</time>
      </trkpt>
      <trkpt lat="55.829699" lon="37.916259">
        <ele>158.229398</ele>
        <time>2026-01-05T16:23:06.039Z</time>
      </trkpt>
      <trkpt lat="55.829707" lon="37.916304">
        <ele>158.210652</ele>
        <time>2026-01-05T16:23:06.301Z</time>
      </trkpt>
      <trkpt lat="55.829846" lon="37.917121">
        <ele>157.871453</ele>
        <time>2026-01-05T16:23:11.084Z</time>
      </trkpt>
      <trkpt lat="55.829859" lon="37.917198">
        <ele>157.838932</ele>
        <time>2026-01-05T16:23:11.559Z</time>
      </trkpt>
      <trkpt lat="55.830008" lon="37.918126">
        <ele>157.448549</ele>
        <time>2026-01-05T16:23:17.346Z</time>
      </trkpt>
      <trkpt lat="55.830075" lon="37.918535">
        <ele>157.276228</ele>
        <time>2026-01-05T16:23:19.816Z</time>
      </trkpt>
      <trkpt lat="55.830233" lon="37.919485">
        <ele>156.875492</ele>
        <time>2026-01-05T16:23:25.347Z</time>
      </trkpt>
      <trkpt lat="55.830549" lon="37.921405">
        <ele>156.121486</ele>
        <time>2026-01-05T16:23:36.804Z</time>
      </trkpt>
      <trkpt lat="55.830590" lon="37.921674">
        <ele>156.020745</ele>
        <time>2026-01-05T16:23:38.314Z</time>
      </trkpt>
      <trkpt lat="55.830610" lon="37.921816">
        <ele>155.967833</ele>
        <time>2026-01-05T16:23:39.126Z</time>
      </trkpt>
      <trkpt lat="55.830628" lon="37.921937">
        <ele>155.922592</ele>
        <time>2026-01-05T16:23:39.813Z</time>
      </trkpt>
      <trkpt lat="55.831008" lon="37.924824">
        <ele>155.248392</ele>
        <time>2026-01-05T16:23:57.874Z</time>
      </trkpt>
      <trkpt lat="55.831606" lon="37.929705">
        <ele>154.930829</ele>
        <time>2026-01-05T16:24:30.889Z</time>
      </trkpt>
      <trkpt lat="55.831626" lon="37.929868">
        <ele>154.914513</ele>
        <time>2026-01-05T16:24:31.949Z</time>
      </trkpt>
      <trkpt lat="55.831707" lon="37.930534">
        <ele>154.847876</ele>
        <time>2026-01-05T16:24:36.122Z</time>
      </trkpt>
      <trkpt lat="55.831852" lon="37.931681">
        <ele>154.732906</ele>
        <time>2026-01-05T16:24:43.422Z</time>
      </trkpt>
      <trkpt lat="55.831892" lon="37.932001">
        <ele>154.700848</ele>
        <time>2026-01-05T16:24:45.511Z</time>
      </trkpt>
      <trkpt lat="55.831926" lon="37.932277">
        <ele>154.673217</ele>
        <time>2026-01-05T16:24:47.432Z</time>
      </trkpt>
      <trkpt lat="55.832030" lon="37.933081">
        <ele>154.546377</ele>
        <time>2026-01-05T16:24:53.218Z</time>
      </trkpt>
      <trkpt lat="55.832290" lon="37.935010">
        <ele>154.146088</ele>
        <time>2026-01-05T16:25:05.407Z</time>
      </trkpt>
      <trkpt lat="55.832590" lon="37.936848">
        <ele>153.386237</ele>
        <time>2026-01-05T16:25:16.431Z</time>
      </trkpt>
      <trkpt lat="55.832866" lon="37.938314">
        <ele>152.567089</ele>
        <time>2026-01-05T16:25:24.738Z</time>
      </trkpt>
      <trkpt lat="55.833106" lon="37.939509">
        <ele>151.939755</ele>
        <time>2026-01-05T16:25:31.670Z</time>
      </trkpt>
      <trkpt lat="55.833224" lon="37.940088">
        <ele>151.650328</ele>
        <time>2026-01-05T16:25:35.086Z</time>
      </trkpt>
      <trkpt lat="55.833344" lon="37.940661">
        <ele>151.362970</ele>
        <time>2026-01-05T16:25:38.490Z</time>
      </trkpt>
      <trkpt lat="55.833636" lon="37.942037">
        <ele>150.625868</ele>
        <time>2026-01-05T16:25:47.343Z</time>
      </trkpt>
      <trkpt lat="55.833808" lon="37.942722">
        <ele>150.134077</ele>
        <time>2026-01-05T16:25:51.481Z</time>
      </trkpt>
      <trkpt lat="55.834036" lon="37.943480">
        <ele>149.570503</ele>
        <time>2026-01-05T16:25:56.040Z</time>
      </trkpt>
      <trkpt lat="55.834063" lon="37.943556">
        <ele>149.511561</ele>
        <time>2026-01-05T16:25:56.515Z</time>
      </trkpt>
      <trkpt lat="55.834284" lon="37.944164">
        <ele>149.036888</ele>
        <time>2026-01-05T16:26:00.366Z</time>
      </trkpt>
      <trkpt lat="55.834393" lon="37.944464">
        <ele>148.802704</ele>
        <time>2026-01-05T16:26:02.154Z</time>
      </trkpt>
      <trkpt lat="55.834544" lon="37.944801">
        <ele>148.697165</ele>
        <time>2026-01-05T16:26:04.249Z</time>
      </trkpt>
      <trkpt lat="55.834842" lon="37.945147">
        <ele>148.717349</ele>
        <time>2026-01-05T16:26:07.420Z</time>
      </trkpt>
      <trkpt lat="55.835326" lon="37.945448">
        <ele>148.746436</ele>
        <time>2026-01-05T16:26:13.536Z</time>
      </trkpt>
      <trkpt lat="55.835603" lon="37.945579">
        <ele>148.762697</ele>
        <time>2026-01-05T16:26:17.833Z</time>
      </trkpt>
      <trkpt lat="55.836306" lon="37.945859">
        <ele>149.140031</ele>
        <time>2026-01-05T16:26:29.428Z</time>
      </trkpt>
      <trkpt lat="55.836767" lon="37.946060">
        <ele>149.888243</ele>
        <time>2026-01-05T16:26:38.738Z</time>
      </trkpt>
      <trkpt lat="55.837356" lon="37.946390">
        <ele>150.861647</ele>
        <time>2026-01-05T16:26:49.533Z</time>
      </trkpt>
      <trkpt lat="55.837572" lon="37.946519">
        <ele>151.220800</ele>
        <time>2026-01-05T16:26:52.780Z</time>
      </trkpt>
      <trkpt lat="55.838060" lon="37.946853">
        <ele>151.858288</ele>
        <time>2026-01-05T16:27:00.909Z</time>
      </trkpt>
      <trkpt lat="55.839175" lon="37.947686">
        <ele>152.914110</ele>
        <time>2026-01-05T16:27:18.669Z</time>
      </trkpt>
      <trkpt lat="55.840108" lon="37.948572">
        <ele>153.558336</ele>
        <time>2026-01-05T16:27:33.418Z</time>
      </trkpt>
      <trkpt lat="55.840774" lon="37.949434">
        <ele>153.963941</ele>
        <time>2026-01-05T16:27:43.993Z</time>
      </trkpt>
      <trkpt lat="55.841377" lon="37.950479">
        <ele>154.227262</ele>
        <time>2026-01-05T16:27:55.058Z</time>
      </trkpt>
      <trkpt lat="55.842133" lon="37.951935">
        <ele>154.494951</ele>
        <time>2026-01-05T16:28:09.205Z</time>
      </trkpt>
      <trkpt lat="55.842267" lon="37.952194">
        <ele>154.506487</ele>
        <time>2026-01-05T16:28:11.552Z</time>
      </trkpt>
      <trkpt lat="55.842408" lon="37.952466">
        <ele>154.489594</ele>
        <time>2026-01-05T16:28:13.961Z</time>
      </trkpt>
      <trkpt lat="55.843132" lon="37.953873">
        <ele>154.402507</ele>
        <time>2026-01-05T16:28:25.773Z</time>
      </trkpt>
      <trkpt lat="55.843382" lon="37.954358">
        <ele>154.372464</ele>
        <time>2026-01-05T16:28:30.133Z</time>
      </trkpt>
      <trkpt lat="55.843842" lon="37.955242">
        <ele>154.680968</ele>
        <time>2026-01-05T16:28:39.214Z</time>
      </trkpt>
      <trkpt lat="55.844874" lon="37.957225">
        <ele>155.324512</ele>
        <time>2026-01-05T16:29:00.040Z</time>
      </trkpt>
      <trkpt lat="55.845098" lon="37.957655">
        <ele>155.396377</ele>
        <time>2026-01-05T16:29:04.211Z</time>
      </trkpt>
      <trkpt lat="55.845214" lon="37.957877">
        <ele>155.433532</ele>
        <time>2026-01-05T16:29:06.333Z</time>
      </trkpt>
      <trkpt lat="55.845341" lon="37.958118">
        <ele>155.474027</ele>
        <time>2026-01-05T16:29:08.647Z</time>
      </trkpt>
      <trkpt lat="55.846682" lon="37.960669">
        <ele>155.475955</ele>
        <time>2026-01-05T16:29:32.348Z</time>
      </trkpt>
      <trkpt lat="55.846969" lon="37.961218">
        <ele>155.419145</ele>
        <time>2026-01-05T16:29:36.736Z</time>
      </trkpt>
      <trkpt lat="55.849520" lon="37.966174">
        <ele>153.837335</ele>
        <time>2026-01-05T16:30:16.692Z</time>
      </trkpt>
      <trkpt lat="55.849960" lon="37.967030">
        <ele>154.528357</ele>
        <time>2026-01-05T16:30:25.522Z</time>
      </trkpt>
      <trkpt lat="55.850049" lon="37.967205">
        <ele>154.668948</ele>
        <time>2026-01-05T16:30:27.547Z</time>
      </trkpt>
      <trkpt lat="55.850093" lon="37.967279">
        <ele>154.733126</ele>
        <time>2026-01-05T16:30:28.522Z</time>
      </trkpt>
      <trkpt lat="55.850172" lon="37.967422">
        <ele>154.852578</ele>
        <time>2026-01-05T16:30:30.354Z</time>
      </trkpt>
      <trkpt lat="55.850442" lon="37.967908">
        <ele>155.259673</ele>
        <time>2026-01-05T16:30:36.995Z</time>
      </trkpt>
      <trkpt lat="55.851298" lon="37.969548">
        <ele>156.320300</ele>
        <time>2026-01-05T16:30:58.998Z</time>
      </trkpt>
      <trkpt lat="55.851412" lon="37.969768">
        <ele>156.441737</ele>
        <time>2026-01-05T16:31:01.618Z</time>
      </trkpt>
      <trkpt lat="55.851520" lon="37.969976">
        <ele>156.556656</ele>
        <time>2026-01-05T16:31:03.900Z</time>
      </trkpt>
      <trkpt lat="55.851589" lon="37.970110">
        <ele>156.630408</ele>
        <time>2026-01-05T16:31:05.244Z</time>
      </trkpt>
      <trkpt lat="55.852158" lon="37.971180">
        <ele>156.734521</ele>
        <time>2026-01-05T16:31:13.801Z</time>
      </trkpt>
      <trkpt lat="55.853093" lon="37.972850">
        <ele>155.218734</ele>
        <time>2026-01-05T16:31:26.090Z</time>
      </trkpt>
      <trkpt lat="55.853700" lon="37.973912">
        <ele>154.829692</ele>
        <time>2026-01-05T16:31:34.544Z</time>
      </trkpt>
      <trkpt lat="55.853885" lon="37.974245">
        <ele>154.768799</ele>
        <time>2026-01-05T16:31:37.389Z</time>
      </trkpt>
      <trkpt lat="55.854559" lon="37.975457">
        <ele>154.580080</ele>
        <time>2026-01-05T16:31:49.463Z</time>
      </trkpt>
      <trkpt lat="55.854752" lon="37.975805">
        <ele>154.661632</ele>
        <time>2026-01-05T16:31:53.322Z</time>
      </trkpt>
      <trkpt lat="55.854909" lon="37.976087">
        <ele>154.727843</ele>
        <time>2026-01-05T16:31:56.650Z</time>
      </trkpt>
      <trkpt lat="55.855703" lon="37.977518">
        <ele>155.063267</ele>
        <time>2026-01-05T16:32:11.750Z</time>
      </trkpt>
      <trkpt lat="55.856029" lon="37.978083">
        <ele>154.840267</ele>
        <time>2026-01-05T16:32:16.437Z</time>
      </trkpt>
      <trkpt lat="55.856469" lon="37.978846">
        <ele>154.386416</ele>
        <time>2026-01-05T16:32:22.380Z</time>
      </trkpt>
      <trkpt lat="55.856772" lon="37.979364">
        <ele>154.076021</ele>
        <time>2026-01-05T16:32:26.420Z</time>
      </trkpt>
      <trkpt lat="55.856848" lon="37.979495">
        <ele>153.997857</ele>
        <time>2026-01-05T16:32:27.488Z</time>
      </trkpt>
      <trkpt lat="55.857177" lon="37.980063">
        <ele>153.676237</ele>
        <time>2026-01-05T16:32:32.349Z</time>
      </trkpt>
      <trkpt lat="55.858169" lon="37.981754">
        <ele>152.822779</ele>
        <time>2026-01-05T16:32:46.349Z</time>
      </trkpt>
      <trkpt lat="55.858458" lon="37.982257">
        <ele>152.682890</ele>
        <time>2026-01-05T16:32:50.591Z</time>
      </trkpt>
      <trkpt lat="55.858897" lon="37.983008">
        <ele>152.855236</ele>
        <time>2026-01-05T16:32:58.109Z</time>
      </trkpt>
      <trkpt lat="55.858968" lon="37.983132">
        <ele>152.883391</ele>
        <time>2026-01-05T16:32:59.370Z</time>
      </trkpt>
      <trkpt lat="55.859432" lon="37.983880">
        <ele>153.060591</ele>
        <time>2026-01-05T16:33:08.370Z</time>
      </trkpt>
      <trkpt lat="55.861335" lon="37.986401">
        <ele>153.508989</ele>
        <time>2026-01-05T16:33:38.897Z</time>
      </trkpt>
      <trkpt lat="55.861314" lon="37.986477">
        <ele>153.483771</ele>
        <time>2026-01-05T16:33:39.380Z</time>
      </trkpt>
      <trkpt lat="55.861040" lon="37.987570">
        <ele>153.127410</ele>
        <time>2026-01-05T16:33:46.465Z</time>
      </trkpt>
      <trkpt lat="55.860911" lon="37.988251">
        <ele>152.913446</ele>
        <time>2026-01-05T16:33:50.497Z</time>
      </trkpt>
      <trkpt lat="55.860891" lon="37.988566">
        <ele>152.819075</ele>
        <time>2026-01-05T16:33:52.257Z</time>
      </trkpt>
      <trkpt lat="55.860870" lon="37.989527">
        <ele>152.402160</ele>
        <time>2026-01-05T16:33:57.702Z</time>
      </trkpt>
      <trkpt lat="55.860842" lon="37.990276">
        <ele>151.976698</ele>
        <time>2026-01-05T16:34:01.800Z</time>
      </trkpt>
      <trkpt lat="55.860834" lon="37.990491">
        <ele>151.854572</ele>
        <time>2026-01-05T16:34:02.960Z</time>
      </trkpt>
      <trkpt lat="55.860807" lon="37.990931">
        <ele>151.603700</ele>
        <time>2026-01-05T16:34:05.329Z</time>
      </trkpt>
      <trkpt lat="55.860681" lon="37.991801">
        <ele>151.094441</ele>
        <time>2026-01-05T16:34:10.166Z</time>
      </trkpt>
      <trkpt lat="55.860568" lon="37.992276">
        <ele>150.830901</ele>
        <time>2026-01-05T16:34:12.985Z</time>
      </trkpt>
      <trkpt lat="55.860513" lon="37.992553">
        <ele>150.746248</ele>
        <time>2026-01-05T16:34:14.605Z</time>
      </trkpt>
      <trkpt lat="55.859966" lon="37.994588">
        <ele>150.096172</ele>
        <time>2026-01-05T16:34:27.800Z</time>
      </trkpt>
      <trkpt lat="55.859819" lon="37.995561">
        <ele>150.077800</ele>
        <time>2026-01-05T16:34:34.672Z</time>
      </trkpt>
      <trkpt lat="55.859719" lon="37.996468">
        <ele>150.362091</ele>
        <time>2026-01-05T16:34:41.361Z</time>
      </trkpt>
      <trkpt lat="55.859583" lon="37.998232">
        <ele>150.909726</ele>
        <time>2026-01-05T16:34:55.732Z</time>
      </trkpt>
      <trkpt lat="55.859347" lon="38.001227">
        <ele>152.666227</ele>
        <time>2026-01-05T16:35:22.677Z</time>
      </trkpt>
      <trkpt lat="55.859315" lon="38.002049">
        <ele>152.800621</ele>
        <time>2026-01-05T16:35:28.938Z</time>
      </trkpt>
      <trkpt lat="55.859325" lon="38.003650">
        <ele>152.809831</ele>
        <time>2026-01-05T16:35:38.856Z</time>
      </trkpt>
      <trkpt lat="55.859324" lon="38.005461">
        <ele>153.155119</ele>
        <time>2026-01-05T16:35:49.975Z</time>
      </trkpt>
      <trkpt lat="55.859383" lon="38.011901">
        <ele>156.443102</ele>
        <time>2026-01-05T16:36:46.349Z</time>
      </trkpt>
      <trkpt lat="55.859390" lon="38.012153">
        <ele>156.510811</ele>
        <time>2026-01-05T16:36:48.323Z</time>
      </trkpt>
      <trkpt lat="55.859439" lon="38.014040">
        <ele>157.017741</ele>
        <time>2026-01-05T16:37:01.540Z</time>
      </trkpt>
      <trkpt lat="55.859582" lon="38.019536">
        <ele>157.514320</ele>
        <time>2026-01-05T16:37:38.460Z</time>
      </trkpt>
      <trkpt lat="55.859628" lon="38.021312">
        <ele>157.744750</ele>
        <time>2026-01-05T16:37:53.323Z</time>
      </trkpt>
      <trkpt lat="55.859728" lon="38.025170">
        <ele>157.657880</ele>
        <time>2026-01-05T16:38:17.961Z</time>
      </trkpt>
      <trkpt lat="55.859735" lon="38.025366">
        <ele>157.622044</ele>
        <time>2026-01-05T16:38:19.109Z</time>
      </trkpt>
      <trkpt lat="55.859763" lon="38.026502">
        <ele>157.414560</ele>
        <time>2026-01-05T16:38:25.885Z</time>
      </trkpt>
      <trkpt lat="55.859792" lon="38.027602">
        <ele>157.171021</ele>
        <time>2026-01-05T16:38:32.660Z</time>
      </trkpt>
      <trkpt lat="55.859822" lon="38.028715">
        <ele>156.878485</ele>
        <time>2026-01-05T16:38:39.568Z</time>
      </trkpt>
      <trkpt lat="55.859846" lon="38.029812">
        <ele>156.590268</ele>
        <time>2026-01-05T16:38:46.229Z</time>
      </trkpt>
      <trkpt lat="55.859870" lon="38.030935">
        <ele>156.118232</ele>
        <time>2026-01-05T16:38:52.622Z</time>
      </trkpt>
      <trkpt lat="55.859895" lon="38.032048">
        <ele>155.528495</ele>
        <time>2026-01-05T16:38:58.579Z</time>
      </trkpt>
      <trkpt lat="55.859898" lon="38.032554">
        <ele>155.260585</ele>
        <time>2026-01-05T16:39:01.239Z</time>
      </trkpt>
      <trkpt lat="55.859906" lon="38.033712">
        <ele>154.758520</ele>
        <time>2026-01-05T16:39:07.749Z</time>
      </trkpt>
      <trkpt lat="55.859933" lon="38.034303">
        <ele>154.723338</ele>
        <time>2026-01-05T16:39:11.216Z</time>
      </trkpt>
      <trkpt lat="55.860076" lon="38.034816">
        <ele>154.689353</ele>
        <time>2026-01-05T16:39:14.847Z</time>
      </trkpt>
      <trkpt lat="55.860630" lon="38.036077">
        <ele>154.594336</ele>
        <time>2026-01-05T16:39:26.428Z</time>
      </trkpt>
      <trkpt lat="55.860968" lon="38.036932">
        <ele>154.547201</ele>
        <time>2026-01-05T16:39:33.645Z</time>
      </trkpt>
      <trkpt lat="55.861149" lon="38.037500">
        <ele>154.519986</ele>
        <time>2026-01-05T16:39:37.868Z</time>
      </trkpt>
      <trkpt lat="55.861305" lon="38.038218">
        <ele>154.487906</ele>
        <time>2026-01-05T16:39:42.729Z</time>
      </trkpt>
      <trkpt lat="55.861445" lon="38.039252">
        <ele>154.436714</ele>
        <time>2026-01-05T16:39:49.302Z</time>
      </trkpt>
      <trkpt lat="55.861523" lon="38.040210">
        <ele>154.343641</ele>
        <time>2026-01-05T16:39:55.402Z</time>
      </trkpt>
      <trkpt lat="55.861520" lon="38.041260">
        <ele>154.242686</ele>
        <time>2026-01-05T16:40:02.327Z</time>
      </trkpt>
      <trkpt lat="55.861443" lon="38.042524">
        <ele>154.073812</ele>
        <time>2026-01-05T16:40:10.764Z</time>
      </trkpt>
      <trkpt lat="55.861432" lon="38.042723">
        <ele>154.010312</ele>
        <time>2026-01-05T16:40:12.070Z</time>
      </trkpt>
      <trkpt lat="55.861303" lon="38.044799">
        <ele>153.347029</ele>
        <time>2026-01-05T16:40:24.373Z</time>
      </trkpt>
      <trkpt lat="55.861221" lon="38.046101">
        <ele>152.821661</ele>
        <time>2026-01-05T16:40:31.465Z</time>
      </trkpt>
      <trkpt lat="55.861159" lon="38.047178">
        <ele>152.282055</ele>
        <time>2026-01-05T16:40:37.319Z</time>
      </trkpt>
      <trkpt lat="55.861146" lon="38.047402">
        <ele>152.169815</ele>
        <time>2026-01-05T16:40:38.555Z</time>
      </trkpt>
      <trkpt lat="55.861124" lon="38.047711">
        <ele>152.014571</ele>
        <time>2026-01-05T16:40:40.297Z</time>
      </trkpt>
      <trkpt lat="55.861106" lon="38.048030">
        <ele>151.854776</ele>
        <time>2026-01-05T16:40:42.118Z</time>
      </trkpt>
      <trkpt lat="55.860927" lon="38.051076">
        <ele>150.870947</ele>
        <time>2026-01-05T16:41:00.290Z</time>
      </trkpt>
      <trkpt lat="55.860898" lon="38.051586">
        <ele>150.731258</ele>
        <time>2026-01-05T16:41:03.380Z</time>
      </trkpt>
      <trkpt lat="55.860738" lon="38.054108">
        <ele>150.234333</ele>
        <time>2026-01-05T16:41:19.017Z</time>
      </trkpt>
      <trkpt lat="55.860574" lon="38.056706">
        <ele>149.610483</ele>
        <time>2026-01-05T16:41:35.351Z</time>
      </trkpt>
      <trkpt lat="55.860524" lon="38.057217">
        <ele>149.470904</ele>
        <time>2026-01-05T16:41:38.351Z</time>
      </trkpt>
      <trkpt lat="55.860408" lon="38.057946">
        <ele>149.267004</ele>
        <time>2026-01-05T16:41:42.662Z</time>
      </trkpt>
      <trkpt lat="55.860182" lon="38.058856">
        <ele>149.178439</ele>
        <time>2026-01-05T16:41:48.313Z</time>
      </trkpt>
      <trkpt lat="55.859960" lon="38.059594">
        <ele>149.160461</ele>
        <time>2026-01-05T16:41:53.225Z</time>
      </trkpt>
      <trkpt lat="55.855919" lon="38.069773">
        <ele>148.991943</ele>
        <time>2026-01-05T16:43:18.136Z</time>
      </trkpt>
      <trkpt lat="55.855447" lon="38.070786">
        <ele>148.836143</ele>
        <time>2026-01-05T16:43:26.171Z</time>
      </trkpt>
      <trkpt lat="55.854986" lon="38.071581">
        <ele>148.704752</ele>
        <time>2026-01-05T16:43:33.060Z</time>
      </trkpt>
      <trkpt lat="55.853300" lon="38.074479">
        <ele>148.344592</ele>
        <time>2026-01-05T16:43:59.916Z</time>
      </trkpt>
      <trkpt lat="55.853051" lon="38.075020">
        <ele>148.315898</ele>
        <time>2026-01-05T16:44:04.465Z</time>
      </trkpt>
      <trkpt lat="55.852864" lon="38.075559">
        <ele>148.289910</ele>
        <time>2026-01-05T16:44:08.609Z</time>
      </trkpt>
      <trkpt lat="55.852391" lon="38.077717">
        <ele>148.294501</ele>
        <time>2026-01-05T16:44:23.877Z</time>
      </trkpt>
      <trkpt lat="55.852266" lon="38.078204">
        <ele>148.300909</ele>
        <time>2026-01-05T16:44:27.448Z</time>
      </trkpt>
      <trkpt lat="55.852107" lon="38.078706">
        <ele>148.307805</ele>
        <time>2026-01-05T16:44:31.361Z</time>
      </trkpt>
      <trkpt lat="55.851768" lon="38.079465">
        <ele>148.470073</ele>
        <time>2026-01-05T16:44:38.222Z</time>
      </trkpt>
      <trkpt lat="55.851434" lon="38.080042">
        <ele>148.644793</ele>
        <time>2026-01-05T16:44:44.389Z</time>
      </trkpt>
      <trkpt lat="55.850557" lon="38.081198">
        <ele>149.036345</ele>
        <time>2026-01-05T16:44:58.895Z</time>
      </trkpt>
      <trkpt lat="55.849575" lon="38.082494">
        <ele>149.374043</ele>
        <time>2026-01-05T16:45:14.589Z</time>
      </trkpt>
      <trkpt lat="55.849225" lon="38.082969">
        <ele>149.484204</ele>
        <time>2026-01-05T16:45:20.085Z</time>
      </trkpt>
      <trkpt lat="55.849110" lon="38.083218">
        <ele>149.489684</ele>
        <time>2026-01-05T16:45:22.350Z</time>
      </trkpt>
      <trkpt lat="55.848986" lon="38.083732">
        <ele>149.499193</ele>
        <time>2026-01-05T16:45:26.277Z</time>
      </trkpt>
      <trkpt lat="55.848423" lon="38.087135">
        <ele>149.536214</ele>
        <time>2026-01-05T16:45:49.502Z</time>
      </trkpt>
      <trkpt lat="55.848174" lon="38.088315">
        <ele>149.535210</ele>
        <time>2026-01-05T16:45:57.927Z</time>
      </trkpt>
      <trkpt lat="55.848057" lon="38.088762">
        <ele>149.534818</ele>
        <time>2026-01-05T16:46:01.286Z</time>
      </trkpt>
      <trkpt lat="55.847651" lon="38.089976">
        <ele>149.664641</ele>
        <time>2026-01-05T16:46:10.908Z</time>
      </trkpt>
      <trkpt lat="55.847172" lon="38.091167">
        <ele>149.814393</ele>
        <time>2026-01-05T16:46:21.382Z</time>
      </trkpt>
      <trkpt lat="55.846916" lon="38.091690">
        <ele>149.857231</ele>
        <time>2026-01-05T16:46:26.383Z</time>
      </trkpt>
      <trkpt lat="55.846750" lon="38.092036">
        <ele>149.847274</ele>
        <time>2026-01-05T16:46:29.539Z</time>
      </trkpt>
      <trkpt lat="55.846172" lon="38.093135">
        <ele>149.814329</ele>
        <time>2026-01-05T16:46:39.717Z</time>
      </trkpt>
      <trkpt lat="55.846119" lon="38.093229">
        <ele>149.811415</ele>
        <time>2026-01-05T16:46:40.552Z</time>
      </trkpt>
      <trkpt lat="55.845862" lon="38.093719">
        <ele>149.796745</ele>
        <time>2026-01-05T16:46:44.650Z</time>
      </trkpt>
      <trkpt lat="55.845747" lon="38.093947">
        <ele>149.779811</ele>
        <time>2026-01-05T16:46:46.510Z</time>
      </trkpt>
      <trkpt lat="55.845433" lon="38.094577">
        <ele>149.669603</ele>
        <time>2026-01-05T16:46:51.552Z</time>
      </trkpt>
      <trkpt lat="55.845377" lon="38.094757">
        <ele>149.642682</ele>
        <time>2026-01-05T16:46:52.762Z</time>
      </trkpt>
      <trkpt lat="55.845357" lon="38.094991">
        <ele>149.611717</ele>
        <time>2026-01-05T16:46:54.208Z</time>
      </trkpt>
      <trkpt lat="55.845400" lon="38.095196">
        <ele>149.583089</ele>
        <time>2026-01-05T16:46:55.569Z</time>
      </trkpt>
      <trkpt lat="55.847299" lon="38.100085">
        <ele>149.240844</ele>
        <time>2026-01-05T16:47:34.743Z</time>
      </trkpt>
      <trkpt lat="55.847371" lon="38.100272">
        <ele>149.225296</ele>
        <time>2026-01-05T16:47:36.257Z</time>
      </trkpt>
      <trkpt lat="55.848514" lon="38.103320">
        <ele>148.588729</ele>
        <time>2026-01-05T16:47:59.518Z</time>
      </trkpt>
      <trkpt lat="55.848779" lon="38.104411">
        <ele>148.256101</ele>
        <time>2026-01-05T16:48:06.145Z</time>
      </trkpt>
      <trkpt lat="55.848949" lon="38.105305">
        <ele>148.130758</ele>
        <time>2026-01-05T16:48:11.301Z</time>
      </trkpt>
      <trkpt lat="55.848999" lon="38.105754">
        <ele>148.087114</ele>
        <time>2026-01-05T16:48:13.895Z</time>
      </trkpt>
      <trkpt lat="55.849021" lon="38.106532">
        <ele>148.012841</ele>
        <time>2026-01-05T16:48:18.574Z</time>
      </trkpt>
      <trkpt lat="55.849002" lon="38.110315">
        <ele>148.870602</ele>
        <time>2026-01-05T16:48:48.542Z</time>
      </trkpt>
      <trkpt lat="55.848995" lon="38.110762">
        <ele>149.040127</ele>
        <time>2026-01-05T16:48:52.160Z</time>
      </trkpt>
      <trkpt lat="55.849029" lon="38.111745">
        <ele>149.363124</ele>
        <time>2026-01-05T16:48:59.770Z</time>
      </trkpt>
      <trkpt lat="55.849086" lon="38.112224">
        <ele>149.517776</ele>
        <time>2026-01-05T16:49:03.451Z</time>
      </trkpt>
      <trkpt lat="55.849410" lon="38.113449">
        <ele>149.945477</ele>
        <time>2026-01-05T16:49:13.697Z</time>
      </trkpt>
      <trkpt lat="55.849790" lon="38.114610">
        <ele>150.415396</ele>
        <time>2026-01-05T16:49:24.200Z</time>
      </trkpt>
      <trkpt lat="55.851969" lon="38.119912">
        <ele>152.104762</ele>
        <time>2026-01-05T16:50:15.914Z</time>
      </trkpt>
      <trkpt lat="55.852418" lon="38.121004">
        <ele>151.586965</ele>
        <time>2026-01-05T16:50:23.070Z</time>
      </trkpt>
      <trkpt lat="55.853084" lon="38.122606">
        <ele>150.854076</ele>
        <time>2026-01-05T16:50:33.613Z</time>
      </trkpt>
      <trkpt lat="55.853613" lon="38.123980">
        <ele>150.262295</ele>
        <time>2026-01-05T16:50:43.731Z</time>
      </trkpt>
      <trkpt lat="55.854161" lon="38.125528">
        <ele>150.088339</ele>
        <time>2026-01-05T16:50:55.603Z</time>
      </trkpt>
      <trkpt lat="55.854298" lon="38.125912">
        <ele>150.083970</ele>
        <time>2026-01-05T16:50:58.682Z</time>
      </trkpt>
      <trkpt lat="55.854304" lon="38.125925">
        <ele>150.083808</ele>
        <time>2026-01-05T16:50:58.796Z</time>
      </trkpt>
      <trkpt lat="55.855593" lon="38.129021">
        <ele>149.991500</ele>
        <time>2026-01-05T16:51:25.048Z</time>
      </trkpt>
      <trkpt lat="55.855624" lon="38.129107">
        <ele>149.988258</ele>
        <time>2026-01-05T16:51:25.665Z</time>
      </trkpt>
      <trkpt lat="55.855654" lon="38.129173">
        <ele>149.985564</ele>
        <time>2026-01-05T16:51:26.182Z</time>
      </trkpt>
      <trkpt lat="55.856126" lon="38.130348">
        <ele>149.732805</ele>
        <time>2026-01-05T16:51:34.904Z</time>
      </trkpt>
      <trkpt lat="55.856732" lon="38.131844">
        <ele>149.262613</ele>
        <time>2026-01-05T16:51:45.703Z</time>
      </trkpt>
      <trkpt lat="55.857295" lon="38.133170">
        <ele>148.858743</ele>
        <time>2026-01-05T16:51:55.974Z</time>
      </trkpt>
      <trkpt lat="55.857968" lon="38.134736">
        <ele>148.387936</ele>
        <time>2026-01-05T16:52:08.187Z</time>
      </trkpt>
      <trkpt lat="55.858153" lon="38.135154">
        <ele>148.152345</ele>
        <time>2026-01-05T16:52:11.146Z</time>
      </trkpt>
      <trkpt lat="55.858488" lon="38.135933">
        <ele>147.717274</ele>
        <time>2026-01-05T16:52:16.458Z</time>
      </trkpt>
      <trkpt lat="55.858558" lon="38.136101">
        <ele>147.624515</ele>
        <time>2026-01-05T16:52:17.590Z</time>
      </trkpt>
      <trkpt lat="55.858592" lon="38.136181">
        <ele>147.580028</ele>
        <time>2026-01-05T16:52:18.090Z</time>
      </trkpt>
      <trkpt lat="55.859876" lon="38.139200">
        <ele>146.769117</ele>
        <time>2026-01-05T16:52:40.406Z</time>
      </trkpt>
      <trkpt lat="55.859959" lon="38.139381">
        <ele>146.749909</ele>
        <time>2026-01-05T16:52:42.228Z</time>
      </trkpt>
      <trkpt lat="55.860050" lon="38.139586">
        <ele>146.728429</ele>
        <time>2026-01-05T16:52:44.284Z</time>
      </trkpt>
      <trkpt lat="55.860121" lon="38.139736">
        <ele>146.712303</ele>
        <time>2026-01-05T16:52:45.851Z</time>
      </trkpt>
      <trkpt lat="55.860148" lon="38.139792">
        <ele>146.706236</ele>
        <time>2026-01-05T16:52:46.422Z</time>
      </trkpt>
      <trkpt lat="55.860377" lon="38.140256">
        <ele>147.106239</ele>
        <time>2026-01-05T16:52:51.595Z</time>
      </trkpt>
      <trkpt lat="55.860836" lon="38.141237">
        <ele>147.989340</ele>
        <time>2026-01-05T16:53:03.216Z</time>
      </trkpt>
      <trkpt lat="55.861710" lon="38.143361">
        <ele>149.370764</ele>
        <time>2026-01-05T16:53:27.693Z</time>
      </trkpt>
      <trkpt lat="55.862198" lon="38.144554">
        <ele>149.887893</ele>
        <time>2026-01-05T16:53:39.580Z</time>
      </trkpt>
      <trkpt lat="55.864544" lon="38.150455">
        <ele>145.416552</ele>
        <time>2026-01-05T16:54:16.932Z</time>
      </trkpt>
      <trkpt lat="55.864789" lon="38.150836">
        <ele>145.695887</ele>
        <time>2026-01-05T16:54:22.160Z</time>
      </trkpt>
      <trkpt lat="55.865861" lon="38.152151">
        <ele>146.757986</ele>
        <time>2026-01-05T16:54:44.619Z</time>
      </trkpt>
      <trkpt lat="55.866357" lon="38.152780">
        <ele>146.470589</ele>
        <time>2026-01-05T16:54:51.952Z</time>
      </trkpt>
      <trkpt lat="55.866610" lon="38.153051">
        <ele>146.331232</ele>
        <time>2026-01-05T16:54:55.115Z</time>
      </trkpt>
      <trkpt lat="55.866965" lon="38.153285">
        <ele>146.152539</ele>
        <time>2026-01-05T16:54:58.579Z</time>
      </trkpt>
      <trkpt lat="55.867669" lon="38.153588">
        <ele>145.723599</ele>
        <time>2026-01-05T16:55:05.375Z</time>
      </trkpt>
      <trkpt lat="55.867921" lon="38.153681">
        <ele>145.512529</ele>
        <time>2026-01-05T16:55:07.885Z</time>
      </trkpt>
      <trkpt lat="55.869579" lon="38.154412">
        <ele>144.475188</ele>
        <time>2026-01-05T16:55:25.419Z</time>
      </trkpt>
      <trkpt lat="55.870406" lon="38.154780">
        <ele>144.519649</ele>
        <time>2026-01-05T16:55:36.130Z</time>
      </trkpt>
      <trkpt lat="55.870560" lon="38.154850">
        <ele>144.527939</ele>
        <time>2026-01-05T16:55:38.242Z</time>
      </trkpt>
      <trkpt lat="55.871511" lon="38.155250">
        <ele>144.663564</ele>
        <time>2026-01-05T16:55:51.333Z</time>
      </trkpt>
      <trkpt lat="55.872453" lon="38.155642">
        <ele>144.849046</ele>
        <time>2026-01-05T16:56:03.606Z</time>
      </trkpt>
      <trkpt lat="55.872723" lon="38.155751">
        <ele>144.864868</ele>
        <time>2026-01-05T16:56:06.731Z</time>
      </trkpt>
      <trkpt lat="55.874263" lon="38.156365">
        <ele>144.037175</ele>
        <time>2026-01-05T16:56:23.292Z</time>
      </trkpt>
      <trkpt lat="55.874530" lon="38.156484">
        <ele>143.901907</ele>
        <time>2026-01-05T16:56:26.007Z</time>
      </trkpt>
      <trkpt lat="55.874623" lon="38.156528">
        <ele>143.859637</ele>
        <time>2026-01-05T16:56:26.954Z</time>
      </trkpt>
      <trkpt lat="55.875620" lon="38.157033">
        <ele>143.404303</ele>
        <time>2026-01-05T16:56:37.701Z</time>
      </trkpt>
      <trkpt lat="55.876087" lon="38.157248">
        <ele>143.192413</ele>
        <time>2026-01-05T16:56:43.248Z</time>
      </trkpt>
      <trkpt lat="55.877461" lon="38.157995">
        <ele>143.124890</ele>
        <time>2026-01-05T16:57:00.986Z</time>
      </trkpt>
      <trkpt lat="55.877566" lon="38.158061">
        <ele>143.122130</ele>
        <time>2026-01-05T16:57:02.267Z</time>
      </trkpt>
      <trkpt lat="55.878884" lon="38.158967">
        <ele>143.044803</ele>
        <time>2026-01-05T16:57:17.533Z</time>
      </trkpt>
      <trkpt lat="55.880488" lon="38.160051">
        <ele>144.021779</ele>
        <time>2026-01-05T16:57:39.920Z</time>
      </trkpt>
      <trkpt lat="55.882353" lon="38.161361">
        <ele>146.677323</ele>
        <time>2026-01-05T16:58:15.468Z</time>
      </trkpt>
      <trkpt lat="55.882701" lon="38.161587">
        <ele>147.242264</ele>
        <time>2026-01-05T16:58:21.456Z</time>
      </trkpt>
      <trkpt lat="55.882978" lon="38.161783">
        <ele>147.573290</ele>
        <time>2026-01-05T16:58:26.002Z</time>
      </trkpt>
      <trkpt lat="55.883706" lon="38.162299">
        <ele>147.513818</ele>
        <time>2026-01-05T16:58:36.014Z</time>
      </trkpt>
      <trkpt lat="55.883924" lon="38.162449">
        <ele>147.496079</ele>
        <time>2026-01-05T16:58:38.518Z</time>
      </trkpt>
      <trkpt lat="55.887003" lon="38.164606">
        <ele>146.173463</ele>
        <time>2026-01-05T16:59:11.880Z</time>
      </trkpt>
      <trkpt lat="55.887270" lon="38.164777">
        <ele>146.222055</ele>
        <time>2026-01-05T16:59:15.697Z</time>
      </trkpt>
      <trkpt lat="55.887401" lon="38.164205">
        <ele>146.281404</ele>
        <time>2026-01-05T16:59:20.811Z</time>
      </trkpt>
      <trkpt lat="55.887810" lon="38.162416">
        <ele>147.037452</ele>
        <time>2026-01-05T16:59:38.430Z</time>
      </trkpt>
      <trkpt lat="55.888725" lon="38.158535">
        <ele>148.596359</ele>
        <time>2026-01-05T17:00:11.772Z</time>
      </trkpt>
      <trkpt lat="55.888814" lon="38.158158">
        <ele>148.689332</ele>
        <time>2026-01-05T17:00:14.450Z</time>
      </trkpt>
      <trkpt lat="55.889047" lon="38.157169">
        <ele>148.622399</ele>
        <time>2026-01-05T17:00:21.040Z</time>
      </trkpt>
      <trkpt lat="55.890292" lon="38.151760">
        <ele>146.674166</ele>
        <time>2026-01-05T17:00:54.682Z</time>
      </trkpt>
      <trkpt lat="55.890364" lon="38.151455">
        <ele>146.717849</ele>
        <time>2026-01-05T17:00:56.828Z</time>
      </trkpt>
      <trkpt lat="55.890507" lon="38.150853">
        <ele>146.810235</ele>
        <time>2026-01-05T17:01:01.186Z</time>
      </trkpt>
      <trkpt lat="55.891020" lon="38.148684">
        <ele>147.165093</ele>
        <time>2026-01-05T17:01:18.903Z</time>
      </trkpt>
      <trkpt lat="55.891483" lon="38.146719">
        <ele>147.845402</ele>
        <time>2026-01-05T17:01:35.827Z</time>
      </trkpt>
      <trkpt lat="55.891514" lon="38.146583">
        <ele>147.892260</ele>
        <time>2026-01-05T17:01:37.007Z</time>
      </trkpt>
      <trkpt lat="55.891669" lon="38.145883">
        <ele>148.132473</ele>
        <time>2026-01-05T17:01:42.688Z</time>
      </trkpt>
      <trkpt lat="55.891714" lon="38.145679">
        <ele>148.127593</ele>
        <time>2026-01-05T17:01:44.161Z</time>
      </trkpt>
      <trkpt lat="55.891952" lon="38.144548">
        <ele>147.973152</ele>
        <time>2026-01-05T17:01:51.897Z</time>
      </trkpt>
      <trkpt lat="55.892104" lon="38.143846">
        <ele>147.876946</ele>
        <time>2026-01-05T17:01:56.571Z</time>
      </trkpt>
      <trkpt lat="55.892481" lon="38.142489">
        <ele>147.533032</ele>
        <time>2026-01-05T17:02:05.566Z</time>
      </trkpt>
      <trkpt lat="55.892566" lon="38.142183">
        <ele>147.371340</ele>
        <time>2026-01-05T17:02:07.574Z</time>
      </trkpt>
      <trkpt lat="55.892660" lon="38.141848">
        <ele>147.193970</ele>
        <time>2026-01-05T17:02:09.822Z</time>
      </trkpt>
      <trkpt lat="55.893181" lon="38.139997">
        <ele>146.210218</ele>
        <time>2026-01-05T17:02:21.349Z</time>
      </trkpt>
      <trkpt lat="55.893473" lon="38.138967">
        <ele>145.415212</ele>
        <time>2026-01-05T17:02:27.166Z</time>
      </trkpt>
      <trkpt lat="55.893600" lon="38.138526">
        <ele>145.073723</ele>
        <time>2026-01-05T17:02:29.661Z</time>
      </trkpt>
      <trkpt lat="55.893783" lon="38.137893">
        <ele>144.583164</ele>
        <time>2026-01-05T17:02:33.255Z</time>
      </trkpt>
      <trkpt lat="55.894439" lon="38.135621">
        <ele>144.047380</ele>
        <time>2026-01-05T17:02:48.914Z</time>
      </trkpt>
      <trkpt lat="55.894785" lon="38.134510">
        <ele>144.074440</ele>
        <time>2026-01-05T17:02:59.105Z</time>
      </trkpt>
      <trkpt lat="55.894891" lon="38.134164">
        <ele>144.066519</ele>
        <time>2026-01-05T17:03:02.147Z</time>
      </trkpt>
      <trkpt lat="55.894968" lon="38.133911">
        <ele>144.046809</ele>
        <time>2026-01-05T17:03:04.315Z</time>
      </trkpt>
      <trkpt lat="55.895186" lon="38.133119">
        <ele>143.986402</ele>
        <time>2026-01-05T17:03:10.061Z</time>
      </trkpt>
      <trkpt lat="55.895345" lon="38.132540">
        <ele>143.942260</ele>
        <time>2026-01-05T17:03:13.751Z</time>
      </trkpt>
      <trkpt lat="55.895681" lon="38.131389">
        <ele>143.872886</ele>
        <time>2026-01-05T17:03:21.542Z</time>
      </trkpt>
      <trkpt lat="55.895729" lon="38.131229">
        <ele>143.901318</ele>
        <time>2026-01-05T17:03:22.720Z</time>
      </trkpt>
      <trkpt lat="55.896010" lon="38.130224">
        <ele>144.077278</ele>
        <time>2026-01-05T17:03:30.708Z</time>
      </trkpt>
      <trkpt lat="55.896438" lon="38.128673">
        <ele>144.348130</ele>
        <time>2026-01-05T17:03:44.191Z</time>
      </trkpt>
      <trkpt lat="55.897245" lon="38.125766">
        <ele>144.540155</ele>
        <time>2026-01-05T17:04:05.630Z</time>
      </trkpt>
      <trkpt lat="55.897967" lon="38.123139">
        <ele>145.223555</ele>
        <time>2026-01-05T17:04:27.830Z</time>
      </trkpt>
      <trkpt lat="55.898251" lon="38.122138">
        <ele>145.016779</ele>
        <time>2026-01-05T17:04:35.985Z</time>
      </trkpt>
      <trkpt lat="55.898357" lon="38.121797">
        <ele>144.875084</ele>
        <time>2026-01-05T17:04:38.556Z</time>
      </trkpt>
      <trkpt lat="55.898518" lon="38.121403">
        <ele>144.697908</ele>
        <time>2026-01-05T17:04:41.539Z</time>
      </trkpt>
      <trkpt lat="55.898635" lon="38.121183">
        <ele>144.587713</ele>
        <time>2026-01-05T17:04:43.280Z</time>
      </trkpt>
      <trkpt lat="55.899170" lon="38.120293">
        <ele>144.060277</ele>
        <time>2026-01-05T17:04:50.105Z</time>
      </trkpt>
      <trkpt lat="55.899359" lon="38.119980">
        <ele>143.513869</ele>
        <time>2026-01-05T17:04:52.326Z</time>
      </trkpt>
      <trkpt lat="55.899614" lon="38.119555">
        <ele>142.774471</ele>
        <time>2026-01-05T17:04:55.289Z</time>
      </trkpt>
      <trkpt lat="55.899776" lon="38.119292">
        <ele>142.310373</ele>
        <time>2026-01-05T17:04:57.127Z</time>
      </trkpt>
      <trkpt lat="55.899899" lon="38.119070">
        <ele>141.939644</ele>
        <time>2026-01-05T17:04:58.603Z</time>
      </trkpt>
      <trkpt lat="55.900612" lon="38.117883">
        <ele>140.080486</ele>
        <time>2026-01-05T17:05:07.029Z</time>
      </trkpt>
      <trkpt lat="55.900773" lon="38.117618">
        <ele>139.828601</ele>
        <time>2026-01-05T17:05:09.154Z</time>
      </trkpt>
      <trkpt lat="55.901326" lon="38.116663">
        <ele>138.943603</ele>
        <time>2026-01-05T17:05:16.819Z</time>
      </trkpt>
      <trkpt lat="55.901610" lon="38.116158">
        <ele>138.482532</ele>
        <time>2026-01-05T17:05:20.812Z</time>
      </trkpt>
      <trkpt lat="55.901817" lon="38.115807">
        <ele>138.190571</ele>
        <time>2026-01-05T17:05:23.613Z</time>
      </trkpt>
      <trkpt lat="55.901875" lon="38.115712">
        <ele>138.131697</ele>
        <time>2026-01-05T17:05:24.388Z</time>
      </trkpt>
      <trkpt lat="55.902473" lon="38.114744">
        <ele>137.527927</ele>
        <time>2026-01-05T17:05:32.398Z</time>
      </trkpt>
      <trkpt lat="55.903529" lon="38.112909">
        <ele>137.040245</ele>
        <time>2026-01-05T17:05:47.748Z</time>
      </trkpt>
      <trkpt lat="55.903803" lon="38.112428">
        <ele>137.114939</ele>
        <time>2026-01-05T17:05:52.740Z</time>
      </trkpt>
      <trkpt lat="55.903860" lon="38.112330">
        <ele>137.130321</ele>
        <time>2026-01-05T17:05:53.777Z</time>
      </trkpt>
      <trkpt lat="55.904781" lon="38.110764">
        <ele>137.726475</ele>
        <time>2026-01-05T17:06:12.693Z</time>
      </trkpt>
      <trkpt lat="55.904871" lon="38.110610">
        <ele>137.824495</ele>
        <time>2026-01-05T17:06:14.615Z</time>
      </trkpt>
      <trkpt lat="55.905931" lon="38.108807">
        <ele>138.915878</ele>
        <time>2026-01-05T17:06:35.087Z</time>
      </trkpt>
      <trkpt lat="55.906402" lon="38.107974">
        <ele>139.332921</ele>
        <time>2026-01-05T17:06:44.351Z</time>
      </trkpt>
      <trkpt lat="55.907106" lon="38.106757">
        <ele>139.830149</ele>
        <time>2026-01-05T17:06:57.841Z</time>
      </trkpt>
      <trkpt lat="55.907769" lon="38.105267">
        <ele>139.936520</ele>
        <time>2026-01-05T17:07:11.226Z</time>
      </trkpt>
      <trkpt lat="55.908067" lon="38.104587">
        <ele>139.984782</ele>
        <time>2026-01-05T17:07:16.744Z</time>
      </trkpt>
      <trkpt lat="55.908739" lon="38.102853">
        <ele>139.081769</ele>
        <time>2026-01-05T17:07:29.126Z</time>
      </trkpt>
      <trkpt lat="55.909060" lon="38.103369">
        <ele>138.744103</ele>
        <time>2026-01-05T17:07:33.278Z</time>
      </trkpt>
      <trkpt lat="55.909186" lon="38.103571">
        <ele>138.611720</ele>
        <time>2026-01-05T17:07:34.886Z</time>
      </trkpt>
      <trkpt lat="55.909691" lon="38.104384">
        <ele>137.788514</ele>
        <time>2026-01-05T17:07:41.101Z</time>
      </trkpt>
      <trkpt lat="55.909905" lon="38.104724">
        <ele>137.434303</ele>
        <time>2026-01-05T17:07:43.678Z</time>
      </trkpt>
      <trkpt lat="55.910118" lon="38.105074">
        <ele>137.076358</ele>
        <time>2026-01-05T17:07:46.357Z</time>
      </trkpt>
      <trkpt lat="55.910609" lon="38.106018">
        <ele>136.329184</ele>
        <time>2026-01-05T17:07:53.454Z</time>
      </trkpt>
      <trkpt lat="55.911557" lon="38.107895">
        <ele>136.037901</ele>
        <time>2026-01-05T17:08:09.189Z</time>
      </trkpt>
      <trkpt lat="55.912069" lon="38.108887">
        <ele>137.057545</ele>
        <time>2026-01-05T17:08:19.376Z</time>
      </trkpt>
      <trkpt lat="55.912746" lon="38.110260">
        <ele>139.189417</ele>
        <time>2026-01-05T17:08:38.501Z</time>
      </trkpt>
      <trkpt lat="55.914125" lon="38.113029">
        <ele>147.725597</ele>
        <time>2026-01-05T17:09:34.511Z</time>
      </trkpt>
      <trkpt lat="55.915063" lon="38.115081">
        <ele>152.549185</ele>
        <time>2026-01-05T17:10:08.937Z</time>
      </trkpt>
      <trkpt lat="55.915130" lon="38.115224">
        <ele>152.888708</ele>
        <time>2026-01-05T17:10:10.822Z</time>
      </trkpt>
      <trkpt lat="55.915273" lon="38.115551">
        <ele>153.556220</ele>
        <time>2026-01-05T17:10:14.821Z</time>
      </trkpt>
      <trkpt lat="55.915540" lon="38.116145">
        <ele>154.006152</ele>
        <time>2026-01-05T17:10:21.554Z</time>
      </trkpt>
      <trkpt lat="55.919294" lon="38.124622">
        <ele>159.844996</ele>
        <time>2026-01-05T17:11:52.242Z</time>
      </trkpt>
      <trkpt lat="55.919390" lon="38.124855">
        <ele>159.937403</ele>
        <time>2026-01-05T17:11:54.332Z</time>
      </trkpt>
      <trkpt lat="55.919482" lon="38.125229">
        <ele>160.067910</ele>
        <time>2026-01-05T17:11:57.117Z</time>
      </trkpt>
      <trkpt lat="55.919575" lon="38.125801">
        <ele>160.180119</ele>
        <time>2026-01-05T17:12:00.927Z</time>
      </trkpt>
      <trkpt lat="55.919643" lon="38.126333">
        <ele>159.891534</ele>
        <time>2026-01-05T17:12:04.343Z</time>
      </trkpt>
      <trkpt lat="55.919709" lon="38.126868">
        <ele>159.601814</ele>
        <time>2026-01-05T17:12:07.684Z</time>
      </trkpt>
      <trkpt lat="55.919763" lon="38.127287">
        <ele>159.374433</ele>
        <time>2026-01-05T17:12:10.039Z</time>
      </trkpt>
      <trkpt lat="55.919926" lon="38.127926">
        <ele>159.003119</ele>
        <time>2026-01-05T17:12:13.687Z</time>
      </trkpt>
      <trkpt lat="55.920166" lon="38.128494">
        <ele>158.626894</ele>
        <time>2026-01-05T17:12:17.474Z</time>
      </trkpt>
      <trkpt lat="55.920352" lon="38.128807">
        <ele>158.161192</ele>
        <time>2026-01-05T17:12:19.838Z</time>
      </trkpt>
      <trkpt lat="55.920957" lon="38.129550">
        <ele>156.399803</ele>
        <time>2026-01-05T17:12:26.143Z</time>
      </trkpt>
      <trkpt lat="55.921295" lon="38.129941">
        <ele>155.433748</ele>
        <time>2026-01-05T17:12:29.443Z</time>
      </trkpt>
      <trkpt lat="55.921374" lon="38.130030">
        <ele>155.209683</ele>
        <time>2026-01-05T17:12:30.188Z</time>
      </trkpt>
      <trkpt lat="55.922476" lon="38.131420">
        <ele>152.547994</ele>
        <time>2026-01-05T17:12:41.583Z</time>
      </trkpt>
      <trkpt lat="55.922629" lon="38.131633">
        <ele>152.201803</ele>
        <time>2026-01-05T17:12:43.405Z</time>
      </trkpt>
      <trkpt lat="55.924110" lon="38.133796">
        <ele>149.923404</ele>
        <time>2026-01-05T17:13:02.495Z</time>
      </trkpt>
      <trkpt lat="55.925212" lon="38.135453">
        <ele>149.413381</ele>
        <time>2026-01-05T17:13:16.882Z</time>
      </trkpt>
      <trkpt lat="55.925567" lon="38.136052">
        <ele>149.398377</ele>
        <time>2026-01-05T17:13:22.450Z</time>
      </trkpt>
      <trkpt lat="55.925835" lon="38.136667">
        <ele>149.414542</ele>
        <time>2026-01-05T17:13:29.009Z</time>
      </trkpt>
      <trkpt lat="55.926110" lon="38.137679">
        <ele>150.777095</ele>
        <time>2026-01-05T17:13:41.025Z</time>
      </trkpt>
      <trkpt lat="55.926180" lon="38.137972">
        <ele>151.162964</ele>
        <time>2026-01-05T17:13:44.820Z</time>
      </trkpt>
      <trkpt lat="55.926351" lon="38.138736">
        <ele>152.159608</ele>
        <time>2026-01-05T17:13:54.584Z</time>
      </trkpt>
      <trkpt lat="55.926512" lon="38.139501">
        <ele>153.149565</ele>
        <time>2026-01-05T17:14:04.084Z</time>
      </trkpt>
      <trkpt lat="55.927045" lon="38.142272">
        <ele>154.633472</ele>
        <time>2026-01-05T17:14:28.373Z</time>
      </trkpt>
      <trkpt lat="55.927233" lon="38.143275">
        <ele>154.578432</ele>
        <time>2026-01-05T17:14:34.751Z</time>
      </trkpt>
      <trkpt lat="55.927532" lon="38.145266">
        <ele>153.845682</ele>
        <time>2026-01-05T17:14:46.231Z</time>
      </trkpt>
      <trkpt lat="55.927627" lon="38.145939">
        <ele>153.627708</ele>
        <time>2026-01-05T17:14:50.173Z</time>
      </trkpt>
      <trkpt lat="55.927921" lon="38.148552">
        <ele>153.030506</ele>
        <time>2026-01-05T17:15:06.262Z</time>
      </trkpt>
      <trkpt lat="55.927945" lon="38.148783">
        <ele>152.977862</ele>
        <time>2026-01-05T17:15:07.800Z</time>
      </trkpt>
      <trkpt lat="55.928095" lon="38.150479">
        <ele>152.811429</ele>
        <time>2026-01-05T17:15:19.157Z</time>
      </trkpt>
      <trkpt lat="55.928155" lon="38.151287">
        <ele>152.738267</ele>
        <time>2026-01-05T17:15:24.194Z</time>
      </trkpt>
      <trkpt lat="55.928199" lon="38.152181">
        <ele>152.655708</ele>
        <time>2026-01-05T17:15:29.813Z</time>
      </trkpt>
      <trkpt lat="55.928217" lon="38.152572">
        <ele>152.614320</ele>
        <time>2026-01-05T17:15:32.319Z</time>
      </trkpt>
      <trkpt lat="55.928287" lon="38.154848">
        <ele>152.373846</ele>
        <time>2026-01-05T17:15:46.572Z</time>
      </trkpt>
      <trkpt lat="55.928298" lon="38.156704">
        <ele>152.559180</ele>
        <time>2026-01-05T17:15:58.838Z</time>
      </trkpt>
      <trkpt lat="55.928252" lon="38.160964">
        <ele>153.550598</ele>
        <time>2026-01-05T17:16:31.573Z</time>
      </trkpt>
      <trkpt lat="55.928212" lon="38.165324">
        <ele>154.554038</ele>
        <time>2026-01-05T17:17:03.529Z</time>
      </trkpt>
      <trkpt lat="55.928168" lon="38.170076">
        <ele>155.209400</ele>
        <time>2026-01-05T17:17:37.583Z</time>
      </trkpt>
      <trkpt lat="55.928013" lon="38.183376">
        <ele>155.922326</ele>
        <time>2026-01-05T17:19:07.147Z</time>
      </trkpt>
      <trkpt lat="55.927961" lon="38.188893">
        <ele>158.104196</ele>
        <time>2026-01-05T17:19:50.138Z</time>
      </trkpt>
      <trkpt lat="55.927945" lon="38.197644">
        <ele>162.752699</ele>
        <time>2026-01-05T17:21:08.131Z</time>
      </trkpt>
      <trkpt lat="55.927999" lon="38.198864">
        <ele>161.787899</ele>
        <time>2026-01-05T17:21:14.938Z</time>
      </trkpt>
      <trkpt lat="55.928067" lon="38.199572">
        <ele>161.221596</ele>
        <time>2026-01-05T17:21:18.329Z</time>
      </trkpt>
      <trkpt lat="55.928235" lon="38.200726">
        <ele>159.486865</ele>
        <time>2026-01-05T17:21:23.591Z</time>
      </trkpt>
      <trkpt lat="55.928412" lon="38.201693">
        <ele>157.284703</ele>
        <time>2026-01-05T17:21:27.956Z</time>
      </trkpt>
      <trkpt lat="55.928709" lon="38.203019">
        <ele>154.193416</ele>
        <time>2026-01-05T17:21:34.224Z</time>
      </trkpt>
      <trkpt lat="55.929115" lon="38.204339">
        <ele>151.780234</ele>
        <time>2026-01-05T17:21:41.059Z</time>
      </trkpt>
      <trkpt lat="55.929667" lon="38.205872">
        <ele>149.005826</ele>
        <time>2026-01-05T17:21:49.728Z</time>
      </trkpt>
      <trkpt lat="55.930102" lon="38.206890">
        <ele>148.085243</ele>
        <time>2026-01-05T17:21:56.229Z</time>
      </trkpt>
      <trkpt lat="55.930148" lon="38.206977">
        <ele>148.004800</ele>
        <time>2026-01-05T17:21:56.864Z</time>
      </trkpt>
      <trkpt lat="55.930268" lon="38.207233">
        <ele>147.780348</ele>
        <time>2026-01-05T17:21:58.708Z</time>
      </trkpt>
      <trkpt lat="55.930759" lon="38.208199">
        <ele>146.903273</ele>
        <time>2026-01-05T17:22:06.378Z</time>
      </trkpt>
      <trkpt lat="55.931073" lon="38.208758">
        <ele>146.268044</ele>
        <time>2026-01-05T17:22:10.839Z</time>
      </trkpt>
      <trkpt lat="55.931426" lon="38.209257">
        <ele>145.576828</ele>
        <time>2026-01-05T17:22:15.218Z</time>
      </trkpt>
      <trkpt lat="55.932438" lon="38.210410">
        <ele>143.639939</ele>
        <time>2026-01-05T17:22:25.795Z</time>
      </trkpt>
      <trkpt lat="55.933754" lon="38.211703">
        <ele>140.450163</ele>
        <time>2026-01-05T17:22:38.683Z</time>
      </trkpt>
      <trkpt lat="55.935062" lon="38.212916">
        <ele>138.343629</ele>
        <time>2026-01-05T17:22:51.996Z</time>
      </trkpt>
      <trkpt lat="55.935776" lon="38.213625">
        <ele>138.278551</ele>
        <time>2026-01-05T17:23:00.160Z</time>
      </trkpt>
      <trkpt lat="55.938511" lon="38.216182">
        <ele>144.013118</ele>
        <time>2026-01-05T17:24:00.419Z</time>
      </trkpt>
      <trkpt lat="55.939034" lon="38.216696">
        <ele>144.562714</ele>
        <time>2026-01-05T17:24:09.150Z</time>
      </trkpt>
      <trkpt lat="55.939207" lon="38.216887">
        <ele>144.666136</ele>
        <time>2026-01-05T17:24:11.757Z</time>
      </trkpt>
      <trkpt lat="55.938696" lon="38.217693">
        <ele>145.012821</ele>
        <time>2026-01-05T17:24:19.563Z</time>
      </trkpt>
      <trkpt lat="55.936127" lon="38.221477">
        <ele>147.095500</ele>
        <time>2026-01-05T17:25:06.015Z</time>
      </trkpt>
      <trkpt lat="55.934507" lon="38.224008">
        <ele>147.436965</ele>
        <time>2026-01-05T17:25:35.959Z</time>
      </trkpt>
      <trkpt lat="55.933200" lon="38.226051">
        <ele>144.574872</ele>
        <time>2026-01-05T17:25:50.857Z</time>
      </trkpt>
      <trkpt lat="55.931978" lon="38.227980">
        <ele>141.605229</ele>
        <time>2026-01-05T17:26:05.201Z</time>
      </trkpt>
      <trkpt lat="55.931248" lon="38.229100">
        <ele>141.284471</ele>
        <time>2026-01-05T17:26:14.090Z</time>
      </trkpt>
      <trkpt lat="55.931097" lon="38.229336">
        <ele>141.705019</ele>
        <time>2026-01-05T17:26:16.401Z</time>
      </trkpt>
      <trkpt lat="55.930984" lon="38.229512">
        <ele>142.019264</ele>
        <time>2026-01-05T17:26:18.649Z</time>
      </trkpt>
      <trkpt lat="55.930381" lon="38.230472">
        <ele>143.712333</ele>
        <time>2026-01-05T17:26:36.698Z</time>
      </trkpt>
      <trkpt lat="55.929986" lon="38.231168">
        <ele>145.163830</ele>
        <time>2026-01-05T17:26:52.677Z</time>
      </trkpt>
      <trkpt lat="55.929891" lon="38.231499">
        <ele>145.827214</ele>
        <time>2026-01-05T17:26:58.649Z</time>
      </trkpt>
      <trkpt lat="55.929822" lon="38.231884">
        <ele>146.548232</ele>
        <time>2026-01-05T17:27:05.089Z</time>
      </trkpt>
      <trkpt lat="55.929787" lon="38.232322">
        <ele>147.337409</ele>
        <time>2026-01-05T17:27:11.619Z</time>
      </trkpt>
      <trkpt lat="55.929737" lon="38.233005">
        <ele>148.566048</ele>
        <time>2026-01-05T17:27:19.837Z</time>
      </trkpt>
      <trkpt lat="55.929674" lon="38.233106">
        <ele>148.835667</ele>
        <time>2026-01-05T17:27:21.241Z</time>
      </trkpt>
      <trkpt lat="55.929513" lon="38.233230">
        <ele>149.393977</ele>
        <time>2026-01-05T17:27:23.942Z</time>
      </trkpt>
      <trkpt lat="55.929113" lon="38.233529">
        <ele>149.983908</ele>
        <time>2026-01-05T17:27:29.106Z</time>
      </trkpt>
      <trkpt lat="55.929004" lon="38.233618">
        <ele>149.950837</ele>
        <time>2026-01-05T17:27:30.351Z</time>
      </trkpt>
      <trkpt lat="55.928006" lon="38.234450">
        <ele>149.646928</ele>
        <time>2026-01-05T17:27:41.528Z</time>
      </trkpt>
      <trkpt lat="55.927952" lon="38.234492">
        <ele>149.630676</ele>
        <time>2026-01-05T17:27:42.149Z</time>
      </trkpt>
      <trkpt lat="55.927205" lon="38.235108">
        <ele>149.619940</ele>
        <time>2026-01-05T17:27:52.118Z</time>
      </trkpt>
      <trkpt lat="55.926224" lon="38.235845">
        <ele>149.758173</ele>
        <time>2026-01-05T17:28:06.062Z</time>
      </trkpt>
      <trkpt lat="55.925262" lon="38.236556">
        <ele>149.638016</ele>
        <time>2026-01-05T17:28:17.755Z</time>
      </trkpt>
      <trkpt lat="55.924640" lon="38.237016">
        <ele>149.520752</ele>
        <time>2026-01-05T17:28:25.319Z</time>
      </trkpt>
      <trkpt lat="55.924480" lon="38.237134">
        <ele>149.490600</ele>
        <time>2026-01-05T17:28:27.377Z</time>
      </trkpt>
      <trkpt lat="55.923603" lon="38.237784">
        <ele>148.762151</ele>
        <time>2026-01-05T17:28:37.903Z</time>
      </trkpt>
      <trkpt lat="55.923612" lon="38.237826">
        <ele>148.740821</ele>
        <time>2026-01-05T17:28:38.160Z</time>
      </trkpt>
      <trkpt lat="55.923755" lon="38.238466">
        <ele>148.413988</ele>
        <time>2026-01-05T17:28:42.004Z</time>
      </trkpt>
      <trkpt lat="55.923812" lon="38.238715">
        <ele>148.286397</ele>
        <time>2026-01-05T17:28:43.434Z</time>
      </trkpt>
      <trkpt lat="55.924241" lon="38.240782">
        <ele>147.271480</ele>
        <time>2026-01-05T17:28:54.478Z</time>
      </trkpt>
      <trkpt lat="55.924386" lon="38.241647">
        <ele>146.861765</ele>
        <time>2026-01-05T17:28:59.588Z</time>
      </trkpt>
      <trkpt lat="55.924474" lon="38.242341">
        <ele>146.538876</ele>
        <time>2026-01-05T17:29:04.424Z</time>
      </trkpt>
      <trkpt lat="55.924788" lon="38.245168">
        <ele>147.630289</ele>
        <time>2026-01-05T17:29:29.518Z</time>
      </trkpt>
      <trkpt lat="55.924817" lon="38.245436">
        <ele>147.742185</ele>
        <time>2026-01-05T17:29:31.583Z</time>
      </trkpt>
      <trkpt lat="55.925205" lon="38.249074">
        <ele>147.461245</ele>
        <time>2026-01-05T17:29:53.831Z</time>
      </trkpt>
      <trkpt lat="55.925307" lon="38.250136">
        <ele>147.761752</ele>
        <time>2026-01-05T17:30:01.435Z</time>
      </trkpt>
      <trkpt lat="55.925883" lon="38.254881">
        <ele>149.835591</ele>
        <time>2026-01-05T17:30:41.950Z</time>
      </trkpt>
      <trkpt lat="55.926183" lon="38.257354">
        <ele>150.741327</ele>
        <time>2026-01-05T17:31:02.057Z</time>
      </trkpt>
      <trkpt lat="55.926269" lon="38.258241">
        <ele>151.038983</ele>
        <time>2026-01-05T17:31:08.551Z</time>
      </trkpt>
      <trkpt lat="55.926304" lon="38.258977">
        <ele>151.122397</ele>
        <time>2026-01-05T17:31:13.705Z</time>
      </trkpt>
      <trkpt lat="55.926052" lon="38.261526">
        <ele>151.412571</ele>
        <time>2026-01-05T17:31:31.652Z</time>
      </trkpt>
      <trkpt lat="55.925046" lon="38.272025">
        <ele>152.815063</ele>
        <time>2026-01-05T17:32:45.935Z</time>
      </trkpt>
      <trkpt lat="55.925020" lon="38.272538">
        <ele>152.995920</ele>
        <time>2026-01-05T17:32:50.555Z</time>
      </trkpt>
      <trkpt lat="55.925030" lon="38.273058">
        <ele>153.178606</ele>
        <time>2026-01-05T17:32:55.165Z</time>
      </trkpt>
      <trkpt lat="55.925107" lon="38.274009">
        <ele>153.515983</ele>
        <time>2026-01-05T17:33:03.572Z</time>
      </trkpt>
      <trkpt lat="55.925260" lon="38.276007">
        <ele>152.596022</ele>
        <time>2026-01-05T17:33:15.863Z</time>
      </trkpt>
      <trkpt lat="55.925424" lon="38.278206">
        <ele>151.421895</ele>
        <time>2026-01-05T17:33:26.773Z</time>
      </trkpt>
      <trkpt lat="55.925471" lon="38.278731">
        <ele>151.097181</ele>
        <time>2026-01-05T17:33:29.527Z</time>
      </trkpt>
      <trkpt lat="55.925665" lon="38.281142">
        <ele>149.817505</ele>
        <time>2026-01-05T17:33:44.152Z</time>
      </trkpt>
      <trkpt lat="55.925749" lon="38.282325">
        <ele>149.411053</ele>
        <time>2026-01-05T17:33:51.031Z</time>
      </trkpt>
      <trkpt lat="55.925799" lon="38.283127">
        <ele>149.136004</ele>
        <time>2026-01-05T17:33:55.613Z</time>
      </trkpt>
      <trkpt lat="55.925941" lon="38.285835">
        <ele>148.380535</ele>
        <time>2026-01-05T17:34:11.435Z</time>
      </trkpt>
      <trkpt lat="55.926096" lon="38.289158">
        <ele>147.942297</ele>
        <time>2026-01-05T17:34:32.665Z</time>
      </trkpt>
      <trkpt lat="55.926243" lon="38.292093">
        <ele>147.091590</ele>
        <time>2026-01-05T17:34:51.908Z</time>
      </trkpt>
      <trkpt lat="55.926292" lon="38.293061">
        <ele>146.734321</ele>
        <time>2026-01-05T17:34:57.033Z</time>
      </trkpt>
      <trkpt lat="55.926416" lon="38.294582">
        <ele>145.600179</ele>
        <time>2026-01-05T17:35:04.421Z</time>
      </trkpt>
      <trkpt lat="55.926552" lon="38.295461">
        <ele>144.904174</ele>
        <time>2026-01-05T17:35:09.043Z</time>
      </trkpt>
      <trkpt lat="55.926652" lon="38.296104">
        <ele>144.394852</ele>
        <time>2026-01-05T17:35:12.823Z</time>
      </trkpt>
      <trkpt lat="55.926856" lon="38.297472">
        <ele>145.097262</ele>
        <time>2026-01-05T17:35:23.499Z</time>
      </trkpt>
      <trkpt lat="55.927097" lon="38.299092">
        <ele>146.261517</ele>
        <time>2026-01-05T17:35:40.636Z</time>
      </trkpt>
      <trkpt lat="55.927158" lon="38.299540">
        <ele>146.564195</ele>
        <time>2026-01-05T17:35:45.252Z</time>
      </trkpt>
      <trkpt lat="55.927187" lon="38.299754">
        <ele>146.691298</ele>
        <time>2026-01-05T17:35:47.452Z</time>
      </trkpt>
      <trkpt lat="55.927206" lon="38.300414">
        <ele>147.072812</ele>
        <time>2026-01-05T17:35:53.951Z</time>
      </trkpt>
      <trkpt lat="55.927187" lon="38.300933">
        <ele>147.373065</ele>
        <time>2026-01-05T17:35:58.620Z</time>
      </trkpt>
      <trkpt lat="55.927178" lon="38.301127">
        <ele>147.485442</ele>
        <time>2026-01-05T17:36:00.219Z</time>
      </trkpt>
      <trkpt lat="55.927161" lon="38.301542">
        <ele>147.725657</ele>
        <time>2026-01-05T17:36:03.528Z</time>
      </trkpt>
      <trkpt lat="55.927154" lon="38.301714">
        <ele>147.825213</ele>
        <time>2026-01-05T17:36:04.805Z</time>
      </trkpt>
      <trkpt lat="55.927120" lon="38.302507">
        <ele>148.284343</ele>
        <time>2026-01-05T17:36:10.558Z</time>
      </trkpt>
      <trkpt lat="55.927112" lon="38.302644">
        <ele>148.329076</ele>
        <time>2026-01-05T17:36:11.526Z</time>
      </trkpt>
      <trkpt lat="55.927055" lon="38.303605">
        <ele>148.293944</ele>
        <time>2026-01-05T17:36:18.134Z</time>
      </trkpt>
      <trkpt lat="55.926927" lon="38.306051">
        <ele>148.222278</ele>
        <time>2026-01-05T17:36:33.544Z</time>
      </trkpt>
      <trkpt lat="55.926880" lon="38.307131">
        <ele>148.253881</ele>
        <time>2026-01-05T17:36:40.834Z</time>
      </trkpt>
      <trkpt lat="55.926810" lon="38.310565">
        <ele>148.034708</ele>
        <time>2026-01-05T17:37:04.545Z</time>
      </trkpt>
      <trkpt lat="55.926783" lon="38.313839">
        <ele>147.055508</ele>
        <time>2026-01-05T17:37:23.210Z</time>
      </trkpt>
      <trkpt lat="55.926755" lon="38.313992">
        <ele>146.987244</ele>
        <time>2026-01-05T17:37:24.074Z</time>
      </trkpt>
      <trkpt lat="55.926689" lon="38.314078">
        <ele>146.925384</ele>
        <time>2026-01-05T17:37:24.854Z</time>
      </trkpt>
      <trkpt lat="55.926544" lon="38.314149">
        <ele>146.811562</ele>
        <time>2026-01-05T17:37:26.321Z</time>
      </trkpt>
      <trkpt lat="55.925822" lon="38.314107">
        <ele>146.408506</ele>
        <time>2026-01-05T17:37:33.599Z</time>
      </trkpt>
      <trkpt lat="55.925324" lon="38.314076">
        <ele>146.462709</ele>
        <time>2026-01-05T17:37:39.029Z</time>
      </trkpt>
      <trkpt lat="55.924620" lon="38.314031">
        <ele>146.539335</ele>
        <time>2026-01-05T17:37:48.344Z</time>
      </trkpt>
      <trkpt lat="55.924499" lon="38.314024">
        <ele>146.552503</ele>
        <time>2026-01-05T17:37:50.016Z</time>
      </trkpt>
      <trkpt lat="55.924194" lon="38.313994">
        <ele>146.585730</ele>
        <time>2026-01-05T17:37:54.221Z</time>
      </trkpt>
      <trkpt lat="55.924026" lon="38.313982">
        <ele>146.719359</ele>
        <time>2026-01-05T17:37:56.546Z</time>
      </trkpt>
      <trkpt lat="55.923595" lon="38.313952">
        <ele>147.068048</ele>
        <time>2026-01-05T17:38:02.689Z</time>
      </trkpt>
      <trkpt lat="55.923624" lon="38.318491">
        <ele>148.843240</ele>
        <time>2026-01-05T17:38:39.968Z</time>
      </trkpt>
      <trkpt lat="55.923700" lon="38.319524">
        <ele>149.105410</ele>
        <time>2026-01-05T17:38:46.922Z</time>
      </trkpt>
      <trkpt lat="55.923907" lon="38.321144">
        <ele>149.016830</ele>
        <time>2026-01-05T17:38:57.353Z</time>
      </trkpt>
      <trkpt lat="55.924149" lon="38.322320">
        <ele>148.950043</ele>
        <time>2026-01-05T17:39:05.410Z</time>
      </trkpt>
      <trkpt lat="55.925440" lon="38.327096">
        <ele>149.081975</ele>
        <time>2026-01-05T17:39:41.257Z</time>
      </trkpt>
      <trkpt lat="55.927157" lon="38.333453">
        <ele>149.246051</ele>
        <time>2026-01-05T17:40:28.636Z</time>
      </trkpt>
      <trkpt lat="55.928529" lon="38.338379">
        <ele>150.108280</ele>
        <time>2026-01-05T17:41:06.584Z</time>
      </trkpt>
      <trkpt lat="55.929270" lon="38.341060">
        <ele>151.277874</ele>
        <time>2026-01-05T17:41:32.307Z</time>
      </trkpt>
      <trkpt lat="55.929358" lon="38.341516">
        <ele>151.497205</ele>
        <time>2026-01-05T17:41:36.425Z</time>
      </trkpt>
      <trkpt lat="55.929414" lon="38.341910">
        <ele>151.682058</ele>
        <time>2026-01-05T17:41:39.759Z</time>
      </trkpt>
      <trkpt lat="55.929449" lon="38.342386">
        <ele>151.900382</ele>
        <time>2026-01-05T17:41:43.519Z</time>
      </trkpt>
      <trkpt lat="55.929448" lon="38.342679">
        <ele>152.033629</ele>
        <time>2026-01-05T17:41:45.670Z</time>
      </trkpt>
      <trkpt lat="55.929376" lon="38.343384">
        <ele>151.750937</ele>
        <time>2026-01-05T17:41:50.417Z</time>
      </trkpt>
      <trkpt lat="55.929345" lon="38.343523">
        <ele>151.686104</ele>
        <time>2026-01-05T17:41:51.322Z</time>
      </trkpt>
      <trkpt lat="55.929230" lon="38.344036">
        <ele>151.446658</ele>
        <time>2026-01-05T17:41:54.507Z</time>
      </trkpt>
      <trkpt lat="55.929016" lon="38.344630">
        <ele>151.140613</ele>
        <time>2026-01-05T17:41:58.359Z</time>
      </trkpt>
      <trkpt lat="55.928911" lon="38.344816">
        <ele>151.026185</ele>
        <time>2026-01-05T17:41:59.743Z</time>
      </trkpt>
      <trkpt lat="55.928575" lon="38.345208">
        <ele>150.715684</ele>
        <time>2026-01-05T17:42:03.439Z</time>
      </trkpt>
      <trkpt lat="55.925419" lon="38.347540">
        <ele>145.814285</ele>
        <time>2026-01-05T17:42:34.738Z</time>
      </trkpt>
      <trkpt lat="55.925060" lon="38.347863">
        <ele>145.520523</ele>
        <time>2026-01-05T17:42:38.720Z</time>
      </trkpt>
      <trkpt lat="55.924990" lon="38.347978">
        <ele>145.556113</ele>
        <time>2026-01-05T17:42:39.708Z</time>
      </trkpt>
      <trkpt lat="55.924935" lon="38.348151">
        <ele>145.597803</ele>
        <time>2026-01-05T17:42:40.851Z</time>
      </trkpt>
      <trkpt lat="55.923579" lon="38.360600">
        <ele>148.215682</ele>
        <time>2026-01-05T17:44:16.506Z</time>
      </trkpt>
      <trkpt lat="55.923558" lon="38.360787">
        <ele>148.185871</ele>
        <time>2026-01-05T17:44:17.802Z</time>
      </trkpt>
      <trkpt lat="55.922186" lon="38.373090">
        <ele>145.971167</ele>
        <time>2026-01-05T17:45:34.583Z</time>
      </trkpt>
      <trkpt lat="55.921098" lon="38.382950">
        <ele>141.951393</ele>
        <time>2026-01-05T17:46:31.747Z</time>
      </trkpt>
      <trkpt lat="55.921065" lon="38.383683">
        <ele>141.691206</ele>
        <time>2026-01-05T17:46:36.013Z</time>
      </trkpt>
      <trkpt lat="55.921070" lon="38.384690">
        <ele>141.334893</ele>
        <time>2026-01-05T17:46:42.078Z</time>
      </trkpt>
      <trkpt lat="55.921141" lon="38.385334">
        <ele>141.102663</ele>
        <time>2026-01-05T17:46:46.199Z</time>
      </trkpt>
      <trkpt lat="55.921557" lon="38.387499">
        <ele>139.697882</ele>
        <time>2026-01-05T17:46:58.445Z</time>
      </trkpt>
      <trkpt lat="55.921757" lon="38.388381">
        <ele>139.110631</ele>
        <time>2026-01-05T17:47:03.223Z</time>
      </trkpt>
      <trkpt lat="55.922674" lon="38.392313">
        <ele>138.402712</ele>
        <time>2026-01-05T17:47:28.990Z</time>
      </trkpt>
      <trkpt lat="55.922802" lon="38.392862">
        <ele>138.547053</ele>
        <time>2026-01-05T17:47:33.813Z</time>
      </trkpt>
      <trkpt lat="55.922994" lon="38.393695">
        <ele>138.765694</ele>
        <time>2026-01-05T17:47:41.323Z</time>
      </trkpt>
      <trkpt lat="55.923252" lon="38.394808">
        <ele>139.048306</ele>
        <time>2026-01-05T17:47:51.559Z</time>
      </trkpt>
      <trkpt lat="55.923333" lon="38.395157">
        <ele>139.133156</ele>
        <time>2026-01-05T17:47:54.498Z</time>
      </trkpt>
      <trkpt lat="55.923459" lon="38.395703">
        <ele>139.265792</ele>
        <time>2026-01-05T17:47:58.688Z</time>
      </trkpt>
      <trkpt lat="55.924008" lon="38.398012">
        <ele>139.796162</ele>
        <time>2026-01-05T17:48:15.894Z</time>
      </trkpt>
      <trkpt lat="55.924325" lon="38.399358">
        <ele>140.064222</ele>
        <time>2026-01-05T17:48:26.592Z</time>
      </trkpt>
      <trkpt lat="55.924856" lon="38.401582">
        <ele>140.706541</ele>
        <time>2026-01-05T17:48:44.690Z</time>
      </trkpt>
      <trkpt lat="55.925030" lon="38.402375">
        <ele>140.977678</ele>
        <time>2026-01-05T17:48:51.147Z</time>
      </trkpt>
      <trkpt lat="55.925385" lon="38.403987">
        <ele>141.444083</ele>
        <time>2026-01-05T17:49:04.838Z</time>
      </trkpt>
      <trkpt lat="55.925343" lon="38.404266">
        <ele>141.507026</ele>
        <time>2026-01-05T17:49:07.222Z</time>
      </trkpt>
      <trkpt lat="55.925262" lon="38.404475">
        <ele>141.562395</ele>
        <time>2026-01-05T17:49:09.287Z</time>
      </trkpt>
      <trkpt lat="55.925185" lon="38.404595">
        <ele>141.602146</ele>
        <time>2026-01-05T17:49:10.721Z</time>
      </trkpt>
      <trkpt lat="55.924988" lon="38.404650">
        <ele>141.679685</ele>
        <time>2026-01-05T17:49:13.405Z</time>
      </trkpt>
      <trkpt lat="55.924737" lon="38.404721">
        <ele>141.778510</ele>
        <time>2026-01-05T17:49:16.618Z</time>
      </trkpt>
      <trkpt lat="55.923774" lon="38.404881">
        <ele>141.738681</ele>
        <time>2026-01-05T17:49:27.639Z</time>
      </trkpt>
      <trkpt lat="55.923534" lon="38.404887">
        <ele>141.633366</ele>
        <time>2026-01-05T17:49:30.126Z</time>
      </trkpt>
      <trkpt lat="55.923302" lon="38.404893">
        <ele>141.531561</ele>
        <time>2026-01-05T17:49:32.508Z</time>
      </trkpt>
      <trkpt lat="55.922921" lon="38.404869">
        <ele>141.364285</ele>
        <time>2026-01-05T17:49:36.502Z</time>
      </trkpt>
      <trkpt lat="55.922561" lon="38.404775">
        <ele>141.204647</ele>
        <time>2026-01-05T17:49:40.393Z</time>
      </trkpt>
      <trkpt lat="55.919973" lon="38.404026">
        <ele>140.012720</ele>
        <time>2026-01-05T17:50:08.202Z</time>
      </trkpt>
      <trkpt lat="55.918326" lon="38.403440">
        <ele>139.482286</ele>
        <time>2026-01-05T17:50:26.988Z</time>
      </trkpt>
      <trkpt lat="55.917709" lon="38.403252">
        <ele>139.317167</ele>
        <time>2026-01-05T17:50:33.879Z</time>
      </trkpt>
      <trkpt lat="55.917518" lon="38.403237">
        <ele>139.266732</ele>
        <time>2026-01-05T17:50:35.977Z</time>
      </trkpt>
      <trkpt lat="55.917066" lon="38.403358">
        <ele>139.159422</ele>
        <time>2026-01-05T17:50:41.029Z</time>
      </trkpt>
      <trkpt lat="55.916907" lon="38.403400">
        <ele>139.138232</ele>
        <time>2026-01-05T17:50:42.827Z</time>
      </trkpt>
      <trkpt lat="55.915987" lon="38.403748">
        <ele>139.014248</ele>
        <time>2026-01-05T17:50:53.345Z</time>
      </trkpt>
      <trkpt lat="55.915272" lon="38.404160">
        <ele>138.959557</ele>
        <time>2026-01-05T17:51:02.305Z</time>
      </trkpt>
      <trkpt lat="55.913858" lon="38.405228">
        <ele>139.198376</ele>
        <time>2026-01-05T17:51:21.620Z</time>
      </trkpt>
      <trkpt lat="55.913547" lon="38.405408">
        <ele>139.250287</ele>
        <time>2026-01-05T17:51:25.658Z</time>
      </trkpt>
      <trkpt lat="55.913104" lon="38.405572">
        <ele>139.322851</ele>
        <time>2026-01-05T17:51:31.109Z</time>
      </trkpt>
      <trkpt lat="55.911839" lon="38.405867">
        <ele>139.523808</ele>
        <time>2026-01-05T17:51:46.913Z</time>
      </trkpt>
      <trkpt lat="55.911255" lon="38.405878">
        <ele>139.603026</ele>
        <time>2026-01-05T17:51:54.630Z</time>
      </trkpt>
      <trkpt lat="55.909505" lon="38.405534">
        <ele>139.278232</ele>
        <time>2026-01-05T17:52:15.727Z</time>
      </trkpt>
      <trkpt lat="55.909023" lon="38.405514">
        <ele>138.951909</ele>
        <time>2026-01-05T17:52:20.406Z</time>
      </trkpt>
      <trkpt lat="55.908615" lon="38.405595">
        <ele>138.674055</ele>
        <time>2026-01-05T17:52:24.246Z</time>
      </trkpt>
      <trkpt lat="55.907792" lon="38.405928">
        <ele>138.167048</ele>
        <time>2026-01-05T17:52:32.294Z</time>
      </trkpt>
      <trkpt lat="55.906248" lon="38.406412">
        <ele>137.502954</ele>
        <time>2026-01-05T17:52:49.982Z</time>
      </trkpt>
      <trkpt lat="55.905147" lon="38.407194">
        <ele>137.524330</ele>
        <time>2026-01-05T17:53:04.293Z</time>
      </trkpt>
      <trkpt lat="55.904811" lon="38.407387">
        <ele>137.586719</ele>
        <time>2026-01-05T17:53:08.324Z</time>
      </trkpt>
      <trkpt lat="55.904019" lon="38.407747">
        <ele>137.928518</ele>
        <time>2026-01-05T17:53:18.735Z</time>
      </trkpt>
      <trkpt lat="55.903573" lon="38.408291">
        <ele>138.154469</ele>
        <time>2026-01-05T17:53:26.101Z</time>
      </trkpt>
      <trkpt lat="55.903379" lon="38.408622">
        <ele>138.266736</ele>
        <time>2026-01-05T17:53:29.936Z</time>
      </trkpt>
      <trkpt lat="55.903262" lon="38.408908">
        <ele>138.411274</ele>
        <time>2026-01-05T17:53:32.895Z</time>
      </trkpt>
      <trkpt lat="55.902256" lon="38.411839">
        <ele>139.817786</ele>
        <time>2026-01-05T17:54:00.888Z</time>
      </trkpt>
      <trkpt lat="55.902051" lon="38.412436">
        <ele>139.975434</ele>
        <time>2026-01-05T17:54:06.099Z</time>
      </trkpt>
      <trkpt lat="55.901980" lon="38.412812">
        <ele>140.064777</ele>
        <time>2026-01-05T17:54:08.997Z</time>
      </trkpt>
      <trkpt lat="55.901817" lon="38.415615">
        <ele>140.710441</ele>
        <time>2026-01-05T17:54:28.841Z</time>
      </trkpt>
      <trkpt lat="55.901769" lon="38.416062">
        <ele>140.817028</ele>
        <time>2026-01-05T17:54:32.082Z</time>
      </trkpt>
      <trkpt lat="55.901695" lon="38.416513">
        <ele>140.927080</ele>
        <time>2026-01-05T17:54:35.510Z</time>
      </trkpt>
      <trkpt lat="55.901514" lon="38.417245">
        <ele>141.114444</ele>
        <time>2026-01-05T17:54:41.606Z</time>
      </trkpt>
      <trkpt lat="55.901377" lon="38.417676">
        <ele>141.286345</ele>
        <time>2026-01-05T17:54:45.604Z</time>
      </trkpt>
      <trkpt lat="55.901215" lon="38.418084">
        <ele>141.518427</ele>
        <time>2026-01-05T17:54:49.814Z</time>
      </trkpt>
      <trkpt lat="55.900951" lon="38.418567">
        <ele>141.831561</ele>
        <time>2026-01-05T17:54:55.768Z</time>
      </trkpt>
      <trkpt lat="55.900140" lon="38.419762">
        <ele>142.653874</ele>
        <time>2026-01-05T17:55:11.430Z</time>
      </trkpt>
      <trkpt lat="55.899230" lon="38.421054">
        <ele>142.435356</ele>
        <time>2026-01-05T17:55:25.066Z</time>
      </trkpt>
      <trkpt lat="55.896828" lon="38.423142">
        <ele>140.329773</ele>
        <time>2026-01-05T17:55:51.473Z</time>
      </trkpt>
      <trkpt lat="55.895977" lon="38.424007">
        <ele>139.313106</ele>
        <time>2026-01-05T17:56:00.715Z</time>
      </trkpt>
      <trkpt lat="55.894953" lon="38.425076">
        <ele>138.094960</ele>
        <time>2026-01-05T17:56:12.785Z</time>
      </trkpt>
      <trkpt lat="55.894672" lon="38.425290">
        <ele>137.784088</ele>
        <time>2026-01-05T17:56:15.856Z</time>
      </trkpt>
      <trkpt lat="55.894387" lon="38.425416">
        <ele>137.485345</ele>
        <time>2026-01-05T17:56:18.626Z</time>
      </trkpt>
      <trkpt lat="55.893760" lon="38.425488">
        <ele>136.876254</ele>
        <time>2026-01-05T17:56:24.511Z</time>
      </trkpt>
      <trkpt lat="55.893279" lon="38.425587">
        <ele>136.561585</ele>
        <time>2026-01-05T17:56:29.165Z</time>
      </trkpt>
      <trkpt lat="55.892601" lon="38.425868">
        <ele>136.109222</ele>
        <time>2026-01-05T17:56:36.234Z</time>
      </trkpt>
      <trkpt lat="55.891850" lon="38.426060">
        <ele>135.706716</ele>
        <time>2026-01-05T17:56:45.411Z</time>
      </trkpt>
      <trkpt lat="55.891373" lon="38.426035">
        <ele>135.590926</ele>
        <time>2026-01-05T17:56:50.885Z</time>
      </trkpt>
      <trkpt lat="55.891162" lon="38.425975">
        <ele>135.539082</ele>
        <time>2026-01-05T17:56:53.250Z</time>
      </trkpt>
      <trkpt lat="55.890740" lon="38.425745">
        <ele>135.432011</ele>
        <time>2026-01-05T17:56:58.222Z</time>
      </trkpt>
      <trkpt lat="55.890237" lon="38.425454">
        <ele>135.227933</ele>
        <time>2026-01-05T17:57:04.047Z</time>
      </trkpt>
      <trkpt lat="55.889888" lon="38.425243">
        <ele>134.808677</ele>
        <time>2026-01-05T17:57:07.763Z</time>
      </trkpt>
      <trkpt lat="55.889638" lon="38.425087">
        <ele>134.507341</ele>
        <time>2026-01-05T17:57:10.338Z</time>
      </trkpt>
      <trkpt lat="55.889170" lon="38.424870">
        <ele>133.957193</ele>
        <time>2026-01-05T17:57:14.923Z</time>
      </trkpt>
      <trkpt lat="55.888847" lon="38.424766">
        <ele>133.583774</ele>
        <time>2026-01-05T17:57:17.958Z</time>
      </trkpt>
      <trkpt lat="55.888106" lon="38.424768">
        <ele>132.754706</ele>
        <time>2026-01-05T17:57:24.641Z</time>
      </trkpt>
      <trkpt lat="55.887883" lon="38.424729">
        <ele>132.506409</ele>
        <time>2026-01-05T17:57:26.700Z</time>
      </trkpt>
      <trkpt lat="55.887152" lon="38.424436">
        <ele>131.676161</ele>
        <time>2026-01-05T17:57:33.998Z</time>
      </trkpt>
      <trkpt lat="55.886794" lon="38.424401">
        <ele>131.284388</ele>
        <time>2026-01-05T17:57:37.712Z</time>
      </trkpt>
      <trkpt lat="55.886502" lon="38.424487">
        <ele>131.260762</ele>
        <time>2026-01-05T17:57:40.918Z</time>
      </trkpt>
      <trkpt lat="55.885528" lon="38.425097">
        <ele>131.178351</ele>
        <time>2026-01-05T17:57:53.294Z</time>
      </trkpt>
      <trkpt lat="55.884533" lon="38.425762">
        <ele>131.097614</ele>
        <time>2026-01-05T17:58:06.433Z</time>
      </trkpt>
      <trkpt lat="55.883742" lon="38.426301">
        <ele>131.035810</ele>
        <time>2026-01-05T17:58:16.397Z</time>
      </trkpt>
      <trkpt lat="55.882885" lon="38.426886">
        <ele>130.935894</ele>
        <time>2026-01-05T17:58:26.187Z</time>
      </trkpt>
      <trkpt lat="55.882708" lon="38.427023">
        <ele>130.910530</ele>
        <time>2026-01-05T17:58:28.270Z</time>
      </trkpt>
      <trkpt lat="55.881857" lon="38.427646">
        <ele>130.789607</ele>
        <time>2026-01-05T17:58:39.306Z</time>
      </trkpt>
      <trkpt lat="55.881123" lon="38.428173">
        <ele>130.791698</ele>
        <time>2026-01-05T17:58:49.244Z</time>
      </trkpt>
      <trkpt lat="55.880775" lon="38.428423">
        <ele>130.801884</ele>
        <time>2026-01-05T17:58:53.792Z</time>
      </trkpt>
      <trkpt lat="55.880249" lon="38.428794">
        <ele>130.817242</ele>
        <time>2026-01-05T17:59:00.351Z</time>
      </trkpt>
      <trkpt lat="55.880542" lon="38.430459">
        <ele>130.818783</ele>
        <time>2026-01-05T17:59:11.084Z</time>
      </trkpt>
      <trkpt lat="55.880790" lon="38.431871">
        <ele>130.815016</ele>
        <time>2026-01-05T17:59:20.993Z</time>
      </trkpt>
      <trkpt lat="55.880991" lon="38.432762">
        <ele>131.294248</ele>
        <time>2026-01-05T17:59:28.145Z</time>
      </trkpt>
      <trkpt lat="55.881523" lon="38.434751">
        <ele>132.942324</ele>
        <time>2026-01-05T17:59:48.866Z</time>
      </trkpt>
      <trkpt lat="55.881899" lon="38.436049">
        <ele>133.850668</ele>
        <time>2026-01-05T18:00:04.122Z</time>
      </trkpt>
      <trkpt lat="55.881926" lon="38.436146">
        <ele>133.913511</ele>
        <time>2026-01-05T18:00:05.131Z</time>
      </trkpt>
      <trkpt lat="55.882162" lon="38.436973">
        <ele>134.451996</ele>
        <time>2026-01-05T18:00:12.912Z</time>
      </trkpt>
      <trkpt lat="55.882233" lon="38.437222">
        <ele>134.614100</ele>
        <time>2026-01-05T18:00:15.018Z</time>
      </trkpt>
      <trkpt lat="55.882624" lon="38.438691">
        <ele>135.028722</ele>
        <time>2026-01-05T18:00:25.743Z</time>
      </trkpt>
      <trkpt lat="55.882759" lon="38.439160">
        <ele>135.000442</ele>
        <time>2026-01-05T18:00:29.137Z</time>
      </trkpt>
      <trkpt lat="55.882925" lon="38.439769">
        <ele>134.964117</ele>
        <time>2026-01-05T18:00:33.158Z</time>
      </trkpt>
      <trkpt lat="55.883059" lon="38.440237">
        <ele>134.935928</ele>
        <time>2026-01-05T18:00:36.435Z</time>
      </trkpt>
      <trkpt lat="55.883273" lon="38.441017">
        <ele>134.951571</ele>
        <time>2026-01-05T18:00:42.320Z</time>
      </trkpt>
      <trkpt lat="55.883413" lon="38.441781">
        <ele>135.130073</ele>
        <time>2026-01-05T18:00:48.102Z</time>
      </trkpt>
      <trkpt lat="55.883456" lon="38.442287">
        <ele>135.243733</ele>
        <time>2026-01-05T18:00:51.987Z</time>
      </trkpt>
      <trkpt lat="55.883532" lon="38.443996">
        <ele>135.613573</ele>
        <time>2026-01-05T18:01:04.941Z</time>
      </trkpt>
      <trkpt lat="55.883612" lon="38.445631">
        <ele>135.610877</ele>
        <time>2026-01-05T18:01:17.788Z</time>
      </trkpt>
      <trkpt lat="55.883690" lon="38.447231">
        <ele>135.568730</ele>
        <time>2026-01-05T18:01:27.311Z</time>
      </trkpt>
      <trkpt lat="55.883696" lon="38.447378">
        <ele>135.503141</ele>
        <time>2026-01-05T18:01:28.107Z</time>
      </trkpt>
      <trkpt lat="55.883813" lon="38.449415">
        <ele>134.591932</ele>
        <time>2026-01-05T18:01:39.070Z</time>
      </trkpt>
      <trkpt lat="55.883860" lon="38.450294">
        <ele>134.199002</ele>
        <time>2026-01-05T18:01:44.294Z</time>
      </trkpt>
      <trkpt lat="55.883896" lon="38.450986">
        <ele>134.202995</ele>
        <time>2026-01-05T18:01:48.899Z</time>
      </trkpt>
      <trkpt lat="55.883870" lon="38.451366">
        <ele>134.215654</ele>
        <time>2026-01-05T18:01:51.692Z</time>
      </trkpt>
      <trkpt lat="55.883818" lon="38.451543">
        <ele>134.222261</ele>
        <time>2026-01-05T18:01:53.195Z</time>
      </trkpt>
      <trkpt lat="55.883693" lon="38.451733">
        <ele>134.231946</ele>
        <time>2026-01-05T18:01:55.444Z</time>
      </trkpt>
      <trkpt lat="55.880961" lon="38.454798">
        <ele>134.369107</ele>
        <time>2026-01-05T18:02:34.537Z</time>
      </trkpt>
      <trkpt lat="55.880410" lon="38.455455">
        <ele>134.268785</ele>
        <time>2026-01-05T18:02:42.124Z</time>
      </trkpt>
      <trkpt lat="55.879743" lon="38.456322">
        <ele>134.033579</ele>
        <time>2026-01-05T18:02:51.271Z</time>
      </trkpt>
      <trkpt lat="55.879413" lon="38.456740">
        <ele>133.722723</ele>
        <time>2026-01-05T18:02:55.519Z</time>
      </trkpt>
      <trkpt lat="55.879178" lon="38.457034">
        <ele>133.502266</ele>
        <time>2026-01-05T18:02:58.377Z</time>
      </trkpt>
      <trkpt lat="55.878899" lon="38.457363">
        <ele>133.245395</ele>
        <time>2026-01-05T18:03:01.673Z</time>
      </trkpt>
      <trkpt lat="55.878366" lon="38.457943">
        <ele>132.778886</ele>
        <time>2026-01-05T18:03:07.729Z</time>
      </trkpt>
      <trkpt lat="55.878303" lon="38.457986">
        <ele>132.755299</ele>
        <time>2026-01-05T18:03:08.380Z</time>
      </trkpt>
      <trkpt lat="55.878070" lon="38.458036">
        <ele>132.673243</ele>
        <time>2026-01-05T18:03:10.714Z</time>
      </trkpt>
      <trkpt lat="55.878053" lon="38.458012">
        <ele>132.665661</ele>
        <time>2026-01-05T18:03:10.921Z</time>
      </trkpt>
      <trkpt lat="55.878002" lon="38.457992">
        <ele>132.647403</ele>
        <time>2026-01-05T18:03:11.437Z</time>
      </trkpt>
      <trkpt lat="55.877938" lon="38.458069">
        <ele>132.620406</ele>
        <time>2026-01-05T18:03:12.234Z</time>
      </trkpt>
      <trkpt lat="55.877929" lon="38.458121">
        <ele>132.609732</ele>
        <time>2026-01-05T18:03:12.532Z</time>
      </trkpt>
      <trkpt lat="55.877703" lon="38.458611">
        <ele>132.485311</ele>
        <time>2026-01-05T18:03:16.292Z</time>
      </trkpt>
      <trkpt lat="55.877562" lon="38.458857">
        <ele>132.416328</ele>
        <time>2026-01-05T18:03:18.563Z</time>
      </trkpt>
      <trkpt lat="55.877349" lon="38.459392">
        <ele>132.287652</ele>
        <time>2026-01-05T18:03:23.102Z</time>
      </trkpt>
      <trkpt lat="55.877202" lon="38.459927">
        <ele>132.170805</ele>
        <time>2026-01-05T18:03:27.267Z</time>
      </trkpt>
      <trkpt lat="55.877193" lon="38.460245">
        <ele>132.119804</ele>
        <time>2026-01-05T18:03:29.475Z</time>
      </trkpt>
      <trkpt lat="55.877365" lon="38.461233">
        <ele>131.961140</ele>
        <time>2026-01-05T18:03:36.396Z</time>
      </trkpt>
      <trkpt lat="55.877380" lon="38.461458">
        <ele>131.926388</ele>
        <time>2026-01-05T18:03:37.829Z</time>
      </trkpt>
      <trkpt lat="55.877363" lon="38.461612">
        <ele>131.902315</ele>
        <time>2026-01-05T18:03:38.806Z</time>
      </trkpt>
      <trkpt lat="55.876784" lon="38.463780">
        <ele>131.274891</ele>
        <time>2026-01-05T18:03:52.873Z</time>
      </trkpt>
      <trkpt lat="55.876745" lon="38.463938">
        <ele>131.197616</ele>
        <time>2026-01-05T18:03:53.794Z</time>
      </trkpt>
      <trkpt lat="55.876716" lon="38.464051">
        <ele>131.141988</ele>
        <time>2026-01-05T18:03:54.468Z</time>
      </trkpt>
      <trkpt lat="55.876497" lon="38.465408">
        <ele>130.509872</ele>
        <time>2026-01-05T18:04:02.217Z</time>
      </trkpt>
      <trkpt lat="55.876484" lon="38.465485">
        <ele>130.473875</ele>
        <time>2026-01-05T18:04:02.671Z</time>
      </trkpt>
      <trkpt lat="55.876446" lon="38.465726">
        <ele>130.361807</ele>
        <time>2026-01-05T18:04:04.149Z</time>
      </trkpt>
      <trkpt lat="55.876132" lon="38.466138">
        <ele>130.280414</ele>
        <time>2026-01-05T18:04:08.183Z</time>
      </trkpt>
      <trkpt lat="55.876072" lon="38.466218">
        <ele>130.295644</ele>
        <time>2026-01-05T18:04:08.960Z</time>
      </trkpt>
      <trkpt lat="55.875997" lon="38.466264">
        <ele>130.311766</ele>
        <time>2026-01-05T18:04:09.767Z</time>
      </trkpt>
      <trkpt lat="55.875873" lon="38.466558">
        <ele>130.353709</ele>
        <time>2026-01-05T18:04:11.953Z</time>
      </trkpt>
      <trkpt lat="55.875855" lon="38.466682">
        <ele>130.368314</ele>
        <time>2026-01-05T18:04:12.722Z</time>
      </trkpt>
      <trkpt lat="55.875966" lon="38.467294">
        <ele>130.441657</ele>
        <time>2026-01-05T18:04:17.489Z</time>
      </trkpt>
      <trkpt lat="55.876044" lon="38.467560">
        <ele>130.475883</ele>
        <time>2026-01-05T18:04:19.945Z</time>
      </trkpt>
      <trkpt lat="55.876236" lon="38.468148">
        <ele>130.553463</ele>
        <time>2026-01-05T18:04:25.649Z</time>
      </trkpt>
      <trkpt lat="55.876436" lon="38.468697">
        <ele>130.597001</ele>
        <time>2026-01-05T18:04:30.956Z</time>
      </trkpt>
      <trkpt lat="55.876584" lon="38.470015">
        <ele>130.584316</ele>
        <time>2026-01-05T18:04:40.956Z</time>
      </trkpt>
      <trkpt lat="55.876977" lon="38.472963">
        <ele>130.263853</ele>
        <time>2026-01-05T18:04:58.725Z</time>
      </trkpt>
      <trkpt lat="55.877150" lon="38.474223">
        <ele>129.984971</ele>
        <time>2026-01-05T18:05:06.552Z</time>
      </trkpt>
      <trkpt lat="55.877189" lon="38.474506">
        <ele>129.922320</ele>
        <time>2026-01-05T18:05:08.400Z</time>
      </trkpt>
      <trkpt lat="55.877584" lon="38.477305">
        <ele>130.022498</ele>
        <time>2026-01-05T18:05:28.419Z</time>
      </trkpt>
      <trkpt lat="55.877779" lon="38.478013">
        <ele>130.102773</ele>
        <time>2026-01-05T18:05:33.910Z</time>
      </trkpt>
      <trkpt lat="55.878040" lon="38.478639">
        <ele>130.254792</ele>
        <time>2026-01-05T18:05:39.112Z</time>
      </trkpt>
      <trkpt lat="55.878259" lon="38.479007">
        <ele>130.359358</ele>
        <time>2026-01-05T18:05:42.886Z</time>
      </trkpt>
      <trkpt lat="55.878345" lon="38.479135">
        <ele>130.398283</ele>
        <time>2026-01-05T18:05:44.373Z</time>
      </trkpt>
      <trkpt lat="55.878480" lon="38.479267">
        <ele>130.451781</ele>
        <time>2026-01-05T18:05:46.432Z</time>
      </trkpt>
      <trkpt lat="55.878641" lon="38.479360">
        <ele>130.510583</ele>
        <time>2026-01-05T18:05:48.701Z</time>
      </trkpt>
      <trkpt lat="55.879098" lon="38.479455">
        <ele>130.670441</ele>
        <time>2026-01-05T18:05:54.915Z</time>
      </trkpt>
      <trkpt lat="55.879274" lon="38.479453">
        <ele>130.792902</ele>
        <time>2026-01-05T18:05:57.348Z</time>
      </trkpt>
      <trkpt lat="55.879396" lon="38.479452">
        <ele>130.881146</ele>
        <time>2026-01-05T18:05:59.030Z</time>
      </trkpt>
      <trkpt lat="55.880629" lon="38.479437">
        <ele>131.772995</ele>
        <time>2026-01-05T18:06:17.052Z</time>
      </trkpt>
      <trkpt lat="55.881015" lon="38.479491">
        <ele>131.983847</ele>
        <time>2026-01-05T18:06:22.454Z</time>
      </trkpt>
      <trkpt lat="55.881139" lon="38.479539">
        <ele>131.993327</ele>
        <time>2026-01-05T18:06:24.148Z</time>
      </trkpt>
      <trkpt lat="55.881177" lon="38.479565">
        <ele>131.996367</ele>
        <time>2026-01-05T18:06:24.697Z</time>
      </trkpt>
      <trkpt lat="55.881648" lon="38.479902">
        <ele>132.034283</ele>
        <time>2026-01-05T18:06:31.142Z</time>
      </trkpt>
      <trkpt lat="55.882003" lon="38.480158">
        <ele>132.062892</ele>
        <time>2026-01-05T18:06:35.697Z</time>
      </trkpt>
      <trkpt lat="55.882043" lon="38.480187">
        <ele>132.066118</ele>
        <time>2026-01-05T18:06:36.235Z</time>
      </trkpt>
      <trkpt lat="55.882950" lon="38.480771">
        <ele>132.109105</ele>
        <time>2026-01-05T18:06:46.869Z</time>
      </trkpt>
      <trkpt lat="55.883203" lon="38.480953">
        <ele>132.108269</ele>
        <time>2026-01-05T18:06:49.802Z</time>
      </trkpt>
      <trkpt lat="55.883676" lon="38.481294">
        <ele>132.106705</ele>
        <time>2026-01-05T18:06:55.747Z</time>
      </trkpt>
      <trkpt lat="55.883758" lon="38.481353">
        <ele>132.106434</ele>
        <time>2026-01-05T18:06:56.782Z</time>
      </trkpt>
      <trkpt lat="55.885093" lon="38.482282">
        <ele>132.382454</ele>
        <time>2026-01-05T18:07:15.288Z</time>
      </trkpt>
      <trkpt lat="55.885364" lon="38.482471">
        <ele>132.474341</ele>
        <time>2026-01-05T18:07:19.115Z</time>
      </trkpt>
      <trkpt lat="55.886207" lon="38.483057">
        <ele>132.700227</ele>
        <time>2026-01-05T18:07:30.728Z</time>
      </trkpt>
      <trkpt lat="55.886628" lon="38.483338">
        <ele>132.744970</ele>
        <time>2026-01-05T18:07:36.271Z</time>
      </trkpt>
      <trkpt lat="55.888570" lon="38.484635">
        <ele>133.056721</ele>
        <time>2026-01-05T18:08:01.144Z</time>
      </trkpt>
      <trkpt lat="55.888736" lon="38.484750">
        <ele>133.093183</ele>
        <time>2026-01-05T18:08:03.478Z</time>
      </trkpt>
      <trkpt lat="55.888871" lon="38.484841">
        <ele>133.122732</ele>
        <time>2026-01-05T18:08:05.388Z</time>
      </trkpt>
      <trkpt lat="55.889276" lon="38.485098">
        <ele>133.210746</ele>
        <time>2026-01-05T18:08:11.133Z</time>
      </trkpt>
      <trkpt lat="55.889925" lon="38.485523">
        <ele>133.296269</ele>
        <time>2026-01-05T18:08:20.334Z</time>
      </trkpt>
      <trkpt lat="55.890776" lon="38.486082">
        <ele>133.403328</ele>
        <time>2026-01-05T18:08:31.310Z</time>
      </trkpt>
      <trkpt lat="55.890919" lon="38.486178">
        <ele>133.421366</ele>
        <time>2026-01-05T18:08:33.046Z</time>
      </trkpt>
      <trkpt lat="55.891428" lon="38.486521">
        <ele>133.127133</ele>
        <time>2026-01-05T18:08:38.844Z</time>
      </trkpt>
      <trkpt lat="55.891498" lon="38.486569">
        <ele>133.076442</ele>
        <time>2026-01-05T18:08:39.605Z</time>
      </trkpt>
      <trkpt lat="55.891713" lon="38.486692">
        <ele>132.923829</ele>
        <time>2026-01-05T18:08:41.895Z</time>
      </trkpt>
      <trkpt lat="55.891917" lon="38.486807">
        <ele>132.779220</ele>
        <time>2026-01-05T18:08:44.000Z</time>
      </trkpt>
      <trkpt lat="55.893015" lon="38.487430">
        <ele>132.015216</ele>
        <time>2026-01-05T18:08:55.514Z</time>
      </trkpt>
      <trkpt lat="55.894072" lon="38.488030">
        <ele>131.316779</ele>
        <time>2026-01-05T18:09:07.286Z</time>
      </trkpt>
      <trkpt lat="55.894451" lon="38.488252">
        <ele>131.071916</ele>
        <time>2026-01-05T18:09:11.343Z</time>
      </trkpt>
      <trkpt lat="55.894869" lon="38.488496">
        <ele>130.889589</ele>
        <time>2026-01-05T18:09:15.747Z</time>
      </trkpt>
      <trkpt lat="55.894923" lon="38.488528">
        <ele>130.866000</ele>
        <time>2026-01-05T18:09:16.325Z</time>
      </trkpt>
      <trkpt lat="55.895446" lon="38.488834">
        <ele>130.637823</ele>
        <time>2026-01-05T18:09:21.956Z</time>
      </trkpt>
      <trkpt lat="55.896436" lon="38.489413">
        <ele>130.560123</ele>
        <time>2026-01-05T18:09:34.167Z</time>
      </trkpt>
      <trkpt lat="55.896725" lon="38.489541">
        <ele>130.766563</ele>
        <time>2026-01-05T18:09:38.571Z</time>
      </trkpt>
      <trkpt lat="55.897220" lon="38.489789">
        <ele>131.123013</ele>
        <time>2026-01-05T18:09:46.357Z</time>
      </trkpt>
      <trkpt lat="55.898634" lon="38.490540">
        <ele>132.195953</ele>
        <time>2026-01-05T18:10:07.919Z</time>
      </trkpt>
      <trkpt lat="55.899230" lon="38.490877">
        <ele>132.668170</ele>
        <time>2026-01-05T18:10:16.379Z</time>
      </trkpt>
      <trkpt lat="55.899492" lon="38.491026">
        <ele>132.875864</ele>
        <time>2026-01-05T18:10:20.171Z</time>
      </trkpt>
      <trkpt lat="55.899686" lon="38.491136">
        <ele>133.060018</ele>
        <time>2026-01-05T18:10:23.007Z</time>
      </trkpt>
      <trkpt lat="55.901577" lon="38.492226">
        <ele>134.791178</ele>
        <time>2026-01-05T18:10:54.070Z</time>
      </trkpt>
      <trkpt lat="55.904288" lon="38.493769">
        <ele>134.368271</ele>
        <time>2026-01-05T18:11:25.501Z</time>
      </trkpt>
      <trkpt lat="55.904744" lon="38.494005">
        <ele>134.209253</ele>
        <time>2026-01-05T18:11:30.586Z</time>
      </trkpt>
      <trkpt lat="55.905229" lon="38.494284">
        <ele>134.082630</ele>
        <time>2026-01-05T18:11:36.148Z</time>
      </trkpt>
      <trkpt lat="55.905570" lon="38.494567">
        <ele>133.989178</ele>
        <time>2026-01-05T18:11:40.333Z</time>
      </trkpt>
      <trkpt lat="55.906508" lon="38.495839">
        <ele>133.639139</ele>
        <time>2026-01-05T18:11:53.989Z</time>
      </trkpt>
      <trkpt lat="55.906865" lon="38.496401">
        <ele>133.427009</ele>
        <time>2026-01-05T18:11:58.849Z</time>
      </trkpt>
      <trkpt lat="55.907482" lon="38.497372">
        <ele>133.060437</ele>
        <time>2026-01-05T18:12:07.475Z</time>
      </trkpt>
      <trkpt lat="55.908346" lon="38.498875">
        <ele>132.928704</ele>
        <time>2026-01-05T18:12:20.545Z</time>
      </trkpt>
      <trkpt lat="55.908643" lon="38.499391">
        <ele>132.912682</ele>
        <time>2026-01-05T18:12:25.915Z</time>
      </trkpt>
      <trkpt lat="55.908806" lon="38.499755">
        <ele>132.902589</ele>
        <time>2026-01-05T18:12:29.309Z</time>
      </trkpt>
      <trkpt lat="55.908888" lon="38.500142">
        <ele>132.948304</ele>
        <time>2026-01-05T18:12:32.377Z</time>
      </trkpt>
      <trkpt lat="55.908899" lon="38.502029">
        <ele>133.450061</ele>
        <time>2026-01-05T18:12:46.838Z</time>
      </trkpt>
      <trkpt lat="55.908908" lon="38.502464">
        <ele>133.565801</ele>
        <time>2026-01-05T18:12:50.158Z</time>
      </trkpt>
      <trkpt lat="55.908982" lon="38.503665">
        <ele>133.831605</ele>
        <time>2026-01-05T18:12:59.050Z</time>
      </trkpt>
      <trkpt lat="55.909071" lon="38.504397">
        <ele>133.949617</ele>
        <time>2026-01-05T18:13:04.398Z</time>
      </trkpt>
      <trkpt lat="55.909221" lon="38.505068">
        <ele>134.063433</ele>
        <time>2026-01-05T18:13:09.458Z</time>
      </trkpt>
      <trkpt lat="55.909371" lon="38.505576">
        <ele>134.153896</ele>
        <time>2026-01-05T18:13:13.542Z</time>
      </trkpt>
      <trkpt lat="55.910969" lon="38.509601">
        <ele>134.519069</ele>
        <time>2026-01-05T18:13:48.088Z</time>
      </trkpt>
      <trkpt lat="55.912031" lon="38.512296">
        <ele>134.707714</ele>
        <time>2026-01-05T18:14:08.574Z</time>
      </trkpt>
      <trkpt lat="55.912457" lon="38.513339">
        <ele>135.053918</ele>
        <time>2026-01-05T18:14:19.363Z</time>
      </trkpt>
      <trkpt lat="55.913224" lon="38.515434">
        <ele>135.759921</ele>
        <time>2026-01-05T18:14:39.701Z</time>
      </trkpt>
      <trkpt lat="55.914312" lon="38.518326">
        <ele>136.315418</ele>
        <time>2026-01-05T18:15:03.675Z</time>
      </trkpt>
      <trkpt lat="55.915528" lon="38.521494">
        <ele>136.583991</ele>
        <time>2026-01-05T18:15:29.992Z</time>
      </trkpt>
      <trkpt lat="55.915924" lon="38.522977">
        <ele>136.394566</ele>
        <time>2026-01-05T18:15:41.346Z</time>
      </trkpt>
      <trkpt lat="55.915982" lon="38.523217">
        <ele>136.338838</ele>
        <time>2026-01-05T18:15:43.079Z</time>
      </trkpt>
      <trkpt lat="55.916565" lon="38.525555">
        <ele>135.544121</ele>
        <time>2026-01-05T18:15:57.842Z</time>
      </trkpt>
      <trkpt lat="55.916778" lon="38.526274">
        <ele>135.076868</ele>
        <time>2026-01-05T18:16:02.246Z</time>
      </trkpt>
      <trkpt lat="55.916981" lon="38.526636">
        <ele>134.782644</ele>
        <time>2026-01-05T18:16:04.962Z</time>
      </trkpt>
      <trkpt lat="55.917154" lon="38.526838">
        <ele>134.570687</ele>
        <time>2026-01-05T18:16:06.918Z</time>
      </trkpt>
      <trkpt lat="55.917973" lon="38.527791">
        <ele>133.627170</ele>
        <time>2026-01-05T18:16:16.298Z</time>
      </trkpt>
      <trkpt lat="55.918052" lon="38.527882">
        <ele>133.541520</ele>
        <time>2026-01-05T18:16:17.224Z</time>
      </trkpt>
      <trkpt lat="55.918144" lon="38.527996">
        <ele>133.439496</ele>
        <time>2026-01-05T18:16:18.296Z</time>
      </trkpt>
      <trkpt lat="55.918433" lon="38.528489">
        <ele>133.075319</ele>
        <time>2026-01-05T18:16:22.170Z</time>
      </trkpt>
      <trkpt lat="55.918700" lon="38.529047">
        <ele>132.700788</ele>
        <time>2026-01-05T18:16:26.269Z</time>
      </trkpt>
      <trkpt lat="55.918968" lon="38.529766">
        <ele>132.539093</ele>
        <time>2026-01-05T18:16:31.371Z</time>
      </trkpt>
      <trkpt lat="55.919145" lon="38.530705">
        <ele>132.746726</ele>
        <time>2026-01-05T18:16:37.704Z</time>
      </trkpt>
      <trkpt lat="55.919321" lon="38.532333">
        <ele>133.094216</ele>
        <time>2026-01-05T18:16:50.967Z</time>
      </trkpt>
      <trkpt lat="55.919480" lon="38.533930">
        <ele>134.097978</ele>
        <time>2026-01-05T18:17:05.604Z</time>
      </trkpt>
      <trkpt lat="55.919617" lon="38.534613">
        <ele>134.582457</ele>
        <time>2026-01-05T18:17:12.917Z</time>
      </trkpt>
      <trkpt lat="55.919726" lon="38.534991">
        <ele>134.866365</ele>
        <time>2026-01-05T18:17:16.789Z</time>
      </trkpt>
      <trkpt lat="55.919848" lon="38.535349">
        <ele>135.146194</ele>
        <time>2026-01-05T18:17:20.278Z</time>
      </trkpt>
      <trkpt lat="55.920182" lon="38.536138">
        <ele>135.270889</ele>
        <time>2026-01-05T18:17:27.608Z</time>
      </trkpt>
      <trkpt lat="55.920453" lon="38.536617">
        <ele>135.268041</ele>
        <time>2026-01-05T18:17:32.360Z</time>
      </trkpt>
      <trkpt lat="55.920750" lon="38.536981">
        <ele>135.265352</ele>
        <time>2026-01-05T18:17:36.462Z</time>
      </trkpt>
      <trkpt lat="55.921830" lon="38.537958">
        <ele>135.255662</ele>
        <time>2026-01-05T18:17:49.009Z</time>
      </trkpt>
      <trkpt lat="55.923227" lon="38.539320">
        <ele>135.519176</ele>
        <time>2026-01-05T18:18:09.373Z</time>
      </trkpt>
      <trkpt lat="55.923917" lon="38.540040">
        <ele>136.074834</ele>
        <time>2026-01-05T18:18:20.974Z</time>
      </trkpt>
      <trkpt lat="55.924065" lon="38.540283">
        <ele>136.214639</ele>
        <time>2026-01-05T18:18:23.922Z</time>
      </trkpt>
      <trkpt lat="55.924293" lon="38.540793">
        <ele>136.468779</ele>
        <time>2026-01-05T18:18:29.296Z</time>
      </trkpt>
      <trkpt lat="55.925102" lon="38.543152">
        <ele>137.508110</ele>
        <time>2026-01-05T18:18:51.043Z</time>
      </trkpt>
      <trkpt lat="55.925412" lon="38.543674">
        <ele>137.755450</ele>
        <time>2026-01-05T18:18:56.780Z</time>
      </trkpt>
      <trkpt lat="55.925844" lon="38.544118">
        <ele>137.951632</ele>
        <time>2026-01-05T18:19:03.476Z</time>
      </trkpt>
      <trkpt lat="55.926595" lon="38.544616">
        <ele>138.266920</ele>
        <time>2026-01-05T18:19:14.101Z</time>
      </trkpt>
      <trkpt lat="55.927225" lon="38.544944">
        <ele>138.372938</ele>
        <time>2026-01-05T18:19:22.341Z</time>
      </trkpt>
      <trkpt lat="55.927590" lon="38.544985">
        <ele>138.328456</ele>
        <time>2026-01-05T18:19:26.710Z</time>
      </trkpt>
      <trkpt lat="55.928180" lon="38.544949">
        <ele>138.256654</ele>
        <time>2026-01-05T18:19:33.460Z</time>
      </trkpt>
      <trkpt lat="55.929513" lon="38.544514">
        <ele>137.534717</ele>
        <time>2026-01-05T18:19:48.040Z</time>
      </trkpt>
      <trkpt lat="55.929739" lon="38.544425">
        <ele>137.347001</ele>
        <time>2026-01-05T18:19:50.355Z</time>
      </trkpt>
      <trkpt lat="55.931659" lon="38.543690">
        <ele>135.897226</ele>
        <time>2026-01-05T18:20:08.964Z</time>
      </trkpt>
      <trkpt lat="55.931959" lon="38.543691">
        <ele>135.689498</ele>
        <time>2026-01-05T18:20:12.300Z</time>
      </trkpt>
      <trkpt lat="55.932165" lon="38.543749">
        <ele>135.545095</ele>
        <time>2026-01-05T18:20:14.869Z</time>
      </trkpt>
      <trkpt lat="55.932406" lon="38.543884">
        <ele>135.687031</ele>
        <time>2026-01-05T18:20:18.250Z</time>
      </trkpt>
      <trkpt lat="55.933702" lon="38.545218">
        <ele>137.489805</ele>
        <time>2026-01-05T18:20:43.035Z</time>
      </trkpt>
      <trkpt lat="55.934341" lon="38.545754">
        <ele>138.084043</ele>
        <time>2026-01-05T18:20:54.548Z</time>
      </trkpt>
      <trkpt lat="55.938131" lon="38.546865">
        <ele>140.136684</ele>
        <time>2026-01-05T18:21:45.257Z</time>
      </trkpt>
      <trkpt lat="55.940232" lon="38.548064">
        <ele>141.204083</ele>
        <time>2026-01-05T18:22:15.148Z</time>
      </trkpt>
      <trkpt lat="55.941033" lon="38.548394">
        <ele>141.499750</ele>
        <time>2026-01-05T18:22:26.401Z</time>
      </trkpt>
      <trkpt lat="55.942007" lon="38.548633">
        <ele>141.522283</ele>
        <time>2026-01-05T18:22:38.436Z</time>
      </trkpt>
      <trkpt lat="55.943380" lon="38.548970">
        <ele>140.970398</ele>
        <time>2026-01-05T18:22:53.243Z</time>
      </trkpt>
      <trkpt lat="55.943822" lon="38.549154">
        <ele>140.655661</ele>
        <time>2026-01-05T18:22:57.674Z</time>
      </trkpt>
      <trkpt lat="55.944260" lon="38.549435">
        <ele>140.332909</ele>
        <time>2026-01-05T18:23:02.299Z</time>
      </trkpt>
      <trkpt lat="55.944505" lon="38.549634">
        <ele>140.178636</ele>
        <time>2026-01-05T18:23:04.997Z</time>
      </trkpt>
      <trkpt lat="55.945605" lon="38.550757">
        <ele>139.500597</ele>
        <time>2026-01-05T18:23:17.990Z</time>
      </trkpt>
      <trkpt lat="55.946797" lon="38.551974">
        <ele>139.292948</ele>
        <time>2026-01-05T18:23:34.959Z</time>
      </trkpt>
      <trkpt lat="55.947666" lon="38.552861">
        <ele>139.257254</ele>
        <time>2026-01-05T18:23:46.489Z</time>
      </trkpt>
      <trkpt lat="55.947956" lon="38.553092">
        <ele>139.241613</ele>
        <time>2026-01-05T18:23:49.819Z</time>
      </trkpt>
      <trkpt lat="55.948216" lon="38.553230">
        <ele>139.228253</ele>
        <time>2026-01-05T18:23:52.727Z</time>
      </trkpt>
      <trkpt lat="55.949098" lon="38.553383">
        <ele>139.184604</ele>
        <time>2026-01-05T18:24:03.618Z</time>
      </trkpt>
      <trkpt lat="55.949303" lon="38.553989">
        <ele>139.101803</ele>
        <time>2026-01-05T18:24:08.937Z</time>
      </trkpt>
      <trkpt lat="55.949910" lon="38.555786">
        <ele>138.812267</ele>
        <time>2026-01-05T18:24:23.528Z</time>
      </trkpt>
      <trkpt lat="55.950079" lon="38.556284">
        <ele>138.664051</ele>
        <time>2026-01-05T18:24:26.663Z</time>
      </trkpt>
      <trkpt lat="55.950598" lon="38.557901">
        <ele>135.388251</ele>
        <time>2026-01-05T18:24:35.405Z</time>
      </trkpt>
      <trkpt lat="55.950837" lon="38.558694">
        <ele>133.805435</ele>
        <time>2026-01-05T18:24:39.233Z</time>
      </trkpt>
      <trkpt lat="55.950904" lon="38.558942">
        <ele>133.321480</ele>
        <time>2026-01-05T18:24:40.406Z</time>
      </trkpt>
      <trkpt lat="55.951229" lon="38.560129">
        <ele>131.310477</ele>
        <time>2026-01-05T18:24:46.152Z</time>
      </trkpt>
      <trkpt lat="55.951254" lon="38.560246">
        <ele>131.123120</ele>
        <time>2026-01-05T18:24:46.718Z</time>
      </trkpt>
      <trkpt lat="55.951453" lon="38.561074">
        <ele>129.775053</ele>
        <time>2026-01-05T18:24:50.928Z</time>
      </trkpt>
      <trkpt lat="55.951527" lon="38.561821">
        <ele>128.640119</ele>
        <time>2026-01-05T18:24:54.992Z</time>
      </trkpt>
      <trkpt lat="55.951518" lon="38.562548">
        <ele>128.106106</ele>
        <time>2026-01-05T18:24:59.687Z</time>
      </trkpt>
      <trkpt lat="55.951388" lon="38.564185">
        <ele>127.500552</ele>
        <time>2026-01-05T18:25:09.423Z</time>
      </trkpt>
      <trkpt lat="55.951391" lon="38.564901">
        <ele>127.238308</ele>
        <time>2026-01-05T18:25:13.340Z</time>
      </trkpt>
      <trkpt lat="55.951437" lon="38.565505">
        <ele>127.089466</ele>
        <time>2026-01-05T18:25:16.765Z</time>
      </trkpt>
      <trkpt lat="55.951512" lon="38.565996">
        <ele>127.050560</ele>
        <time>2026-01-05T18:25:19.709Z</time>
      </trkpt>
      <trkpt lat="55.952281" lon="38.568997">
        <ele>127.019578</ele>
        <time>2026-01-05T18:25:42.211Z</time>
      </trkpt>
      <trkpt lat="55.953704" lon="38.574427">
        <ele>128.094406</ele>
        <time>2026-01-05T18:26:26.581Z</time>
      </trkpt>
      <trkpt lat="55.953896" lon="38.575484">
        <ele>127.999642</ele>
        <time>2026-01-05T18:26:33.731Z</time>
      </trkpt>
      <trkpt lat="55.953917" lon="38.576001">
        <ele>127.955437</ele>
        <time>2026-01-05T18:26:36.881Z</time>
      </trkpt>
      <trkpt lat="55.953800" lon="38.578236">
        <ele>127.884716</ele>
        <time>2026-01-05T18:26:50.369Z</time>
      </trkpt>
      <trkpt lat="55.953684" lon="38.580902">
        <ele>128.066632</ele>
        <time>2026-01-05T18:27:09.366Z</time>
      </trkpt>
      <trkpt lat="55.953559" lon="38.582716">
        <ele>128.490328</ele>
        <time>2026-01-05T18:27:23.288Z</time>
      </trkpt>
      <trkpt lat="55.953476" lon="38.583155">
        <ele>128.597745</ele>
        <time>2026-01-05T18:27:26.763Z</time>
      </trkpt>
      <trkpt lat="55.953176" lon="38.584244">
        <ele>128.820710</ele>
        <time>2026-01-05T18:27:35.656Z</time>
      </trkpt>
      <trkpt lat="55.952510" lon="38.586085">
        <ele>129.176282</ele>
        <time>2026-01-05T18:27:51.069Z</time>
      </trkpt>
      <trkpt lat="55.952249" lon="38.587167">
        <ele>129.373590</ele>
        <time>2026-01-05T18:27:59.340Z</time>
      </trkpt>
      <trkpt lat="55.951494" lon="38.592453">
        <ele>130.595862</ele>
        <time>2026-01-05T18:28:39.105Z</time>
      </trkpt>
      <trkpt lat="55.950611" lon="38.598448">
        <ele>134.469096</ele>
        <time>2026-01-05T18:29:33.607Z</time>
      </trkpt>
      <trkpt lat="55.950388" lon="38.599859">
        <ele>134.925467</ele>
        <time>2026-01-05T18:29:45.349Z</time>
      </trkpt>
      <trkpt lat="55.950159" lon="38.600685">
        <ele>135.165596</ele>
        <time>2026-01-05T18:29:52.085Z</time>
      </trkpt>
      <trkpt lat="55.949875" lon="38.601266">
        <ele>135.366528</ele>
        <time>2026-01-05T18:29:57.493Z</time>
      </trkpt>
      <trkpt lat="55.949036" lon="38.602679">
        <ele>135.318182</ele>
        <time>2026-01-05T18:30:10.900Z</time>
      </trkpt>
      <trkpt lat="55.946311" lon="38.607150">
        <ele>134.608258</ele>
        <time>2026-01-05T18:30:52.472Z</time>
      </trkpt>
      <trkpt lat="55.945992" lon="38.607694">
        <ele>134.516166</ele>
        <time>2026-01-05T18:30:57.752Z</time>
      </trkpt>
      <trkpt lat="55.945362" lon="38.608738">
        <ele>134.170706</ele>
        <time>2026-01-05T18:31:07.065Z</time>
      </trkpt>
      <trkpt lat="55.944963" lon="38.609537">
        <ele>133.884213</ele>
        <time>2026-01-05T18:31:13.054Z</time>
      </trkpt>
      <trkpt lat="55.944755" lon="38.610119">
        <ele>133.699445</ele>
        <time>2026-01-05T18:31:16.919Z</time>
      </trkpt>
      <trkpt lat="55.944018" lon="38.613300">
        <ele>134.260200</ele>
        <time>2026-01-05T18:31:41.042Z</time>
      </trkpt>
      <trkpt lat="55.943464" lon="38.614759">
        <ele>135.830850</ele>
        <time>2026-01-05T18:31:59.230Z</time>
      </trkpt>
      <trkpt lat="55.943070" lon="38.615541">
        <ele>136.819714</ele>
        <time>2026-01-05T18:32:10.289Z</time>
      </trkpt>
      <trkpt lat="55.942731" lon="38.616062">
        <ele>137.375855</ele>
        <time>2026-01-05T18:32:17.797Z</time>
      </trkpt>
      <trkpt lat="55.941643" lon="38.617396">
        <ele>137.969595</ele>
        <time>2026-01-05T18:32:35.127Z</time>
      </trkpt>
      <trkpt lat="55.941386" lon="38.617686">
        <ele>138.106363</ele>
        <time>2026-01-05T18:32:38.498Z</time>
      </trkpt>
      <trkpt lat="55.939450" lon="38.619871">
        <ele>137.685367</ele>
        <time>2026-01-05T18:33:03.291Z</time>
      </trkpt>
      <trkpt lat="55.939065" lon="38.620245">
        <ele>137.829368</ele>
        <time>2026-01-05T18:33:08.979Z</time>
      </trkpt>
      <trkpt lat="55.938667" lon="38.620524">
        <ele>137.969848</ele>
        <time>2026-01-05T18:33:14.940Z</time>
      </trkpt>
      <trkpt lat="55.938320" lon="38.620674">
        <ele>138.087148</ele>
        <time>2026-01-05T18:33:20.225Z</time>
      </trkpt>
      <trkpt lat="55.938038" lon="38.620725">
        <ele>138.127479</ele>
        <time>2026-01-05T18:33:24.298Z</time>
      </trkpt>
      <trkpt lat="55.937410" lon="38.620838">
        <ele>138.152737</ele>
        <time>2026-01-05T18:33:32.668Z</time>
      </trkpt>
      <trkpt lat="55.936355" lon="38.621023">
        <ele>138.151166</ele>
        <time>2026-01-05T18:33:44.318Z</time>
      </trkpt>
      <trkpt lat="55.936171" lon="38.621113">
        <ele>138.047767</ele>
        <time>2026-01-05T18:33:46.199Z</time>
      </trkpt>
      <trkpt lat="55.935797" lon="38.621415">
        <ele>137.825299</ele>
        <time>2026-01-05T18:33:50.289Z</time>
      </trkpt>
      <trkpt lat="55.935616" lon="38.621609">
        <ele>137.710880</ele>
        <time>2026-01-05T18:33:52.429Z</time>
      </trkpt>
      <trkpt lat="55.935424" lon="38.621852">
        <ele>137.583325</ele>
        <time>2026-01-05T18:33:54.843Z</time>
      </trkpt>
      <trkpt lat="55.935243" lon="38.622203">
        <ele>137.438489</ele>
        <time>2026-01-05T18:33:57.644Z</time>
      </trkpt>
      <trkpt lat="55.935050" lon="38.622653">
        <ele>137.266432</ele>
        <time>2026-01-05T18:34:01.120Z</time>
      </trkpt>
      <trkpt lat="55.934788" lon="38.623330">
        <ele>137.226778</ele>
        <time>2026-01-05T18:34:06.411Z</time>
      </trkpt>
      <trkpt lat="55.934468" lon="38.624204">
        <ele>137.241736</ele>
        <time>2026-01-05T18:34:13.654Z</time>
      </trkpt>
      <trkpt lat="55.932296" lon="38.630183">
        <ele>137.404000</ele>
        <time>2026-01-05T18:35:01.930Z</time>
      </trkpt>
      <trkpt lat="55.929518" lon="38.637724">
        <ele>136.464382</ele>
        <time>2026-01-05T18:35:59.289Z</time>
      </trkpt>
      <trkpt lat="55.929441" lon="38.637946">
        <ele>136.418697</ele>
        <time>2026-01-05T18:36:00.851Z</time>
      </trkpt>
      <trkpt lat="55.926677" lon="38.645310">
        <ele>134.457176</ele>
        <time>2026-01-05T18:36:54.051Z</time>
      </trkpt>
      <trkpt lat="55.926394" lon="38.645833">
        <ele>134.365128</ele>
        <time>2026-01-05T18:36:58.327Z</time>
      </trkpt>
      <trkpt lat="55.926088" lon="38.646187">
        <ele>134.282732</ele>
        <time>2026-01-05T18:37:02.310Z</time>
      </trkpt>
      <trkpt lat="55.925797" lon="38.646440">
        <ele>134.247239</ele>
        <time>2026-01-05T18:37:06.287Z</time>
      </trkpt>
      <trkpt lat="55.925325" lon="38.646696">
        <ele>134.943107</ele>
        <time>2026-01-05T18:37:13.250Z</time>
      </trkpt>
      <trkpt lat="55.923871" lon="38.647310">
        <ele>136.956893</ele>
        <time>2026-01-05T18:37:40.116Z</time>
      </trkpt>
      <trkpt lat="55.923551" lon="38.647560">
        <ele>137.294844</ele>
        <time>2026-01-05T18:37:46.232Z</time>
      </trkpt>
      <trkpt lat="55.923271" lon="38.647898">
        <ele>137.621880</ele>
        <time>2026-01-05T18:37:51.668Z</time>
      </trkpt>
      <trkpt lat="55.922940" lon="38.648470">
        <ele>138.067629</ele>
        <time>2026-01-05T18:37:58.334Z</time>
      </trkpt>
      <trkpt lat="55.920495" lon="38.654776">
        <ele>137.905280</ele>
        <time>2026-01-05T18:38:47.503Z</time>
      </trkpt>
      <trkpt lat="55.920252" lon="38.655538">
        <ele>137.717482</ele>
        <time>2026-01-05T18:38:52.743Z</time>
      </trkpt>
      <trkpt lat="55.920064" lon="38.656374">
        <ele>137.524532</ele>
        <time>2026-01-05T18:38:58.060Z</time>
      </trkpt>
      <trkpt lat="55.919665" lon="38.658800">
        <ele>137.178124</ele>
        <time>2026-01-05T18:39:13.467Z</time>
      </trkpt>
      <trkpt lat="55.919605" lon="38.659548">
        <ele>137.110708</ele>
        <time>2026-01-05T18:39:18.378Z</time>
      </trkpt>
      <trkpt lat="55.919633" lon="38.660297">
        <ele>137.043734</ele>
        <time>2026-01-05T18:39:23.443Z</time>
      </trkpt>
      <trkpt lat="55.919691" lon="38.660678">
        <ele>137.054015</ele>
        <time>2026-01-05T18:39:26.165Z</time>
      </trkpt>
      <trkpt lat="55.920604" lon="38.664963">
        <ele>137.323670</ele>
        <time>2026-01-05T18:39:58.129Z</time>
      </trkpt>
      <trkpt lat="55.920994" lon="38.666724">
        <ele>137.292989</ele>
        <time>2026-01-05T18:40:10.060Z</time>
      </trkpt>
      <trkpt lat="55.921282" lon="38.668097">
        <ele>137.143050</ele>
        <time>2026-01-05T18:40:19.204Z</time>
      </trkpt>
      <trkpt lat="55.921794" lon="38.670547">
        <ele>137.034502</ele>
        <time>2026-01-05T18:40:36.223Z</time>
      </trkpt>
      <trkpt lat="55.921994" lon="38.671214">
        <ele>137.058833</ele>
        <time>2026-01-05T18:40:41.333Z</time>
      </trkpt>
      <trkpt lat="55.922169" lon="38.671537">
        <ele>137.073284</ele>
        <time>2026-01-05T18:40:44.458Z</time>
      </trkpt>
      <trkpt lat="55.922261" lon="38.671645">
        <ele>137.079605</ele>
        <time>2026-01-05T18:40:45.829Z</time>
      </trkpt>
      <trkpt lat="55.922759" lon="38.672137">
        <ele>137.077826</ele>
        <time>2026-01-05T18:40:53.008Z</time>
      </trkpt>
      <trkpt lat="55.922950" lon="38.672280">
        <ele>137.057061</ele>
        <time>2026-01-05T18:40:55.650Z</time>
      </trkpt>
      <trkpt lat="55.924031" lon="38.673085">
        <ele>136.939632</ele>
        <time>2026-01-05T18:41:09.234Z</time>
      </trkpt>
      <trkpt lat="55.924516" lon="38.673466">
        <ele>136.826273</ele>
        <time>2026-01-05T18:41:14.786Z</time>
      </trkpt>
      <trkpt lat="55.924706" lon="38.673645">
        <ele>136.765308</ele>
        <time>2026-01-05T18:41:17.024Z</time>
      </trkpt>
      <trkpt lat="55.924913" lon="38.673900">
        <ele>136.693937</ele>
        <time>2026-01-05T18:41:19.629Z</time>
      </trkpt>
      <trkpt lat="55.925091" lon="38.674179">
        <ele>136.626716</ele>
        <time>2026-01-05T18:41:22.091Z</time>
      </trkpt>
      <trkpt lat="55.925240" lon="38.674480">
        <ele>136.562859</ele>
        <time>2026-01-05T18:41:24.511Z</time>
      </trkpt>
      <trkpt lat="55.925710" lon="38.675737">
        <ele>136.420733</ele>
        <time>2026-01-05T18:41:34.808Z</time>
      </trkpt>
      <trkpt lat="55.925900" lon="38.676623">
        <ele>136.441157</ele>
        <time>2026-01-05T18:41:41.710Z</time>
      </trkpt>
      <trkpt lat="55.925981" lon="38.677651">
        <ele>136.463506</ele>
        <time>2026-01-05T18:41:48.981Z</time>
      </trkpt>
      <trkpt lat="55.926438" lon="38.684607">
        <ele>135.079871</ele>
        <time>2026-01-05T18:42:31.026Z</time>
      </trkpt>
      <trkpt lat="55.926699" lon="38.688475">
        <ele>135.376043</ele>
        <time>2026-01-05T18:42:58.880Z</time>
      </trkpt>
      <trkpt lat="55.926980" lon="38.692576">
        <ele>135.139160</ele>
        <time>2026-01-05T18:43:25.505Z</time>
      </trkpt>
      <trkpt lat="55.927048" lon="38.694111">
        <ele>134.900883</ele>
        <time>2026-01-05T18:43:34.812Z</time>
      </trkpt>
      <trkpt lat="55.927040" lon="38.695011">
        <ele>134.715333</ele>
        <time>2026-01-05T18:43:40.200Z</time>
      </trkpt>
      <trkpt lat="55.926873" lon="38.697201">
        <ele>134.234988</ele>
        <time>2026-01-05T18:43:53.500Z</time>
      </trkpt>
      <trkpt lat="55.926585" lon="38.700977">
        <ele>133.699606</ele>
        <time>2026-01-05T18:44:17.212Z</time>
      </trkpt>
      <trkpt lat="55.925715" lon="38.712062">
        <ele>133.943726</ele>
        <time>2026-01-05T18:45:32.212Z</time>
      </trkpt>
      <trkpt lat="55.925209" lon="38.717450">
        <ele>135.068532</ele>
        <time>2026-01-05T18:46:12.083Z</time>
      </trkpt>
      <trkpt lat="55.925055" lon="38.718805">
        <ele>135.570561</ele>
        <time>2026-01-05T18:46:23.286Z</time>
      </trkpt>
      <trkpt lat="55.924829" lon="38.720175">
        <ele>136.025541</ele>
        <time>2026-01-05T18:46:34.888Z</time>
      </trkpt>
      <trkpt lat="55.924544" lon="38.721400">
        <ele>136.352248</ele>
        <time>2026-01-05T18:46:44.895Z</time>
      </trkpt>
      <trkpt lat="55.924484" lon="38.721654">
        <ele>136.420143</ele>
        <time>2026-01-05T18:46:46.893Z</time>
      </trkpt>
      <trkpt lat="55.924157" lon="38.722550">
        <ele>136.681978</ele>
        <time>2026-01-05T18:46:54.431Z</time>
      </trkpt>
      <trkpt lat="55.923742" lon="38.723164">
        <ele>136.652472</ele>
        <time>2026-01-05T18:47:00.977Z</time>
      </trkpt>
      <trkpt lat="55.923018" lon="38.723999">
        <ele>136.605287</ele>
        <time>2026-01-05T18:47:10.880Z</time>
      </trkpt>
      <trkpt lat="55.922740" lon="38.724324">
        <ele>136.587096</ele>
        <time>2026-01-05T18:47:14.533Z</time>
      </trkpt>
      <trkpt lat="55.921338" lon="38.725918">
        <ele>136.460653</ele>
        <time>2026-01-05T18:47:33.251Z</time>
      </trkpt>
      <trkpt lat="55.920892" lon="38.726424">
        <ele>136.555830</ele>
        <time>2026-01-05T18:47:40.429Z</time>
      </trkpt>
      <trkpt lat="55.920607" lon="38.726745">
        <ele>136.668594</ele>
        <time>2026-01-05T18:47:45.249Z</time>
      </trkpt>
      <trkpt lat="55.919658" lon="38.727821">
        <ele>137.044792</ele>
        <time>2026-01-05T18:48:00.386Z</time>
      </trkpt>
      <trkpt lat="55.919247" lon="38.725840">
        <ele>136.467937</ele>
        <time>2026-01-05T18:48:12.570Z</time>
      </trkpt>
      <trkpt lat="55.919162" lon="38.725491">
        <ele>136.362942</ele>
        <time>2026-01-05T18:48:14.693Z</time>
      </trkpt>
      <trkpt lat="55.919039" lon="38.725243">
        <ele>136.271563</ele>
        <time>2026-01-05T18:48:16.567Z</time>
      </trkpt>
      <trkpt lat="55.918802" lon="38.724892">
        <ele>136.140298</ele>
        <time>2026-01-05T18:48:19.721Z</time>
      </trkpt>
      <trkpt lat="55.916394" lon="38.721863">
        <ele>135.625559</ele>
        <time>2026-01-05T18:48:53.232Z</time>
      </trkpt>
      <trkpt lat="55.915822" lon="38.721163">
        <ele>135.577755</ele>
        <time>2026-01-05T18:49:01.701Z</time>
      </trkpt>
      <trkpt lat="55.915128" lon="38.720314">
        <ele>135.515583</ele>
        <time>2026-01-05T18:49:12.151Z</time>
      </trkpt>
      <trkpt lat="55.914805" lon="38.720064">
        <ele>135.489568</ele>
        <time>2026-01-05T18:49:16.274Z</time>
      </trkpt>
      <trkpt lat="55.914187" lon="38.719760">
        <ele>135.405393</ele>
        <time>2026-01-05T18:49:23.185Z</time>
      </trkpt>
      <trkpt lat="55.913133" lon="38.719285">
        <ele>135.079568</ele>
        <time>2026-01-05T18:49:34.790Z</time>
      </trkpt>
      <trkpt lat="55.912686" lon="38.718962">
        <ele>134.935023</ele>
        <time>2026-01-05T18:49:40.237Z</time>
      </trkpt>
      <trkpt lat="55.912287" lon="38.718445">
        <ele>135.009732</ele>
        <time>2026-01-05T18:49:46.346Z</time>
      </trkpt>
      <trkpt lat="55.911432" lon="38.717022">
        <ele>135.268808</ele>
        <time>2026-01-05T18:50:01.692Z</time>
      </trkpt>
      <trkpt lat="55.911078" lon="38.716434">
        <ele>135.228598</ele>
        <time>2026-01-05T18:50:07.520Z</time>
      </trkpt>
      <trkpt lat="55.910972" lon="38.716257">
        <ele>135.184644</ele>
        <time>2026-01-05T18:50:09.231Z</time>
      </trkpt>
      <trkpt lat="55.908741" lon="38.712558">
        <ele>133.887290</ele>
        <time>2026-01-05T18:50:41.713Z</time>
      </trkpt>
      <trkpt lat="55.907951" lon="38.711382">
        <ele>133.245429</ele>
        <time>2026-01-05T18:50:52.018Z</time>
      </trkpt>
      <trkpt lat="55.907445" lon="38.710705">
        <ele>132.842360</ele>
        <time>2026-01-05T18:50:58.565Z</time>
      </trkpt>
      <trkpt lat="55.906147" lon="38.709164">
        <ele>132.229962</ele>
        <time>2026-01-05T18:51:15.851Z</time>
      </trkpt>
      <trkpt lat="55.902891" lon="38.705417">
        <ele>130.873273</ele>
        <time>2026-01-05T18:51:57.275Z</time>
      </trkpt>
      <trkpt lat="55.900119" lon="38.702114">
        <ele>132.970187</ele>
        <time>2026-01-05T18:52:44.664Z</time>
      </trkpt>
      <trkpt lat="55.898524" lon="38.700175">
        <ele>134.278598</ele>
        <time>2026-01-05T18:53:11.710Z</time>
      </trkpt>
      <trkpt lat="55.898210" lon="38.699881">
        <ele>134.513061</ele>
        <time>2026-01-05T18:53:16.731Z</time>
      </trkpt>
      <trkpt lat="55.897792" lon="38.699657">
        <ele>134.708399</ele>
        <time>2026-01-05T18:53:22.791Z</time>
      </trkpt>
      <trkpt lat="55.897289" lon="38.699568">
        <ele>134.934076</ele>
        <time>2026-01-05T18:53:29.597Z</time>
      </trkpt>
      <trkpt lat="55.895680" lon="38.699451">
        <ele>135.767802</ele>
        <time>2026-01-05T18:53:50.214Z</time>
      </trkpt>
      <trkpt lat="55.894647" lon="38.699327">
        <ele>136.388166</ele>
        <time>2026-01-05T18:54:05.570Z</time>
      </trkpt>
      <trkpt lat="55.894114" lon="38.699147">
        <ele>136.333371</ele>
        <time>2026-01-05T18:54:13.034Z</time>
      </trkpt>
      <trkpt lat="55.893747" lon="38.698910">
        <ele>136.287827</ele>
        <time>2026-01-05T18:54:17.735Z</time>
      </trkpt>
      <trkpt lat="55.893688" lon="38.698872">
        <ele>136.280507</ele>
        <time>2026-01-05T18:54:18.434Z</time>
      </trkpt>
      <trkpt lat="55.893202" lon="38.698557">
        <ele>136.220169</ele>
        <time>2026-01-05T18:54:23.975Z</time>
      </trkpt>
      <trkpt lat="55.892588" lon="38.698355">
        <ele>135.837419</ele>
        <time>2026-01-05T18:54:30.035Z</time>
      </trkpt>
      <trkpt lat="55.892248" lon="38.698270">
        <ele>135.471455</ele>
        <time>2026-01-05T18:54:33.241Z</time>
      </trkpt>
      <trkpt lat="55.891864" lon="38.698300">
        <ele>135.061740</ele>
        <time>2026-01-05T18:54:36.872Z</time>
      </trkpt>
      <trkpt lat="55.890943" lon="38.699003">
        <ele>134.135520</ele>
        <time>2026-01-05T18:54:46.614Z</time>
      </trkpt>
      <trkpt lat="55.887901" lon="38.701326">
        <ele>132.805796</ele>
        <time>2026-01-05T18:55:22.665Z</time>
      </trkpt>
      <trkpt lat="55.887499" lon="38.701664">
        <ele>133.037389</ele>
        <time>2026-01-05T18:55:27.898Z</time>
      </trkpt>
      <trkpt lat="55.887181" lon="38.701997">
        <ele>133.252135</ele>
        <time>2026-01-05T18:55:32.424Z</time>
      </trkpt>
      <trkpt lat="55.886236" lon="38.703934">
        <ele>134.398127</ele>
        <time>2026-01-05T18:55:53.954Z</time>
      </trkpt>
      <trkpt lat="55.885939" lon="38.704344">
        <ele>134.889514</ele>
        <time>2026-01-05T18:56:00.616Z</time>
      </trkpt>
      <trkpt lat="55.885410" lon="38.704687">
        <ele>135.625908</ele>
        <time>2026-01-05T18:56:10.559Z</time>
      </trkpt>
      <trkpt lat="55.884669" lon="38.704684">
        <ele>136.080681</ele>
        <time>2026-01-05T18:56:22.114Z</time>
      </trkpt>
      <trkpt lat="55.883933" lon="38.704577">
        <ele>135.798886</ele>
        <time>2026-01-05T18:56:30.136Z</time>
      </trkpt>
      <trkpt lat="55.883444" lon="38.704375">
        <ele>135.607337</ele>
        <time>2026-01-05T18:56:34.910Z</time>
      </trkpt>
      <trkpt lat="55.882744" lon="38.703765">
        <ele>134.810092</ele>
        <time>2026-01-05T18:56:42.196Z</time>
      </trkpt>
      <trkpt lat="55.881793" lon="38.702992">
        <ele>133.416830</ele>
        <time>2026-01-05T18:56:51.925Z</time>
      </trkpt>
      <trkpt lat="55.881112" lon="38.702185">
        <ele>132.824383</ele>
        <time>2026-01-05T18:56:59.768Z</time>
      </trkpt>
      <trkpt lat="55.879957" lon="38.700656">
        <ele>132.434809</ele>
        <time>2026-01-05T18:57:15.729Z</time>
      </trkpt>
      <trkpt lat="55.879858" lon="38.700525">
        <ele>132.543175</ele>
        <time>2026-01-05T18:57:17.458Z</time>
      </trkpt>
      <trkpt lat="55.878592" lon="38.699452">
        <ele>133.775285</ele>
        <time>2026-01-05T18:57:39.635Z</time>
      </trkpt>
      <trkpt lat="55.877176" lon="38.697461">
        <ele>135.358851</ele>
        <time>2026-01-05T18:58:07.169Z</time>
      </trkpt>
      <trkpt lat="55.876531" lon="38.696508">
        <ele>134.855784</ele>
        <time>2026-01-05T18:58:16.219Z</time>
      </trkpt>
      <trkpt lat="55.875396" lon="38.694830">
        <ele>133.787426</ele>
        <time>2026-01-05T18:58:30.289Z</time>
      </trkpt>
      <trkpt lat="55.874763" lon="38.694008">
        <ele>133.134805</ele>
        <time>2026-01-05T18:58:37.787Z</time>
      </trkpt>
      <trkpt lat="55.874607" lon="38.693805">
        <ele>132.973853</ele>
        <time>2026-01-05T18:58:39.739Z</time>
      </trkpt>
      <trkpt lat="55.874259" lon="38.693456">
        <ele>132.722375</ele>
        <time>2026-01-05T18:58:43.937Z</time>
      </trkpt>
      <trkpt lat="55.873091" lon="38.692285">
        <ele>133.719077</ele>
        <time>2026-01-05T18:59:02.705Z</time>
      </trkpt>
      <trkpt lat="55.872146" lon="38.691277">
        <ele>134.645583</ele>
        <time>2026-01-05T18:59:21.521Z</time>
      </trkpt>
      <trkpt lat="55.871987" lon="38.691014">
        <ele>134.840477</ele>
        <time>2026-01-05T18:59:24.960Z</time>
      </trkpt>
      <trkpt lat="55.871762" lon="38.690491">
        <ele>135.172698</ele>
        <time>2026-01-05T18:59:30.335Z</time>
      </trkpt>
      <trkpt lat="55.871458" lon="38.689324">
        <ele>135.682635</ele>
        <time>2026-01-05T18:59:39.261Z</time>
      </trkpt>
      <trkpt lat="55.870776" lon="38.687737">
        <ele>135.928688</ele>
        <time>2026-01-05T18:59:52.804Z</time>
      </trkpt>
      <trkpt lat="55.869601" lon="38.685384">
        <ele>136.281008</ele>
        <time>2026-01-05T19:00:16.134Z</time>
      </trkpt>
      <trkpt lat="55.869418" lon="38.684791">
        <ele>136.353926</ele>
        <time>2026-01-05T19:00:20.658Z</time>
      </trkpt>
      <trkpt lat="55.868745" lon="38.681681">
        <ele>135.251835</ele>
        <time>2026-01-05T19:00:39.835Z</time>
      </trkpt>
      <trkpt lat="55.868321" lon="38.680488">
        <ele>134.816499</ele>
        <time>2026-01-05T19:00:47.680Z</time>
      </trkpt>
      <trkpt lat="55.867900" lon="38.679589">
        <ele>134.460007</ele>
        <time>2026-01-05T19:00:54.615Z</time>
      </trkpt>
      <trkpt lat="55.867456" lon="38.679022">
        <ele>134.197039</ele>
        <time>2026-01-05T19:01:01.094Z</time>
      </trkpt>
      <trkpt lat="55.866462" lon="38.678070">
        <ele>133.846257</ele>
        <time>2026-01-05T19:01:14.417Z</time>
      </trkpt>
      <trkpt lat="55.864530" lon="38.676256">
        <ele>132.287512</ele>
        <time>2026-01-05T19:01:36.064Z</time>
      </trkpt>
      <trkpt lat="55.863439" lon="38.675427">
        <ele>131.942531</ele>
        <time>2026-01-05T19:01:48.376Z</time>
      </trkpt>
      <trkpt lat="55.859367" lon="38.672432">
        <ele>133.215218</ele>
        <time>2026-01-05T19:02:45.849Z</time>
      </trkpt>
      <trkpt lat="55.859030" lon="38.672139">
        <ele>133.498716</ele>
        <time>2026-01-05T19:02:51.327Z</time>
      </trkpt>
      <trkpt lat="55.858427" lon="38.671304">
        <ele>134.076094</ele>
        <time>2026-01-05T19:03:02.614Z</time>
      </trkpt>
      <trkpt lat="55.856199" lon="38.667997">
        <ele>136.101527</ele>
        <time>2026-01-05T19:03:43.649Z</time>
      </trkpt>
      <trkpt lat="55.855818" lon="38.667345">
        <ele>136.377540</ele>
        <time>2026-01-05T19:03:51.075Z</time>
      </trkpt>
      <trkpt lat="55.855567" lon="38.666824">
        <ele>136.578888</ele>
        <time>2026-01-05T19:03:56.392Z</time>
      </trkpt>
      <trkpt lat="55.855240" lon="38.666092">
        <ele>136.789284</ele>
        <time>2026-01-05T19:04:02.865Z</time>
      </trkpt>
      <trkpt lat="55.854923" lon="38.665499">
        <ele>136.812840</ele>
        <time>2026-01-05T19:04:08.164Z</time>
      </trkpt>
      <trkpt lat="55.854644" lon="38.665001">
        <ele>136.833079</ele>
        <time>2026-01-05T19:04:12.559Z</time>
      </trkpt>
      <trkpt lat="55.854097" lon="38.664085">
        <ele>136.871551</ele>
        <time>2026-01-05T19:04:21.420Z</time>
      </trkpt>
      <trkpt lat="55.853372" lon="38.663189">
        <ele>137.572207</ele>
        <time>2026-01-05T19:04:33.759Z</time>
      </trkpt>
      <trkpt lat="55.852949" lon="38.662725">
        <ele>137.992449</ele>
        <time>2026-01-05T19:04:41.496Z</time>
      </trkpt>
      <trkpt lat="55.852829" lon="38.662595">
        <ele>138.111262</ele>
        <time>2026-01-05T19:04:43.640Z</time>
      </trkpt>
      <trkpt lat="55.852192" lon="38.661898">
        <ele>138.624500</ele>
        <time>2026-01-05T19:04:55.139Z</time>
      </trkpt>
      <trkpt lat="55.852021" lon="38.661719">
        <ele>138.734754</ele>
        <time>2026-01-05T19:04:58.146Z</time>
      </trkpt>
      <trkpt lat="55.851060" lon="38.660802">
        <ele>139.340780</ele>
        <time>2026-01-05T19:05:12.450Z</time>
      </trkpt>
      <trkpt lat="55.850994" lon="38.660670">
        <ele>139.395941</ele>
        <time>2026-01-05T19:05:13.678Z</time>
      </trkpt>
      <trkpt lat="55.850931" lon="38.660540">
        <ele>139.384287</ele>
        <time>2026-01-05T19:05:14.802Z</time>
      </trkpt>
      <trkpt lat="55.850839" lon="38.660363">
        <ele>139.367863</ele>
        <time>2026-01-05T19:05:16.382Z</time>
      </trkpt>
      <trkpt lat="55.850559" lon="38.660101">
        <ele>139.329501</ele>
        <time>2026-01-05T19:05:19.963Z</time>
      </trkpt>
      <trkpt lat="55.850265" lon="38.659843">
        <ele>139.289749</ele>
        <time>2026-01-05T19:05:23.561Z</time>
      </trkpt>
      <trkpt lat="55.850114" lon="38.659711">
        <ele>139.269347</ele>
        <time>2026-01-05T19:05:25.386Z</time>
      </trkpt>
      <trkpt lat="55.849984" lon="38.659600">
        <ele>139.251861</ele>
        <time>2026-01-05T19:05:26.924Z</time>
      </trkpt>
      <trkpt lat="55.848315" lon="38.658175">
        <ele>139.118863</ele>
        <time>2026-01-05T19:05:48.730Z</time>
      </trkpt>
      <trkpt lat="55.847341" lon="38.657380">
        <ele>139.022674</ele>
        <time>2026-01-05T19:06:01.294Z</time>
      </trkpt>
      <trkpt lat="55.846920" lon="38.657150">
        <ele>138.962889</ele>
        <time>2026-01-05T19:06:06.285Z</time>
      </trkpt>
      <trkpt lat="55.846818" lon="38.657094">
        <ele>138.948399</ele>
        <time>2026-01-05T19:06:07.487Z</time>
      </trkpt>
      <trkpt lat="55.846675" lon="38.657022">
        <ele>138.928224</ele>
        <time>2026-01-05T19:06:09.164Z</time>
      </trkpt>
      <trkpt lat="55.846282" lon="38.656880">
        <ele>138.873782</ele>
        <time>2026-01-05T19:06:13.645Z</time>
      </trkpt>
      <trkpt lat="55.845966" lon="38.656772">
        <ele>138.830305</ele>
        <time>2026-01-05T19:06:17.235Z</time>
      </trkpt>
      <trkpt lat="55.844309" lon="38.656106">
        <ele>138.615355</ele>
        <time>2026-01-05T19:06:36.563Z</time>
      </trkpt>
      <trkpt lat="55.843990" lon="38.655930">
        <ele>138.702682</ele>
        <time>2026-01-05T19:06:40.701Z</time>
      </trkpt>
      <trkpt lat="55.843713" lon="38.655682">
        <ele>138.783751</ele>
        <time>2026-01-05T19:06:44.665Z</time>
      </trkpt>
      <trkpt lat="55.843440" lon="38.655364">
        <ele>138.869050</ele>
        <time>2026-01-05T19:06:48.972Z</time>
      </trkpt>
      <trkpt lat="55.842642" lon="38.654310">
        <ele>139.171166</ele>
        <time>2026-01-05T19:07:01.871Z</time>
      </trkpt>
      <trkpt lat="55.842080" lon="38.653567">
        <ele>139.503883</ele>
        <time>2026-01-05T19:07:11.265Z</time>
      </trkpt>
      <trkpt lat="55.841906" lon="38.653337">
        <ele>139.606889</ele>
        <time>2026-01-05T19:07:14.283Z</time>
      </trkpt>
      <trkpt lat="55.840949" lon="38.652075">
        <ele>139.918180</ele>
        <time>2026-01-05T19:07:30.121Z</time>
      </trkpt>
      <trkpt lat="55.840536" lon="38.651549">
        <ele>139.904223</ele>
        <time>2026-01-05T19:07:36.495Z</time>
      </trkpt>
      <trkpt lat="55.840169" lon="38.651068">
        <ele>139.891697</ele>
        <time>2026-01-05T19:07:41.449Z</time>
      </trkpt>
      <trkpt lat="55.839858" lon="38.650616">
        <ele>139.890010</ele>
        <time>2026-01-05T19:07:45.528Z</time>
      </trkpt>
      <trkpt lat="55.839726" lon="38.650405">
        <ele>139.907902</ele>
        <time>2026-01-05T19:07:47.369Z</time>
      </trkpt>
      <trkpt lat="55.839321" lon="38.649735">
        <ele>139.963665</ele>
        <time>2026-01-05T19:07:53.338Z</time>
      </trkpt>
      <trkpt lat="55.839106" lon="38.649432">
        <ele>139.991323</ele>
        <time>2026-01-05T19:07:56.481Z</time>
      </trkpt>
      <trkpt lat="55.838889" lon="38.649236">
        <ele>140.015867</ele>
        <time>2026-01-05T19:07:59.512Z</time>
      </trkpt>
      <trkpt lat="55.838673" lon="38.649143">
        <ele>140.038285</ele>
        <time>2026-01-05T19:08:02.602Z</time>
      </trkpt>
      <trkpt lat="55.838287" lon="38.649155">
        <ele>140.188201</ele>
        <time>2026-01-05T19:08:08.656Z</time>
      </trkpt>
      <trkpt lat="55.837292" lon="38.649626">
        <ele>141.170249</ele>
        <time>2026-01-05T19:08:25.857Z</time>
      </trkpt>
      <trkpt lat="55.836611" lon="38.649960">
        <ele>141.731960</ele>
        <time>2026-01-05T19:08:35.886Z</time>
      </trkpt>
      <trkpt lat="55.834406" lon="38.650757">
        <ele>140.035322</ele>
        <time>2026-01-05T19:08:57.999Z</time>
      </trkpt>
      <trkpt lat="55.833594" lon="38.651157">
        <ele>139.274823</ele>
        <time>2026-01-05T19:09:06.254Z</time>
      </trkpt>
      <trkpt lat="55.832616" lon="38.651638">
        <ele>138.666928</ele>
        <time>2026-01-05T19:09:16.786Z</time>
      </trkpt>
      <trkpt lat="55.830549" lon="38.652700">
        <ele>137.970909</ele>
        <time>2026-01-05T19:09:40.794Z</time>
      </trkpt>
      <trkpt lat="55.830139" lon="38.652854">
        <ele>137.860412</ele>
        <time>2026-01-05T19:09:45.376Z</time>
      </trkpt>
      <trkpt lat="55.829359" lon="38.653109">
        <ele>137.730506</ele>
        <time>2026-01-05T19:09:54.205Z</time>
      </trkpt>
      <trkpt lat="55.828553" lon="38.653372">
        <ele>137.703523</ele>
        <time>2026-01-05T19:10:04.309Z</time>
      </trkpt>
      <trkpt lat="55.828216" lon="38.653438">
        <ele>137.692360</ele>
        <time>2026-01-05T19:10:08.329Z</time>
      </trkpt>
      <trkpt lat="55.827755" lon="38.653452">
        <ele>137.609842</ele>
        <time>2026-01-05T19:10:13.557Z</time>
      </trkpt>
      <trkpt lat="55.827458" lon="38.653393">
        <ele>137.477420</ele>
        <time>2026-01-05T19:10:16.846Z</time>
      </trkpt>
      <trkpt lat="55.827246" lon="38.653311">
        <ele>137.381288</ele>
        <time>2026-01-05T19:10:19.173Z</time>
      </trkpt>
      <trkpt lat="55.826938" lon="38.653125">
        <ele>137.237171</ele>
        <time>2026-01-05T19:10:22.565Z</time>
      </trkpt>
      <trkpt lat="55.826751" lon="38.652975">
        <ele>137.146286</ele>
        <time>2026-01-05T19:10:24.676Z</time>
      </trkpt>
      <trkpt lat="55.825275" lon="38.651515">
        <ele>136.522172</ele>
        <time>2026-01-05T19:10:42.589Z</time>
      </trkpt>
      <trkpt lat="55.824738" lon="38.650993">
        <ele>136.320073</ele>
        <time>2026-01-05T19:10:49.635Z</time>
      </trkpt>
      <trkpt lat="55.824578" lon="38.650845">
        <ele>136.306560</ele>
        <time>2026-01-05T19:10:51.761Z</time>
      </trkpt>
      <trkpt lat="55.824320" lon="38.650647">
        <ele>136.351856</ele>
        <time>2026-01-05T19:10:55.156Z</time>
      </trkpt>
      <trkpt lat="55.823934" lon="38.650565">
        <ele>136.414531</ele>
        <time>2026-01-05T19:11:00.085Z</time>
      </trkpt>
      <trkpt lat="55.823673" lon="38.650615">
        <ele>136.456854</ele>
        <time>2026-01-05T19:11:03.510Z</time>
      </trkpt>
      <trkpt lat="55.823372" lon="38.650745">
        <ele>136.506790</ele>
        <time>2026-01-05T19:11:07.638Z</time>
      </trkpt>
      <trkpt lat="55.822133" lon="38.651413">
        <ele>135.979269</ele>
        <time>2026-01-05T19:11:22.941Z</time>
      </trkpt>
      <trkpt lat="55.821831" lon="38.651576">
        <ele>135.750739</ele>
        <time>2026-01-05T19:11:26.093Z</time>
      </trkpt>
      <trkpt lat="55.820612" lon="38.652234">
        <ele>134.567984</ele>
        <time>2026-01-05T19:11:37.766Z</time>
      </trkpt>
      <trkpt lat="55.819157" lon="38.653020">
        <ele>133.128564</ele>
        <time>2026-01-05T19:11:52.592Z</time>
      </trkpt>
      <trkpt lat="55.819063" lon="38.653070">
        <ele>133.101347</ele>
        <time>2026-01-05T19:11:53.679Z</time>
      </trkpt>
      <trkpt lat="55.817870" lon="38.653683">
        <ele>132.756874</ele>
        <time>2026-01-05T19:12:08.434Z</time>
      </trkpt>
      <trkpt lat="55.817527" lon="38.653822">
        <ele>132.639859</ele>
        <time>2026-01-05T19:12:12.496Z</time>
      </trkpt>
      <trkpt lat="55.817306" lon="38.653895">
        <ele>132.559091</ele>
        <time>2026-01-05T19:12:14.974Z</time>
      </trkpt>
      <trkpt lat="55.815817" lon="38.654241">
        <ele>132.047556</ele>
        <time>2026-01-05T19:12:30.920Z</time>
      </trkpt>
      <trkpt lat="55.814460" lon="38.654400">
        <ele>131.790238</ele>
        <time>2026-01-05T19:12:47.177Z</time>
      </trkpt>
      <trkpt lat="55.814029" lon="38.654451">
        <ele>131.562232</ele>
        <time>2026-01-05T19:12:51.890Z</time>
      </trkpt>
      <trkpt lat="55.813968" lon="38.654458">
        <ele>131.494128</ele>
        <time>2026-01-05T19:12:52.529Z</time>
      </trkpt>
      <trkpt lat="55.813775" lon="38.654482">
        <ele>131.278573</ele>
        <time>2026-01-05T19:12:54.506Z</time>
      </trkpt>
      <trkpt lat="55.812977" lon="38.654580">
        <ele>130.387370</ele>
        <time>2026-01-05T19:13:02.085Z</time>
      </trkpt>
      <trkpt lat="55.812087" lon="38.654709">
        <ele>129.414176</ele>
        <time>2026-01-05T19:13:10.247Z</time>
      </trkpt>
      <trkpt lat="55.811952" lon="38.654728">
        <ele>129.272862</ele>
        <time>2026-01-05T19:13:11.512Z</time>
      </trkpt>
      <trkpt lat="55.810920" lon="38.654754">
        <ele>128.195845</ele>
        <time>2026-01-05T19:13:21.541Z</time>
      </trkpt>
      <trkpt lat="55.810086" lon="38.654609">
        <ele>127.655962</ele>
        <time>2026-01-05T19:13:30.325Z</time>
      </trkpt>
      <trkpt lat="55.809359" lon="38.654384">
        <ele>127.366421</ele>
        <time>2026-01-05T19:13:38.338Z</time>
      </trkpt>
      <trkpt lat="55.807533" lon="38.653674">
        <ele>127.044128</ele>
        <time>2026-01-05T19:13:59.862Z</time>
      </trkpt>
      <trkpt lat="55.807478" lon="38.653652">
        <ele>127.039537</ele>
        <time>2026-01-05T19:14:00.531Z</time>
      </trkpt>
      <trkpt lat="55.805864" lon="38.653024">
        <ele>126.996871</ele>
        <time>2026-01-05T19:14:20.106Z</time>
      </trkpt>
      <trkpt lat="55.805062" lon="38.652713">
        <ele>126.928816</ele>
        <time>2026-01-05T19:14:29.789Z</time>
      </trkpt>
      <trkpt lat="55.804850" lon="38.652628">
        <ele>126.873956</ele>
        <time>2026-01-05T19:14:32.449Z</time>
      </trkpt>
      <trkpt lat="55.804142" lon="38.652347">
        <ele>126.690834</ele>
        <time>2026-01-05T19:14:40.609Z</time>
      </trkpt>
      <trkpt lat="55.803788" lon="38.652206">
        <ele>126.599258</ele>
        <time>2026-01-05T19:14:44.485Z</time>
      </trkpt>
      <trkpt lat="55.803176" lon="38.651970">
        <ele>126.378080</ele>
        <time>2026-01-05T19:14:51.024Z</time>
      </trkpt>
      <trkpt lat="55.802542" lon="38.651824">
        <ele>126.112531</ele>
        <time>2026-01-05T19:14:57.739Z</time>
      </trkpt>
      <trkpt lat="55.801904" lon="38.651768">
        <ele>125.847196</ele>
        <time>2026-01-05T19:15:04.964Z</time>
      </trkpt>
      <trkpt lat="55.801276" lon="38.651805">
        <ele>125.361164</ele>
        <time>2026-01-05T19:15:12.036Z</time>
      </trkpt>
      <trkpt lat="55.800622" lon="38.651936">
        <ele>124.788600</ele>
        <time>2026-01-05T19:15:18.294Z</time>
      </trkpt>
      <trkpt lat="55.800682" lon="38.653268">
        <ele>124.180243</ele>
        <time>2026-01-05T19:15:25.506Z</time>
      </trkpt>
      <trkpt lat="55.800762" lon="38.654688">
        <ele>123.824837</ele>
        <time>2026-01-05T19:15:33.469Z</time>
      </trkpt>
      <trkpt lat="55.801036" lon="38.659538">
        <ele>123.706208</ele>
        <time>2026-01-05T19:16:07.108Z</time>
      </trkpt>
      <trkpt lat="55.801472" lon="38.663556">
        <ele>123.733554</ele>
        <time>2026-01-05T19:16:35.778Z</time>
      </trkpt>
      <trkpt lat="55.801582" lon="38.664310">
        <ele>123.535672</ele>
        <time>2026-01-05T19:16:40.468Z</time>
      </trkpt>
      <trkpt lat="55.802033" lon="38.667366">
        <ele>122.571584</ele>
        <time>2026-01-05T19:16:57.970Z</time>
      </trkpt>
      <trkpt lat="55.802122" lon="38.667786">
        <ele>122.415423</ele>
        <time>2026-01-05T19:17:00.560Z</time>
      </trkpt>
      <trkpt lat="55.802332" lon="38.669141">
        <ele>122.151988</ele>
        <time>2026-01-05T19:17:09.460Z</time>
      </trkpt>
      <trkpt lat="55.802496" lon="38.670400">
        <ele>122.481297</ele>
        <time>2026-01-05T19:17:19.099Z</time>
      </trkpt>
      <trkpt lat="55.802655" lon="38.671670">
        <ele>122.812835</ele>
        <time>2026-01-05T19:17:29.720Z</time>
      </trkpt>
      <trkpt lat="55.802674" lon="38.671823">
        <ele>122.852761</ele>
        <time>2026-01-05T19:17:30.922Z</time>
      </trkpt>
      <trkpt lat="55.802808" lon="38.673087">
        <ele>123.065106</ele>
        <time>2026-01-05T19:17:40.645Z</time>
      </trkpt>
      <trkpt lat="55.802814" lon="38.673658">
        <ele>123.156180</ele>
        <time>2026-01-05T19:17:44.644Z</time>
      </trkpt>
      <trkpt lat="55.802753" lon="38.674414">
        <ele>123.277977</ele>
        <time>2026-01-05T19:17:50.012Z</time>
      </trkpt>
      <trkpt lat="55.802636" lon="38.675188">
        <ele>123.383870</ele>
        <time>2026-01-05T19:17:55.263Z</time>
      </trkpt>
      <trkpt lat="55.802348" lon="38.676981">
        <ele>123.402644</ele>
        <time>2026-01-05T19:18:07.646Z</time>
      </trkpt>
      <trkpt lat="55.802260" lon="38.677367">
        <ele>123.406837</ele>
        <time>2026-01-05T19:18:10.473Z</time>
      </trkpt>
      <trkpt lat="55.802140" lon="38.677741">
        <ele>123.411173</ele>
        <time>2026-01-05T19:18:13.312Z</time>
      </trkpt>
      <trkpt lat="55.802016" lon="38.678027">
        <ele>123.417251</ele>
        <time>2026-01-05T19:18:15.749Z</time>
      </trkpt>
      <trkpt lat="55.801721" lon="38.678523">
        <ele>123.513718</ele>
        <time>2026-01-05T19:18:20.593Z</time>
      </trkpt>
      <trkpt lat="55.801354" lon="38.678968">
        <ele>123.619273</ele>
        <time>2026-01-05T19:18:26.195Z</time>
      </trkpt>
      <trkpt lat="55.801136" lon="38.679305">
        <ele>123.687911</ele>
        <time>2026-01-05T19:18:29.933Z</time>
      </trkpt>
      <trkpt lat="55.801053" lon="38.679518">
        <ele>123.722534</ele>
        <time>2026-01-05T19:18:31.789Z</time>
      </trkpt>
      <trkpt lat="55.801008" lon="38.679753">
        <ele>123.755698</ele>
        <time>2026-01-05T19:18:33.598Z</time>
      </trkpt>
      <trkpt lat="55.800966" lon="38.680655">
        <ele>123.897096</ele>
        <time>2026-01-05T19:18:40.326Z</time>
      </trkpt>
      <trkpt lat="55.800964" lon="38.680722">
        <ele>123.911379</ele>
        <time>2026-01-05T19:18:40.822Z</time>
      </trkpt>
      <trkpt lat="55.800877" lon="38.683177">
        <ele>124.435067</ele>
        <time>2026-01-05T19:18:59.033Z</time>
      </trkpt>
      <trkpt lat="55.800872" lon="38.683343">
        <ele>124.470458</ele>
        <time>2026-01-05T19:19:00.257Z</time>
      </trkpt>
      <trkpt lat="55.800778" lon="38.686115">
        <ele>124.613160</ele>
        <time>2026-01-05T19:19:19.991Z</time>
      </trkpt>
      <trkpt lat="55.800141" lon="38.686074">
        <ele>124.506233</ele>
        <time>2026-01-05T19:19:26.759Z</time>
      </trkpt>
      <trkpt lat="55.800023" lon="38.686095">
        <ele>124.446589</ele>
        <time>2026-01-05T19:19:27.973Z</time>
      </trkpt>
      <trkpt lat="55.799727" lon="38.686255">
        <ele>124.290995</ele>
        <time>2026-01-05T19:19:31.099Z</time>
      </trkpt>
      <trkpt lat="55.799520" lon="38.686429">
        <ele>124.175848</ele>
        <time>2026-01-05T19:19:33.399Z</time>
      </trkpt>
      <trkpt lat="55.799094" lon="38.686870">
        <ele>123.927958</ele>
        <time>2026-01-05T19:19:38.506Z</time>
      </trkpt>
      <trkpt lat="55.798474" lon="38.687450">
        <ele>123.735329</ele>
        <time>2026-01-05T19:19:46.273Z</time>
      </trkpt>
      <trkpt lat="55.797332" lon="38.688519">
        <ele>123.747554</ele>
        <time>2026-01-05T19:20:01.434Z</time>
      </trkpt>
      <trkpt lat="55.797040" lon="38.688800">
        <ele>123.915199</ele>
        <time>2026-01-05T19:20:05.770Z</time>
      </trkpt>
      <trkpt lat="55.796728" lon="38.689041">
        <ele>124.331633</ele>
        <time>2026-01-05T19:20:10.799Z</time>
      </trkpt>
      <trkpt lat="55.796446" lon="38.689145">
        <ele>124.684225</ele>
        <time>2026-01-05T19:20:15.338Z</time>
      </trkpt>
      <trkpt lat="55.796262" lon="38.689134">
        <ele>124.909622</ele>
        <time>2026-01-05T19:20:18.359Z</time>
      </trkpt>
      <trkpt lat="55.796138" lon="38.689127">
        <ele>125.061510</ele>
        <time>2026-01-05T19:20:20.390Z</time>
      </trkpt>
      <trkpt lat="55.795911" lon="38.689044">
        <ele>125.345234</ele>
        <time>2026-01-05T19:20:24.395Z</time>
      </trkpt>
      <trkpt lat="55.795644" lon="38.688852">
        <ele>125.697818</ele>
        <time>2026-01-05T19:20:29.505Z</time>
      </trkpt>
      <trkpt lat="55.795580" lon="38.688797">
        <ele>125.784837</ele>
        <time>2026-01-05T19:20:30.754Z</time>
      </trkpt>
      <trkpt lat="55.793786" lon="38.687207">
        <ele>128.565933</ele>
        <time>2026-01-05T19:21:04.210Z</time>
      </trkpt>
      <trkpt lat="55.793527" lon="38.686977">
        <ele>128.697493</ele>
        <time>2026-01-05T19:21:08.426Z</time>
      </trkpt>
      <trkpt lat="55.793449" lon="38.686909">
        <ele>128.736970</ele>
        <time>2026-01-05T19:21:09.658Z</time>
      </trkpt>
      <trkpt lat="55.791536" lon="38.685186">
        <ele>129.321650</ele>
        <time>2026-01-05T19:21:36.361Z</time>
      </trkpt>
      <trkpt lat="55.791169" lon="38.684985">
        <ele>129.307053</ele>
        <time>2026-01-05T19:21:40.781Z</time>
      </trkpt>
      <trkpt lat="55.790796" lon="38.684896">
        <ele>129.292747</ele>
        <time>2026-01-05T19:21:45.067Z</time>
      </trkpt>
      <trkpt lat="55.790408" lon="38.684930">
        <ele>129.172543</ele>
        <time>2026-01-05T19:21:49.305Z</time>
      </trkpt>
      <trkpt lat="55.789851" lon="38.685085">
        <ele>128.731670</ele>
        <time>2026-01-05T19:21:55.247Z</time>
      </trkpt>
      <trkpt lat="55.788660" lon="38.685633">
        <ele>127.707208</ele>
        <time>2026-01-05T19:22:07.294Z</time>
      </trkpt>
      <trkpt lat="55.786713" lon="38.686679">
        <ele>125.574015</ele>
        <time>2026-01-05T19:22:26.401Z</time>
      </trkpt>
      <trkpt lat="55.786594" lon="38.686740">
        <ele>125.548443</ele>
        <time>2026-01-05T19:22:27.676Z</time>
      </trkpt>
      <trkpt lat="55.786510" lon="38.686783">
        <ele>125.530394</ele>
        <time>2026-01-05T19:22:28.609Z</time>
      </trkpt>
      <trkpt lat="55.785916" lon="38.687077">
        <ele>125.403082</ele>
        <time>2026-01-05T19:22:35.685Z</time>
      </trkpt>
      <trkpt lat="55.785733" lon="38.687215">
        <ele>125.362039</ele>
        <time>2026-01-05T19:22:38.528Z</time>
      </trkpt>
      <trkpt lat="55.785541" lon="38.687414">
        <ele>125.316153</ele>
        <time>2026-01-05T19:22:41.688Z</time>
      </trkpt>
      <trkpt lat="55.785308" lon="38.687740">
        <ele>125.272166</ele>
        <time>2026-01-05T19:22:45.747Z</time>
      </trkpt>
      <trkpt lat="55.784966" lon="38.688196">
        <ele>125.245814</ele>
        <time>2026-01-05T19:22:51.470Z</time>
      </trkpt>
      <trkpt lat="55.784866" lon="38.688333">
        <ele>125.238032</ele>
        <time>2026-01-05T19:22:53.148Z</time>
      </trkpt>
      <trkpt lat="55.784518" lon="38.688755">
        <ele>125.212064</ele>
        <time>2026-01-05T19:22:58.304Z</time>
      </trkpt>
      <trkpt lat="55.783257" lon="38.690159">
        <ele>124.542343</ele>
        <time>2026-01-05T19:23:13.515Z</time>
      </trkpt>
      <trkpt lat="55.782892" lon="38.690475">
        <ele>124.217623</ele>
        <time>2026-01-05T19:23:17.564Z</time>
      </trkpt>
      <trkpt lat="55.782580" lon="38.690664">
        <ele>123.953975</ele>
        <time>2026-01-05T19:23:20.753Z</time>
      </trkpt>
      <trkpt lat="55.782424" lon="38.690699">
        <ele>123.828203</ele>
        <time>2026-01-05T19:23:22.282Z</time>
      </trkpt>
      <trkpt lat="55.782279" lon="38.690681">
        <ele>123.725714</ele>
        <time>2026-01-05T19:23:23.718Z</time>
      </trkpt>
      <trkpt lat="55.782145" lon="38.690593">
        <ele>123.699114</ele>
        <time>2026-01-05T19:23:25.168Z</time>
      </trkpt>
      <trkpt lat="55.782008" lon="38.690380">
        <ele>123.665226</ele>
        <time>2026-01-05T19:23:27.074Z</time>
      </trkpt>
      <trkpt lat="55.781878" lon="38.690039">
        <ele>123.622084</ele>
        <time>2026-01-05T19:23:29.613Z</time>
      </trkpt>
      <trkpt lat="55.781736" lon="38.689490">
        <ele>123.558803</ele>
        <time>2026-01-05T19:23:33.426Z</time>
      </trkpt>
      <trkpt lat="55.781726" lon="38.689443">
        <ele>123.553540</ele>
        <time>2026-01-05T19:23:33.741Z</time>
      </trkpt>
      <trkpt lat="55.781509" lon="38.688368">
        <ele>123.433933</ele>
        <time>2026-01-05T19:23:41.066Z</time>
      </trkpt>
      <trkpt lat="55.781421" lon="38.688077">
        <ele>123.399332</ele>
        <time>2026-01-05T19:23:43.401Z</time>
      </trkpt>
      <trkpt lat="55.781297" lon="38.687834">
        <ele>123.650927</ele>
        <time>2026-01-05T19:23:45.901Z</time>
      </trkpt>
      <trkpt lat="55.781071" lon="38.687512">
        <ele>124.111347</ele>
        <time>2026-01-05T19:23:50.271Z</time>
      </trkpt>
      <trkpt lat="55.780862" lon="38.687337">
        <ele>124.478626</ele>
        <time>2026-01-05T19:23:53.964Z</time>
      </trkpt>
      <trkpt lat="55.780705" lon="38.687296">
        <ele>124.730914</ele>
        <time>2026-01-05T19:23:56.632Z</time>
      </trkpt>
      <trkpt lat="55.780437" lon="38.687325">
        <ele>125.157789</ele>
        <time>2026-01-05T19:24:01.299Z</time>
      </trkpt>
      <trkpt lat="55.779448" lon="38.687579">
        <ele>126.968925</ele>
        <time>2026-01-05T19:24:20.709Z</time>
      </trkpt>
      <trkpt lat="55.779220" lon="38.687611">
        <ele>127.496963</ele>
        <time>2026-01-05T19:24:25.606Z</time>
      </trkpt>
      <trkpt lat="55.779052" lon="38.687592">
        <ele>127.885621</ele>
        <time>2026-01-05T19:24:29.177Z</time>
      </trkpt>
      <trkpt lat="55.777298" lon="38.686954">
        <ele>131.326385</ele>
        <time>2026-01-05T19:25:02.441Z</time>
      </trkpt>
      <trkpt lat="55.777217" lon="38.686925">
        <ele>131.435168</ele>
        <time>2026-01-05T19:25:03.810Z</time>
      </trkpt>
      <trkpt lat="55.777178" lon="38.686068">
        <ele>132.071814</ele>
        <time>2026-01-05T19:25:11.212Z</time>
      </trkpt>
      <trkpt lat="55.777068" lon="38.683788">
        <ele>133.304006</ele>
        <time>2026-01-05T19:25:28.650Z</time>
      </trkpt>
      <trkpt lat="55.777064" lon="38.683621">
        <ele>133.370041</ele>
        <time>2026-01-05T19:25:30.008Z</time>
      </trkpt>
      <trkpt lat="55.777208" lon="38.683595">
        <ele>133.471713</ele>
        <time>2026-01-05T19:25:32.116Z</time>
      </trkpt>
      <trkpt lat="55.777250" lon="38.683587">
        <ele>133.501384</ele>
        <time>2026-01-05T19:25:32.752Z</time>
      </trkpt>
      <trkpt lat="55.777427" lon="38.683496">
        <ele>133.630809</ele>
        <time>2026-01-05T19:25:35.529Z</time>
      </trkpt>
      <trkpt lat="55.777604" lon="38.683271">
        <ele>133.783648</ele>
        <time>2026-01-05T19:25:38.742Z</time>
      </trkpt>
      <trkpt lat="55.777718" lon="38.682940">
        <ele>133.936983</ele>
        <time>2026-01-05T19:25:41.869Z</time>
      </trkpt>
      <trkpt lat="55.777838" lon="38.682379">
        <ele>134.113297</ele>
        <time>2026-01-05T19:25:46.500Z</time>
      </trkpt>
      <trkpt lat="55.777948" lon="38.681924">
        <ele>134.221077</ele>
        <time>2026-01-05T19:25:50.393Z</time>
      </trkpt>
      <trkpt lat="55.778095" lon="38.681229">
        <ele>134.382667</ele>
        <time>2026-01-05T19:25:56.210Z</time>
      </trkpt>
      <trkpt lat="55.778224" lon="38.680624">
        <ele>134.523474</ele>
        <time>2026-01-05T19:26:01.040Z</time>
      </trkpt>
      <trkpt lat="55.779144" lon="38.676465">
        <ele>134.083876</ele>
        <time>2026-01-05T19:26:30.285Z</time>
      </trkpt>
      <trkpt lat="55.779179" lon="38.676222">
        <ele>133.857723</ele>
        <time>2026-01-05T19:26:31.641Z</time>
      </trkpt>
      <trkpt lat="55.779190" lon="38.676069">
        <ele>133.718659</ele>
        <time>2026-01-05T19:26:32.429Z</time>
      </trkpt>
      <trkpt lat="55.779280" lon="38.676041">
        <ele>133.572186</ele>
        <time>2026-01-05T19:26:33.253Z</time>
      </trkpt>
      <trkpt lat="55.779758" lon="38.675885">
        <ele>132.793092</ele>
        <time>2026-01-05T19:26:37.345Z</time>
      </trkpt>
      <trkpt lat="55.780116" lon="38.675773">
        <ele>132.210357</ele>
        <time>2026-01-05T19:26:40.312Z</time>
      </trkpt>
      <trkpt lat="55.780578" lon="38.675629">
        <ele>131.479114</ele>
        <time>2026-01-05T19:26:44.618Z</time>
      </trkpt>
      <trkpt lat="55.780961" lon="38.675510">
        <ele>131.870406</ele>
        <time>2026-01-05T19:26:48.740Z</time>
      </trkpt>
      <trkpt lat="55.781337" lon="38.675393">
        <ele>132.254563</ele>
        <time>2026-01-05T19:26:53.671Z</time>
      </trkpt>
      <trkpt lat="55.781564" lon="38.675323">
        <ele>132.486426</ele>
        <time>2026-01-05T19:26:58.099Z</time>
      </trkpt>
      <trkpt lat="55.781585" lon="38.675317">
        <ele>132.507832</ele>
        <time>2026-01-05T19:26:58.481Z</time>
      </trkpt>
      <trkpt lat="55.781647" lon="38.675297">
        <ele>132.571247</ele>
        <time>2026-01-05T19:26:59.597Z</time>
      </trkpt>
      <trkpt lat="55.781582" lon="38.674679">
        <ele>132.927069</ele>
        <time>2026-01-05T19:27:06.929Z</time>
      </trkpt>
      <trkpt lat="55.781560" lon="38.674466">
        <ele>133.049633</ele>
        <time>2026-01-05T19:27:09.339Z</time>
      </trkpt>
      <trkpt lat="55.781496" lon="38.673858">
        <ele>133.387377</ele>
        <time>2026-01-05T19:27:16.133Z</time>
      </trkpt>
      <trkpt lat="55.781466" lon="38.673566">
        <ele>133.537876</ele>
        <time>2026-01-05T19:27:18.886Z</time>
      </trkpt>
      <trkpt lat="55.781422" lon="38.673143">
        <ele>133.755982</ele>
        <time>2026-01-05T19:27:22.451Z</time>
      </trkpt>
      <trkpt lat="55.781373" lon="38.672675">
        <ele>133.997344</ele>
        <time>2026-01-05T19:27:26.263Z</time>
      </trkpt>
      <trkpt lat="55.781355" lon="38.672521">
        <ele>134.077094</ele>
        <time>2026-01-05T19:27:27.592Z</time>
      </trkpt>
      <trkpt lat="55.781332" lon="38.672291">
        <ele>134.195538</ele>
        <time>2026-01-05T19:27:29.659Z</time>
      </trkpt>
      <trkpt lat="55.781238" lon="38.671400">
        <ele>134.655173</ele>
        <time>2026-01-05T19:27:35.444Z</time>
      </trkpt>
      <trkpt lat="55.781172" lon="38.670768">
        <ele>135.014285</ele>
        <time>2026-01-05T19:27:39.984Z</time>
      </trkpt>
      <trkpt lat="55.781154" lon="38.670596">
        <ele>135.140678</ele>
        <time>2026-01-05T19:27:41.403Z</time>
      </trkpt>
      <trkpt lat="55.781136" lon="38.670450">
        <ele>135.248659</ele>
        <time>2026-01-05T19:27:42.717Z</time>
      </trkpt>
      <trkpt lat="55.781011" lon="38.669444">
        <ele>135.992965</ele>
        <time>2026-01-05T19:27:52.332Z</time>
      </trkpt>
      <trkpt lat="55.780980" lon="38.669187">
        <ele>136.182856</ele>
        <time>2026-01-05T19:27:55.030Z</time>
      </trkpt>
      <trkpt lat="55.780825" lon="38.667924">
        <ele>137.116779</ele>
        <time>2026-01-05T19:28:07.366Z</time>
      </trkpt>
      <trkpt lat="55.780808" lon="38.667767">
        <ele>137.231573</ele>
        <time>2026-01-05T19:28:08.904Z</time>
      </trkpt>
      <trkpt lat="55.780799" lon="38.667692">
        <ele>137.284859</ele>
        <time>2026-01-05T19:28:09.571Z</time>
      </trkpt>
      <trkpt lat="55.780501" lon="38.665117">
        <ele>139.111563</ele>
        <time>2026-01-05T19:28:32.682Z</time>
      </trkpt>
      <trkpt lat="55.780383" lon="38.663927">
        <ele>139.947857</ele>
        <time>2026-01-05T19:28:43.355Z</time>
      </trkpt>
      <trkpt lat="55.780365" lon="38.663742">
        <ele>140.077472</ele>
        <time>2026-01-05T19:28:45.010Z</time>
      </trkpt>
      <trkpt lat="55.780351" lon="38.663598">
        <ele>140.178358</ele>
        <time>2026-01-05T19:28:46.289Z</time>
      </trkpt>
      <trkpt lat="55.780315" lon="38.663221">
        <ele>140.442350</ele>
        <time>2026-01-05T19:28:49.864Z</time>
      </trkpt>
      <trkpt lat="55.780251" lon="38.662550">
        <ele>140.912199</ele>
        <time>2026-01-05T19:28:56.102Z</time>
      </trkpt>
      <trkpt lat="55.780235" lon="38.662379">
        <ele>141.031874</ele>
        <time>2026-01-05T19:28:57.647Z</time>
      </trkpt>
      <trkpt lat="55.780144" lon="38.661419">
        <ele>141.681535</ele>
        <time>2026-01-05T19:29:06.213Z</time>
      </trkpt>
      <trkpt lat="55.779839" lon="38.657872">
        <ele>142.901025</ele>
        <time>2026-01-05T19:29:35.268Z</time>
      </trkpt>
      <trkpt lat="55.779778" lon="38.657058">
        <ele>142.685494</ele>
        <time>2026-01-05T19:29:40.100Z</time>
      </trkpt>
      <trkpt lat="55.779757" lon="38.656843">
        <ele>142.628220</ele>
        <time>2026-01-05T19:29:41.295Z</time>
      </trkpt>
      <trkpt lat="55.780771" lon="38.656533">
        <ele>142.186740</ele>
        <time>2026-01-05T19:29:51.308Z</time>
      </trkpt>
      <trkpt lat="55.780542" lon="38.653982">
        <ele>142.186740</ele>
        <time>2026-01-05T19:30:08.360Z</time>
      </trkpt>
      <trkpt lat="55.780469" lon="38.653216">
        <ele>142.186740</ele>
        <time>2026-01-05T19:30:14.033Z</time>
      </trkpt>
      <trkpt lat="55.780440" lon="38.652904">
        <ele>142.186740</ele>
        <time>2026-01-05T19:30:16.273Z</time>
      </trkpt>
    </trkseg>
  </trk>
</gpx>