<?xml version='1.0' encoding='UTF-8'?>
<gpx version="1.1" creator="https://www.komoot.de" xmlns="http://www.topografix.com/GPX/1/1" xmlns:xsi="http://www.w3.org/2001/XMLSchema-instance" xsi:schemaLocation="http://www.topografix.com/GPX/1/1 http://www.topografix.com/GPX/1/1/gpx.xsd">
  <metadata>
    <name>Avdotino-Mamontov-PPossad</name>
    <author>
      <link href="https://www.komoot.de">
        <text>komoot</text>
        <type>text/html</type>
      </link>
    </author>
  </metadata>
  <trk>
    <name>Avdotino-Mamontov-PPossad</name>
    <trkseg>
      <trkpt lat="55.775614" lon="37.672305">
        <ele>145.948691</ele>
        <time>2025-09-19T10:49:25.510Z</time>
      </trkpt>
      <trkpt lat="55.775525" lon="37.672418">
        <ele>145.948691</ele>
        <time>2025-09-19T10:49:33.099Z</time>
      </trkpt>
      <trkpt lat="55.775525" lon="37.672539">
        <ele>145.948691</ele>
        <time>2025-09-19T10:49:37.818Z</time>
      </trkpt>
      <trkpt lat="55.775317" lon="37.672811">
        <ele>145.948691</ele>
        <time>2025-09-19T10:49:55.736Z</time>
      </trkpt>
      <trkpt lat="55.775102" lon="37.672320">
        <ele>145.948691</ele>
        <time>2025-09-19T10:50:20.065Z</time>
      </trkpt>
      <trkpt lat="55.775077" lon="37.672354">
        <ele>145.948691</ele>
        <time>2025-09-19T10:50:22.252Z</time>
      </trkpt>
      <trkpt lat="55.775015" lon="37.672212">
        <ele>145.978795</ele>
        <time>2025-09-19T10:50:23.307Z</time>
      </trkpt>
      <trkpt lat="55.774963" lon="37.672287">
        <ele>146.085651</ele>
        <time>2025-09-19T10:50:24.097Z</time>
      </trkpt>
      <trkpt lat="55.775015" lon="37.672212">
        <ele>146.192507</ele>
        <time>2025-09-19T10:50:24.840Z</time>
      </trkpt>
      <trkpt lat="55.775712" lon="37.671277">
        <ele>147.585899</ele>
        <time>2025-09-19T10:50:39.457Z</time>
      </trkpt>
      <trkpt lat="55.775914" lon="37.671007">
        <ele>147.989194</ele>
        <time>2025-09-19T10:50:45.323Z</time>
      </trkpt>
      <trkpt lat="55.775965" lon="37.670933">
        <ele>148.094245</ele>
        <time>2025-09-19T10:50:46.950Z</time>
      </trkpt>
      <trkpt lat="55.776080" lon="37.670842">
        <ele>148.295123</ele>
        <time>2025-09-19T10:50:49.690Z</time>
      </trkpt>
      <trkpt lat="55.776215" lon="37.670654">
        <ele>148.568779</ele>
        <time>2025-09-19T10:50:53.256Z</time>
      </trkpt>
      <trkpt lat="55.776737" lon="37.669970">
        <ele>149.012829</ele>
        <time>2025-09-19T10:51:04.744Z</time>
      </trkpt>
      <trkpt lat="55.777174" lon="37.669472">
        <ele>149.217412</ele>
        <time>2025-09-19T10:51:10.986Z</time>
      </trkpt>
      <trkpt lat="55.777659" lon="37.668923">
        <ele>149.444023</ele>
        <time>2025-09-19T10:51:16.295Z</time>
      </trkpt>
      <trkpt lat="55.778419" lon="37.667933">
        <ele>150.565137</ele>
        <time>2025-09-19T10:51:28.781Z</time>
      </trkpt>
      <trkpt lat="55.778449" lon="37.667885">
        <ele>150.622547</ele>
        <time>2025-09-19T10:51:29.392Z</time>
      </trkpt>
      <trkpt lat="55.778836" lon="37.667245">
        <ele>151.374364</ele>
        <time>2025-09-19T10:51:38.508Z</time>
      </trkpt>
      <trkpt lat="55.778933" lon="37.667096">
        <ele>151.556708</ele>
        <time>2025-09-19T10:51:41.049Z</time>
      </trkpt>
      <trkpt lat="55.779360" lon="37.666441">
        <ele>152.251227</ele>
        <time>2025-09-19T10:51:53.842Z</time>
      </trkpt>
      <trkpt lat="55.779413" lon="37.666278">
        <ele>152.342282</ele>
        <time>2025-09-19T10:51:56.282Z</time>
      </trkpt>
      <trkpt lat="55.779562" lon="37.666573">
        <ele>152.534038</ele>
        <time>2025-09-19T10:52:00.781Z</time>
      </trkpt>
      <trkpt lat="55.779756" lon="37.666958">
        <ele>152.784033</ele>
        <time>2025-09-19T10:52:05.766Z</time>
      </trkpt>
      <trkpt lat="55.780041" lon="37.667538">
        <ele>153.156510</ele>
        <time>2025-09-19T10:52:11.257Z</time>
      </trkpt>
      <trkpt lat="55.780498" lon="37.668464">
        <ele>153.506574</ele>
        <time>2025-09-19T10:52:18.049Z</time>
      </trkpt>
      <trkpt lat="55.780827" lon="37.669111">
        <ele>153.057167</ele>
        <time>2025-09-19T10:52:22.603Z</time>
      </trkpt>
      <trkpt lat="55.781076" lon="37.669601">
        <ele>152.716916</ele>
        <time>2025-09-19T10:52:26.077Z</time>
      </trkpt>
      <trkpt lat="55.781227" lon="37.669891">
        <ele>152.513296</ele>
        <time>2025-09-19T10:52:28.156Z</time>
      </trkpt>
      <trkpt lat="55.781382" lon="37.670161">
        <ele>152.314512</ele>
        <time>2025-09-19T10:52:30.272Z</time>
      </trkpt>
      <trkpt lat="55.781489" lon="37.670347">
        <ele>152.177427</ele>
        <time>2025-09-19T10:52:31.944Z</time>
      </trkpt>
      <trkpt lat="55.782024" lon="37.671275">
        <ele>151.554917</ele>
        <time>2025-09-19T10:52:41.337Z</time>
      </trkpt>
      <trkpt lat="55.782319" lon="37.671786">
        <ele>151.225243</ele>
        <time>2025-09-19T10:52:45.638Z</time>
      </trkpt>
      <trkpt lat="55.782521" lon="37.672135">
        <ele>150.999785</ele>
        <time>2025-09-19T10:52:48.464Z</time>
      </trkpt>
      <trkpt lat="55.782923" lon="37.672833">
        <ele>150.550017</ele>
        <time>2025-09-19T10:52:53.802Z</time>
      </trkpt>
      <trkpt lat="55.783001" lon="37.672965">
        <ele>150.256388</ele>
        <time>2025-09-19T10:52:54.797Z</time>
      </trkpt>
      <trkpt lat="55.783678" lon="37.674177">
        <ele>147.537796</ele>
        <time>2025-09-19T10:53:02.767Z</time>
      </trkpt>
      <trkpt lat="55.784131" lon="37.674924">
        <ele>145.789486</ele>
        <time>2025-09-19T10:53:07.636Z</time>
      </trkpt>
      <trkpt lat="55.784279" lon="37.675113">
        <ele>145.323630</ele>
        <time>2025-09-19T10:53:09.116Z</time>
      </trkpt>
      <trkpt lat="55.784486" lon="37.675303">
        <ele>144.845069</ele>
        <time>2025-09-19T10:53:11.028Z</time>
      </trkpt>
      <trkpt lat="55.784583" lon="37.675371">
        <ele>144.630869</ele>
        <time>2025-09-19T10:53:11.893Z</time>
      </trkpt>
      <trkpt lat="55.784793" lon="37.675513">
        <ele>144.169313</ele>
        <time>2025-09-19T10:53:13.791Z</time>
      </trkpt>
      <trkpt lat="55.784986" lon="37.675635">
        <ele>143.748513</ele>
        <time>2025-09-19T10:53:15.472Z</time>
      </trkpt>
      <trkpt lat="55.785382" lon="37.676017">
        <ele>142.823000</ele>
        <time>2025-09-19T10:53:19.219Z</time>
      </trkpt>
      <trkpt lat="55.785738" lon="37.676424">
        <ele>141.953553</ele>
        <time>2025-09-19T10:53:23.630Z</time>
      </trkpt>
      <trkpt lat="55.785960" lon="37.676709">
        <ele>141.914621</ele>
        <time>2025-09-19T10:53:27.182Z</time>
      </trkpt>
      <trkpt lat="55.786057" lon="37.676839">
        <ele>142.018837</ele>
        <time>2025-09-19T10:53:28.777Z</time>
      </trkpt>
      <trkpt lat="55.786206" lon="37.677028">
        <ele>142.175870</ele>
        <time>2025-09-19T10:53:31.188Z</time>
      </trkpt>
      <trkpt lat="55.786225" lon="37.677056">
        <ele>142.197043</ele>
        <time>2025-09-19T10:53:31.553Z</time>
      </trkpt>
      <trkpt lat="55.787331" lon="37.678474">
        <ele>143.434912</ele>
        <time>2025-09-19T10:53:52.550Z</time>
      </trkpt>
      <trkpt lat="55.787869" lon="37.679168">
        <ele>144.618399</ele>
        <time>2025-09-19T10:54:05.002Z</time>
      </trkpt>
      <trkpt lat="55.788375" lon="37.679817">
        <ele>145.729304</ele>
        <time>2025-09-19T10:54:14.907Z</time>
      </trkpt>
      <trkpt lat="55.788488" lon="37.679960">
        <ele>145.976263</ele>
        <time>2025-09-19T10:54:17.515Z</time>
      </trkpt>
      <trkpt lat="55.788803" lon="37.680417">
        <ele>146.654892</ele>
        <time>2025-09-19T10:54:26.055Z</time>
      </trkpt>
      <trkpt lat="55.789034" lon="37.680763">
        <ele>147.066980</ele>
        <time>2025-09-19T10:54:31.827Z</time>
      </trkpt>
      <trkpt lat="55.789104" lon="37.680890">
        <ele>147.203422</ele>
        <time>2025-09-19T10:54:33.574Z</time>
      </trkpt>
      <trkpt lat="55.789218" lon="37.681111">
        <ele>147.433518</ele>
        <time>2025-09-19T10:54:36.396Z</time>
      </trkpt>
      <trkpt lat="55.789437" lon="37.681595">
        <ele>147.910147</ele>
        <time>2025-09-19T10:54:41.858Z</time>
      </trkpt>
      <trkpt lat="55.789654" lon="37.682098">
        <ele>148.396549</ele>
        <time>2025-09-19T10:54:47.146Z</time>
      </trkpt>
      <trkpt lat="55.789825" lon="37.682549">
        <ele>148.813871</ele>
        <time>2025-09-19T10:54:51.919Z</time>
      </trkpt>
      <trkpt lat="55.789986" lon="37.682962">
        <ele>149.065072</ele>
        <time>2025-09-19T10:54:55.417Z</time>
      </trkpt>
      <trkpt lat="55.790953" lon="37.685485">
        <ele>150.182007</ele>
        <time>2025-09-19T10:55:18.010Z</time>
      </trkpt>
      <trkpt lat="55.791084" lon="37.685825">
        <ele>150.553392</ele>
        <time>2025-09-19T10:55:22.031Z</time>
      </trkpt>
      <trkpt lat="55.791330" lon="37.686467">
        <ele>151.253424</ele>
        <time>2025-09-19T10:55:30.086Z</time>
      </trkpt>
      <trkpt lat="55.791562" lon="37.687072">
        <ele>151.913269</ele>
        <time>2025-09-19T10:55:38.171Z</time>
      </trkpt>
      <trkpt lat="55.791662" lon="37.687331">
        <ele>152.196364</ele>
        <time>2025-09-19T10:55:41.667Z</time>
      </trkpt>
      <trkpt lat="55.792090" lon="37.688448">
        <ele>152.808104</ele>
        <time>2025-09-19T10:55:54.039Z</time>
      </trkpt>
      <trkpt lat="55.792106" lon="37.688490">
        <ele>152.798247</ele>
        <time>2025-09-19T10:55:54.412Z</time>
      </trkpt>
      <trkpt lat="55.792865" lon="37.690468">
        <ele>152.332959</ele>
        <time>2025-09-19T10:56:08.561Z</time>
      </trkpt>
      <trkpt lat="55.793226" lon="37.691408">
        <ele>150.994972</ele>
        <time>2025-09-19T10:56:14.086Z</time>
      </trkpt>
      <trkpt lat="55.793276" lon="37.691559">
        <ele>150.752290</ele>
        <time>2025-09-19T10:56:14.887Z</time>
      </trkpt>
      <trkpt lat="55.793372" lon="37.691922">
        <ele>150.196761</ele>
        <time>2025-09-19T10:56:16.715Z</time>
      </trkpt>
      <trkpt lat="55.793578" lon="37.693165">
        <ele>148.402215</ele>
        <time>2025-09-19T10:56:22.647Z</time>
      </trkpt>
      <trkpt lat="55.793691" lon="37.693918">
        <ele>147.206526</ele>
        <time>2025-09-19T10:56:26.536Z</time>
      </trkpt>
      <trkpt lat="55.793710" lon="37.694041">
        <ele>146.991835</ele>
        <time>2025-09-19T10:56:27.180Z</time>
      </trkpt>
      <trkpt lat="55.793833" lon="37.694817">
        <ele>145.634855</ele>
        <time>2025-09-19T10:56:31.160Z</time>
      </trkpt>
      <trkpt lat="55.793906" lon="37.695303">
        <ele>144.788193</ele>
        <time>2025-09-19T10:56:33.553Z</time>
      </trkpt>
      <trkpt lat="55.794013" lon="37.696106">
        <ele>143.399251</ele>
        <time>2025-09-19T10:56:37.383Z</time>
      </trkpt>
      <trkpt lat="55.794235" lon="37.697849">
        <ele>139.349227</ele>
        <time>2025-09-19T10:56:44.967Z</time>
      </trkpt>
      <trkpt lat="55.794325" lon="37.698575">
        <ele>137.473262</ele>
        <time>2025-09-19T10:56:48.135Z</time>
      </trkpt>
      <trkpt lat="55.794349" lon="37.698779">
        <ele>136.947348</ele>
        <time>2025-09-19T10:56:49.023Z</time>
      </trkpt>
      <trkpt lat="55.794408" lon="37.699221">
        <ele>135.801020</ele>
        <time>2025-09-19T10:56:50.981Z</time>
      </trkpt>
      <trkpt lat="55.794440" lon="37.699481">
        <ele>135.129412</ele>
        <time>2025-09-19T10:56:52.132Z</time>
      </trkpt>
      <trkpt lat="55.794561" lon="37.700469">
        <ele>133.551980</ele>
        <time>2025-09-19T10:56:56.607Z</time>
      </trkpt>
      <trkpt lat="55.794629" lon="37.701270">
        <ele>132.597557</ele>
        <time>2025-09-19T10:57:00.414Z</time>
      </trkpt>
      <trkpt lat="55.794832" lon="37.703032">
        <ele>130.953753</ele>
        <time>2025-09-19T10:57:09.295Z</time>
      </trkpt>
      <trkpt lat="55.795046" lon="37.704684">
        <ele>134.999196</ele>
        <time>2025-09-19T10:57:31.995Z</time>
      </trkpt>
      <trkpt lat="55.795069" lon="37.704862">
        <ele>135.435029</ele>
        <time>2025-09-19T10:57:35.061Z</time>
      </trkpt>
      <trkpt lat="55.795111" lon="37.705182">
        <ele>136.219172</ele>
        <time>2025-09-19T10:57:41.444Z</time>
      </trkpt>
      <trkpt lat="55.795138" lon="37.705381">
        <ele>136.707675</ele>
        <time>2025-09-19T10:57:45.395Z</time>
      </trkpt>
      <trkpt lat="55.795148" lon="37.705468">
        <ele>136.919575</ele>
        <time>2025-09-19T10:57:47.277Z</time>
      </trkpt>
      <trkpt lat="55.795161" lon="37.705876">
        <ele>137.894734</ele>
        <time>2025-09-19T10:57:55.203Z</time>
      </trkpt>
      <trkpt lat="55.795159" lon="37.706128">
        <ele>138.477303</ele>
        <time>2025-09-19T10:58:00.208Z</time>
      </trkpt>
      <trkpt lat="55.795154" lon="37.707165">
        <ele>140.745376</ele>
        <time>2025-09-19T10:58:20.244Z</time>
      </trkpt>
      <trkpt lat="55.795148" lon="37.708680">
        <ele>144.058866</ele>
        <time>2025-09-19T10:58:38.990Z</time>
      </trkpt>
      <trkpt lat="55.795144" lon="37.708864">
        <ele>144.461587</ele>
        <time>2025-09-19T10:58:40.730Z</time>
      </trkpt>
      <trkpt lat="55.795138" lon="37.710427">
        <ele>144.746245</ele>
        <time>2025-09-19T10:58:50.993Z</time>
      </trkpt>
      <trkpt lat="55.795196" lon="37.711263">
        <ele>144.378071</ele>
        <time>2025-09-19T10:58:55.431Z</time>
      </trkpt>
      <trkpt lat="55.795327" lon="37.712028">
        <ele>144.028534</ele>
        <time>2025-09-19T10:58:59.305Z</time>
      </trkpt>
      <trkpt lat="55.795657" lon="37.713828">
        <ele>143.758813</ele>
        <time>2025-09-19T10:59:09.399Z</time>
      </trkpt>
      <trkpt lat="55.795742" lon="37.714334">
        <ele>143.720524</ele>
        <time>2025-09-19T10:59:12.870Z</time>
      </trkpt>
      <trkpt lat="55.795784" lon="37.714576">
        <ele>143.702161</ele>
        <time>2025-09-19T10:59:14.797Z</time>
      </trkpt>
      <trkpt lat="55.795885" lon="37.715157">
        <ele>143.658068</ele>
        <time>2025-09-19T10:59:20.078Z</time>
      </trkpt>
      <trkpt lat="55.796114" lon="37.716467">
        <ele>144.457566</ele>
        <time>2025-09-19T10:59:34.462Z</time>
      </trkpt>
      <trkpt lat="55.796219" lon="37.717104">
        <ele>144.956004</ele>
        <time>2025-09-19T10:59:40.590Z</time>
      </trkpt>
      <trkpt lat="55.796341" lon="37.717776">
        <ele>145.486243</ele>
        <time>2025-09-19T10:59:46.394Z</time>
      </trkpt>
      <trkpt lat="55.796552" lon="37.718941">
        <ele>146.298066</ele>
        <time>2025-09-19T10:59:56.609Z</time>
      </trkpt>
      <trkpt lat="55.796753" lon="37.720084">
        <ele>146.933199</ele>
        <time>2025-09-19T11:00:07.075Z</time>
      </trkpt>
      <trkpt lat="55.797100" lon="37.722110">
        <ele>147.671134</ele>
        <time>2025-09-19T11:00:24.739Z</time>
      </trkpt>
      <trkpt lat="55.797397" lon="37.723885">
        <ele>147.468116</ele>
        <time>2025-09-19T11:00:36.095Z</time>
      </trkpt>
      <trkpt lat="55.797655" lon="37.725337">
        <ele>146.775639</ele>
        <time>2025-09-19T11:00:44.711Z</time>
      </trkpt>
      <trkpt lat="55.797993" lon="37.727204">
        <ele>145.234094</ele>
        <time>2025-09-19T11:00:54.774Z</time>
      </trkpt>
      <trkpt lat="55.798223" lon="37.728523">
        <ele>143.786480</ele>
        <time>2025-09-19T11:01:01.737Z</time>
      </trkpt>
      <trkpt lat="55.798233" lon="37.728583">
        <ele>143.712647</ele>
        <time>2025-09-19T11:01:02.017Z</time>
      </trkpt>
      <trkpt lat="55.798316" lon="37.729059">
        <ele>143.124675</ele>
        <time>2025-09-19T11:01:04.415Z</time>
      </trkpt>
      <trkpt lat="55.798381" lon="37.729428">
        <ele>142.668463</ele>
        <time>2025-09-19T11:01:06.230Z</time>
      </trkpt>
      <trkpt lat="55.799171" lon="37.733987">
        <ele>137.962844</ele>
        <time>2025-09-19T11:01:29.774Z</time>
      </trkpt>
      <trkpt lat="55.799482" lon="37.735775">
        <ele>138.529943</ele>
        <time>2025-09-19T11:01:44.136Z</time>
      </trkpt>
      <trkpt lat="55.800377" lon="37.740906">
        <ele>142.642886</ele>
        <time>2025-09-19T11:02:36.069Z</time>
      </trkpt>
      <trkpt lat="55.800552" lon="37.742038">
        <ele>143.494562</ele>
        <time>2025-09-19T11:02:46.347Z</time>
      </trkpt>
      <trkpt lat="55.800575" lon="37.742166">
        <ele>143.592046</ele>
        <time>2025-09-19T11:02:47.519Z</time>
      </trkpt>
      <trkpt lat="55.800824" lon="37.743665">
        <ele>144.711007</ele>
        <time>2025-09-19T11:03:00.875Z</time>
      </trkpt>
      <trkpt lat="55.801507" lon="37.747610">
        <ele>147.776405</ele>
        <time>2025-09-19T11:03:38.210Z</time>
      </trkpt>
      <trkpt lat="55.801692" lon="37.748641">
        <ele>148.638319</ele>
        <time>2025-09-19T11:03:48.392Z</time>
      </trkpt>
      <trkpt lat="55.802357" lon="37.752259">
        <ele>151.684310</ele>
        <time>2025-09-19T11:04:24.395Z</time>
      </trkpt>
      <trkpt lat="55.802812" lon="37.754340">
        <ele>152.548109</ele>
        <time>2025-09-19T11:04:42.295Z</time>
      </trkpt>
      <trkpt lat="55.803003" lon="37.755064">
        <ele>152.857251</ele>
        <time>2025-09-19T11:04:47.616Z</time>
      </trkpt>
      <trkpt lat="55.803160" lon="37.755673">
        <ele>153.062649</ele>
        <time>2025-09-19T11:04:52.105Z</time>
      </trkpt>
      <trkpt lat="55.803185" lon="37.755767">
        <ele>153.094529</ele>
        <time>2025-09-19T11:04:52.725Z</time>
      </trkpt>
      <trkpt lat="55.803347" lon="37.756396">
        <ele>153.306636</ele>
        <time>2025-09-19T11:04:57.387Z</time>
      </trkpt>
      <trkpt lat="55.804102" lon="37.759236">
        <ele>154.597147</ele>
        <time>2025-09-19T11:05:23.860Z</time>
      </trkpt>
      <trkpt lat="55.804440" lon="37.760504">
        <ele>155.353123</ele>
        <time>2025-09-19T11:05:36.179Z</time>
      </trkpt>
      <trkpt lat="55.804709" lon="37.761516">
        <ele>155.738267</ele>
        <time>2025-09-19T11:05:44.928Z</time>
      </trkpt>
      <trkpt lat="55.804894" lon="37.762209">
        <ele>155.923497</ele>
        <time>2025-09-19T11:05:50.517Z</time>
      </trkpt>
      <trkpt lat="55.806778" lon="37.769240">
        <ele>158.157829</ele>
        <time>2025-09-19T11:06:47.666Z</time>
      </trkpt>
      <trkpt lat="55.807261" lon="37.771059">
        <ele>159.135788</ele>
        <time>2025-09-19T11:07:08.084Z</time>
      </trkpt>
      <trkpt lat="55.807355" lon="37.771413">
        <ele>159.334885</ele>
        <time>2025-09-19T11:07:11.287Z</time>
      </trkpt>
      <trkpt lat="55.807505" lon="37.771968">
        <ele>159.648051</ele>
        <time>2025-09-19T11:07:15.777Z</time>
      </trkpt>
      <trkpt lat="55.807802" lon="37.773058">
        <ele>159.647244</ele>
        <time>2025-09-19T11:07:22.949Z</time>
      </trkpt>
      <trkpt lat="55.808346" lon="37.775092">
        <ele>158.858361</ele>
        <time>2025-09-19T11:07:35.173Z</time>
      </trkpt>
      <trkpt lat="55.808700" lon="37.776417">
        <ele>158.940842</ele>
        <time>2025-09-19T11:07:45.912Z</time>
      </trkpt>
      <trkpt lat="55.809190" lon="37.778372">
        <ele>159.185211</ele>
        <time>2025-09-19T11:08:02.348Z</time>
      </trkpt>
      <trkpt lat="55.809324" lon="37.779072">
        <ele>159.126206</ele>
        <time>2025-09-19T11:08:07.015Z</time>
      </trkpt>
      <trkpt lat="55.809467" lon="37.780033">
        <ele>159.046883</ele>
        <time>2025-09-19T11:08:12.600Z</time>
      </trkpt>
      <trkpt lat="55.809553" lon="37.780606">
        <ele>158.999561</ele>
        <time>2025-09-19T11:08:16.009Z</time>
      </trkpt>
      <trkpt lat="55.809680" lon="37.781962">
        <ele>159.337963</ele>
        <time>2025-09-19T11:08:26.366Z</time>
      </trkpt>
      <trkpt lat="55.809721" lon="37.782795">
        <ele>159.823860</ele>
        <time>2025-09-19T11:08:33.655Z</time>
      </trkpt>
      <trkpt lat="55.809758" lon="37.784439">
        <ele>160.779929</ele>
        <time>2025-09-19T11:08:49.138Z</time>
      </trkpt>
      <trkpt lat="55.809784" lon="37.785622">
        <ele>161.441282</ele>
        <time>2025-09-19T11:08:58.585Z</time>
      </trkpt>
      <trkpt lat="55.809910" lon="37.790289">
        <ele>164.006950</ele>
        <time>2025-09-19T11:09:38.123Z</time>
      </trkpt>
      <trkpt lat="55.809935" lon="37.791182">
        <ele>164.478379</ele>
        <time>2025-09-19T11:09:45.348Z</time>
      </trkpt>
      <trkpt lat="55.810007" lon="37.793520">
        <ele>165.645988</ele>
        <time>2025-09-19T11:10:04.077Z</time>
      </trkpt>
      <trkpt lat="55.810078" lon="37.796228">
        <ele>166.648161</ele>
        <time>2025-09-19T11:10:28.974Z</time>
      </trkpt>
      <trkpt lat="55.810081" lon="37.796356">
        <ele>166.691300</ele>
        <time>2025-09-19T11:10:30.008Z</time>
      </trkpt>
      <trkpt lat="55.810339" lon="37.804957">
        <ele>163.427321</ele>
        <time>2025-09-19T11:11:17.271Z</time>
      </trkpt>
      <trkpt lat="55.810420" lon="37.808240">
        <ele>163.001981</ele>
        <time>2025-09-19T11:11:43.033Z</time>
      </trkpt>
      <trkpt lat="55.810445" lon="37.809190">
        <ele>162.734390</ele>
        <time>2025-09-19T11:11:48.994Z</time>
      </trkpt>
      <trkpt lat="55.810498" lon="37.810650">
        <ele>161.902188</ele>
        <time>2025-09-19T11:11:55.943Z</time>
      </trkpt>
      <trkpt lat="55.810573" lon="37.811691">
        <ele>160.867460</ele>
        <time>2025-09-19T11:12:01.113Z</time>
      </trkpt>
      <trkpt lat="55.810838" lon="37.813864">
        <ele>158.867787</ele>
        <time>2025-09-19T11:12:12.705Z</time>
      </trkpt>
      <trkpt lat="55.810919" lon="37.814532">
        <ele>158.390693</ele>
        <time>2025-09-19T11:12:16.534Z</time>
      </trkpt>
      <trkpt lat="55.811108" lon="37.816081">
        <ele>157.284071</ele>
        <time>2025-09-19T11:12:24.927Z</time>
      </trkpt>
      <trkpt lat="55.811167" lon="37.816568">
        <ele>157.012573</ele>
        <time>2025-09-19T11:12:27.473Z</time>
      </trkpt>
      <trkpt lat="55.811409" lon="37.818372">
        <ele>156.319997</ele>
        <time>2025-09-19T11:12:37.870Z</time>
      </trkpt>
      <trkpt lat="55.811650" lon="37.820168">
        <ele>155.840471</ele>
        <time>2025-09-19T11:12:50.160Z</time>
      </trkpt>
      <trkpt lat="55.812223" lon="37.824515">
        <ele>155.684378</ele>
        <time>2025-09-19T11:13:18.373Z</time>
      </trkpt>
      <trkpt lat="55.812478" lon="37.826450">
        <ele>155.952492</ele>
        <time>2025-09-19T11:13:33.463Z</time>
      </trkpt>
      <trkpt lat="55.812775" lon="37.828727">
        <ele>156.641828</ele>
        <time>2025-09-19T11:13:51.341Z</time>
      </trkpt>
      <trkpt lat="55.812848" lon="37.829280">
        <ele>156.854993</ele>
        <time>2025-09-19T11:13:55.591Z</time>
      </trkpt>
      <trkpt lat="55.813001" lon="37.830530">
        <ele>157.351305</ele>
        <time>2025-09-19T11:14:04.971Z</time>
      </trkpt>
      <trkpt lat="55.813105" lon="37.831380">
        <ele>157.688790</ele>
        <time>2025-09-19T11:14:11.917Z</time>
      </trkpt>
      <trkpt lat="55.813115" lon="37.831472">
        <ele>157.725143</ele>
        <time>2025-09-19T11:14:12.710Z</time>
      </trkpt>
      <trkpt lat="55.813252" lon="37.833332">
        <ele>158.874884</ele>
        <time>2025-09-19T11:14:29.813Z</time>
      </trkpt>
      <trkpt lat="55.813309" lon="37.834220">
        <ele>159.489422</ele>
        <time>2025-09-19T11:14:37.734Z</time>
      </trkpt>
      <trkpt lat="55.813401" lon="37.835534">
        <ele>160.448071</ele>
        <time>2025-09-19T11:14:49.362Z</time>
      </trkpt>
      <trkpt lat="55.813690" lon="37.837901">
        <ele>162.388019</ele>
        <time>2025-09-19T11:15:10.423Z</time>
      </trkpt>
      <trkpt lat="55.813699" lon="37.837957">
        <ele>162.434668</ele>
        <time>2025-09-19T11:15:10.959Z</time>
      </trkpt>
      <trkpt lat="55.813927" lon="37.839734">
        <ele>164.530375</ele>
        <time>2025-09-19T11:15:31.769Z</time>
      </trkpt>
      <trkpt lat="55.813946" lon="37.839867">
        <ele>164.697415</ele>
        <time>2025-09-19T11:15:33.404Z</time>
      </trkpt>
      <trkpt lat="55.814010" lon="37.840325">
        <ele>165.271879</ele>
        <time>2025-09-19T11:15:38.647Z</time>
      </trkpt>
      <trkpt lat="55.814067" lon="37.840685">
        <ele>165.727140</ele>
        <time>2025-09-19T11:15:42.747Z</time>
      </trkpt>
      <trkpt lat="55.814231" lon="37.841517">
        <ele>166.668042</ele>
        <time>2025-09-19T11:15:51.481Z</time>
      </trkpt>
      <trkpt lat="55.814374" lon="37.842060">
        <ele>166.982969</ele>
        <time>2025-09-19T11:15:56.642Z</time>
      </trkpt>
      <trkpt lat="55.814613" lon="37.842845">
        <ele>167.451844</ele>
        <time>2025-09-19T11:16:03.192Z</time>
      </trkpt>
      <trkpt lat="55.814861" lon="37.843522">
        <ele>167.876256</ele>
        <time>2025-09-19T11:16:09.121Z</time>
      </trkpt>
      <trkpt lat="55.814991" lon="37.843871">
        <ele>168.096149</ele>
        <time>2025-09-19T11:16:12.555Z</time>
      </trkpt>
      <trkpt lat="55.815184" lon="37.844361">
        <ele>168.521132</ele>
        <time>2025-09-19T11:16:17.937Z</time>
      </trkpt>
      <trkpt lat="55.815437" lon="37.844945">
        <ele>169.173620</ele>
        <time>2025-09-19T11:16:25.076Z</time>
      </trkpt>
      <trkpt lat="55.816459" lon="37.847533">
        <ele>171.681040</ele>
        <time>2025-09-19T11:16:55.917Z</time>
      </trkpt>
      <trkpt lat="55.817881" lon="37.850888">
        <ele>173.730266</ele>
        <time>2025-09-19T11:17:29.438Z</time>
      </trkpt>
      <trkpt lat="55.817949" lon="37.851092">
        <ele>173.817980</ele>
        <time>2025-09-19T11:17:31.372Z</time>
      </trkpt>
      <trkpt lat="55.818204" lon="37.851968">
        <ele>174.171545</ele>
        <time>2025-09-19T11:17:39.292Z</time>
      </trkpt>
      <trkpt lat="55.818655" lon="37.853689">
        <ele>174.184766</ele>
        <time>2025-09-19T11:17:52.325Z</time>
      </trkpt>
      <trkpt lat="55.819188" lon="37.855854">
        <ele>174.265045</ele>
        <time>2025-09-19T11:18:06.555Z</time>
      </trkpt>
      <trkpt lat="55.819747" lon="37.857950">
        <ele>174.314311</ele>
        <time>2025-09-19T11:18:24.454Z</time>
      </trkpt>
      <trkpt lat="55.819830" lon="37.858278">
        <ele>174.163131</ele>
        <time>2025-09-19T11:18:26.887Z</time>
      </trkpt>
      <trkpt lat="55.820025" lon="37.859047">
        <ele>173.808562</ele>
        <time>2025-09-19T11:18:31.827Z</time>
      </trkpt>
      <trkpt lat="55.820424" lon="37.860627">
        <ele>173.080570</ele>
        <time>2025-09-19T11:18:40.935Z</time>
      </trkpt>
      <trkpt lat="55.821227" lon="37.864021">
        <ele>170.745013</ele>
        <time>2025-09-19T11:19:01.095Z</time>
      </trkpt>
      <trkpt lat="55.821659" lon="37.865960">
        <ele>169.055077</ele>
        <time>2025-09-19T11:19:11.915Z</time>
      </trkpt>
      <trkpt lat="55.822175" lon="37.869172">
        <ele>165.783129</ele>
        <time>2025-09-19T11:19:28.784Z</time>
      </trkpt>
      <trkpt lat="55.822231" lon="37.869530">
        <ele>165.402803</ele>
        <time>2025-09-19T11:19:30.618Z</time>
      </trkpt>
      <trkpt lat="55.822288" lon="37.869890">
        <ele>164.986949</ele>
        <time>2025-09-19T11:19:32.457Z</time>
      </trkpt>
      <trkpt lat="55.822680" lon="37.872379">
        <ele>161.903013</ele>
        <time>2025-09-19T11:19:44.897Z</time>
      </trkpt>
      <trkpt lat="55.822752" lon="37.872826">
        <ele>161.380814</ele>
        <time>2025-09-19T11:19:47.150Z</time>
      </trkpt>
      <trkpt lat="55.823050" lon="37.874721">
        <ele>160.519345</ele>
        <time>2025-09-19T11:19:57.685Z</time>
      </trkpt>
      <trkpt lat="55.823314" lon="37.876383">
        <ele>159.894642</ele>
        <time>2025-09-19T11:20:10.298Z</time>
      </trkpt>
      <trkpt lat="55.823499" lon="37.877657">
        <ele>159.640995</ele>
        <time>2025-09-19T11:20:18.839Z</time>
      </trkpt>
      <trkpt lat="55.823606" lon="37.878413">
        <ele>159.490716</ele>
        <time>2025-09-19T11:20:23.357Z</time>
      </trkpt>
      <trkpt lat="55.824046" lon="37.881224">
        <ele>158.236318</ele>
        <time>2025-09-19T11:20:39.115Z</time>
      </trkpt>
      <trkpt lat="55.824114" lon="37.881608">
        <ele>158.040062</ele>
        <time>2025-09-19T11:20:41.541Z</time>
      </trkpt>
      <trkpt lat="55.824917" lon="37.886359">
        <ele>157.097369</ele>
        <time>2025-09-19T11:21:13.003Z</time>
      </trkpt>
      <trkpt lat="55.825151" lon="37.887854">
        <ele>156.706130</ele>
        <time>2025-09-19T11:21:21.823Z</time>
      </trkpt>
      <trkpt lat="55.825539" lon="37.890330">
        <ele>156.226743</ele>
        <time>2025-09-19T11:21:37.841Z</time>
      </trkpt>
      <trkpt lat="55.825670" lon="37.891145">
        <ele>156.077184</ele>
        <time>2025-09-19T11:21:43.435Z</time>
      </trkpt>
      <trkpt lat="55.825716" lon="37.891425">
        <ele>155.981550</ele>
        <time>2025-09-19T11:21:45.244Z</time>
      </trkpt>
      <trkpt lat="55.825734" lon="37.891536">
        <ele>155.930432</ele>
        <time>2025-09-19T11:21:45.923Z</time>
      </trkpt>
      <trkpt lat="55.825864" lon="37.892341">
        <ele>155.559827</ele>
        <time>2025-09-19T11:21:50.755Z</time>
      </trkpt>
      <trkpt lat="55.826377" lon="37.895522">
        <ele>155.326006</ele>
        <time>2025-09-19T11:22:08.935Z</time>
      </trkpt>
      <trkpt lat="55.826504" lon="37.896306">
        <ele>155.783534</ele>
        <time>2025-09-19T11:22:16.773Z</time>
      </trkpt>
      <trkpt lat="55.826690" lon="37.897487">
        <ele>156.475273</ele>
        <time>2025-09-19T11:22:30.844Z</time>
      </trkpt>
      <trkpt lat="55.826886" lon="37.898663">
        <ele>157.236060</ele>
        <time>2025-09-19T11:22:45.172Z</time>
      </trkpt>
      <trkpt lat="55.827027" lon="37.899501">
        <ele>157.778603</ele>
        <time>2025-09-19T11:22:52.857Z</time>
      </trkpt>
      <trkpt lat="55.827179" lon="37.900403">
        <ele>158.362653</ele>
        <time>2025-09-19T11:22:58.617Z</time>
      </trkpt>
      <trkpt lat="55.827230" lon="37.900706">
        <ele>158.298275</ele>
        <time>2025-09-19T11:23:00.309Z</time>
      </trkpt>
      <trkpt lat="55.827304" lon="37.901173">
        <ele>158.035468</ele>
        <time>2025-09-19T11:23:02.767Z</time>
      </trkpt>
      <trkpt lat="55.827483" lon="37.902301">
        <ele>157.400614</ele>
        <time>2025-09-19T11:23:08.565Z</time>
      </trkpt>
      <trkpt lat="55.827505" lon="37.902441">
        <ele>157.321876</ele>
        <time>2025-09-19T11:23:09.316Z</time>
      </trkpt>
      <trkpt lat="55.827648" lon="37.903321">
        <ele>156.825713</ele>
        <time>2025-09-19T11:23:14.379Z</time>
      </trkpt>
      <trkpt lat="55.827886" lon="37.904823">
        <ele>157.691122</ele>
        <time>2025-09-19T11:23:27.630Z</time>
      </trkpt>
      <trkpt lat="55.828097" lon="37.906160">
        <ele>158.764286</ele>
        <time>2025-09-19T11:23:42.814Z</time>
      </trkpt>
      <trkpt lat="55.828404" lon="37.908105">
        <ele>159.580830</ele>
        <time>2025-09-19T11:24:00.356Z</time>
      </trkpt>
      <trkpt lat="55.828546" lon="37.909003">
        <ele>159.841167</ele>
        <time>2025-09-19T11:24:06.399Z</time>
      </trkpt>
      <trkpt lat="55.828722" lon="37.910116">
        <ele>159.985568</ele>
        <time>2025-09-19T11:24:13.552Z</time>
      </trkpt>
      <trkpt lat="55.829017" lon="37.911987">
        <ele>159.651414</ele>
        <time>2025-09-19T11:24:25.656Z</time>
      </trkpt>
      <trkpt lat="55.829151" lon="37.912834">
        <ele>159.497213</ele>
        <time>2025-09-19T11:24:31.101Z</time>
      </trkpt>
      <trkpt lat="55.829231" lon="37.913335">
        <ele>159.314669</ele>
        <time>2025-09-19T11:24:34.250Z</time>
      </trkpt>
      <trkpt lat="55.829238" lon="37.913377">
        <ele>159.299315</ele>
        <time>2025-09-19T11:24:34.512Z</time>
      </trkpt>
      <trkpt lat="55.829256" lon="37.913490">
        <ele>159.258150</ele>
        <time>2025-09-19T11:24:35.220Z</time>
      </trkpt>
      <trkpt lat="55.829395" lon="37.914356">
        <ele>158.942493</ele>
        <time>2025-09-19T11:24:40.536Z</time>
      </trkpt>
      <trkpt lat="55.829699" lon="37.916259">
        <ele>158.234194</ele>
        <time>2025-09-19T11:24:51.759Z</time>
      </trkpt>
      <trkpt lat="55.829707" lon="37.916304">
        <ele>158.215776</ele>
        <time>2025-09-19T11:24:52.021Z</time>
      </trkpt>
      <trkpt lat="55.829846" lon="37.917121">
        <ele>157.882672</ele>
        <time>2025-09-19T11:24:56.804Z</time>
      </trkpt>
      <trkpt lat="55.829859" lon="37.917198">
        <ele>157.851298</ele>
        <time>2025-09-19T11:24:57.279Z</time>
      </trkpt>
      <trkpt lat="55.830008" lon="37.918126">
        <ele>157.474683</ele>
        <time>2025-09-19T11:25:03.067Z</time>
      </trkpt>
      <trkpt lat="55.830075" lon="37.918535">
        <ele>157.308440</ele>
        <time>2025-09-19T11:25:05.536Z</time>
      </trkpt>
      <trkpt lat="55.830233" lon="37.919485">
        <ele>156.905971</ele>
        <time>2025-09-19T11:25:11.067Z</time>
      </trkpt>
      <trkpt lat="55.830549" lon="37.921405">
        <ele>156.066055</ele>
        <time>2025-09-19T11:25:22.525Z</time>
      </trkpt>
      <trkpt lat="55.830590" lon="37.921674">
        <ele>155.949045</ele>
        <time>2025-09-19T11:25:24.035Z</time>
      </trkpt>
      <trkpt lat="55.830610" lon="37.921816">
        <ele>155.887587</ele>
        <time>2025-09-19T11:25:24.847Z</time>
      </trkpt>
      <trkpt lat="55.830628" lon="37.921937">
        <ele>155.835040</ele>
        <time>2025-09-19T11:25:25.534Z</time>
      </trkpt>
      <trkpt lat="55.831008" lon="37.924824">
        <ele>155.208831</ele>
        <time>2025-09-19T11:25:43.594Z</time>
      </trkpt>
      <trkpt lat="55.831606" lon="37.929705">
        <ele>154.896644</ele>
        <time>2025-09-19T11:26:16.609Z</time>
      </trkpt>
      <trkpt lat="55.831626" lon="37.929868">
        <ele>154.881323</ele>
        <time>2025-09-19T11:26:17.670Z</time>
      </trkpt>
      <trkpt lat="55.831707" lon="37.930534">
        <ele>154.818748</ele>
        <time>2025-09-19T11:26:21.842Z</time>
      </trkpt>
      <trkpt lat="55.831852" lon="37.931681">
        <ele>154.706035</ele>
        <time>2025-09-19T11:26:29.142Z</time>
      </trkpt>
      <trkpt lat="55.831892" lon="37.932001">
        <ele>154.669983</ele>
        <time>2025-09-19T11:26:31.231Z</time>
      </trkpt>
      <trkpt lat="55.831926" lon="37.932277">
        <ele>154.638909</ele>
        <time>2025-09-19T11:26:33.152Z</time>
      </trkpt>
      <trkpt lat="55.832030" lon="37.933081">
        <ele>154.548177</ele>
        <time>2025-09-19T11:26:38.938Z</time>
      </trkpt>
      <trkpt lat="55.832265" lon="37.934822">
        <ele>154.263960</ele>
        <time>2025-09-19T11:26:49.997Z</time>
      </trkpt>
      <trkpt lat="55.832290" lon="37.935010">
        <ele>154.183601</ele>
        <time>2025-09-19T11:26:51.134Z</time>
      </trkpt>
      <trkpt lat="55.832590" lon="37.936848">
        <ele>153.387475</ele>
        <time>2025-09-19T11:27:02.158Z</time>
      </trkpt>
      <trkpt lat="55.832866" lon="37.938314">
        <ele>152.648571</ele>
        <time>2025-09-19T11:27:10.465Z</time>
      </trkpt>
      <trkpt lat="55.833106" lon="37.939509">
        <ele>151.955557</ele>
        <time>2025-09-19T11:27:17.397Z</time>
      </trkpt>
      <trkpt lat="55.833224" lon="37.940088">
        <ele>151.619215</ele>
        <time>2025-09-19T11:27:20.813Z</time>
      </trkpt>
      <trkpt lat="55.833344" lon="37.940661">
        <ele>151.286568</ele>
        <time>2025-09-19T11:27:24.217Z</time>
      </trkpt>
      <trkpt lat="55.833636" lon="37.942037">
        <ele>150.546487</ele>
        <time>2025-09-19T11:27:33.070Z</time>
      </trkpt>
      <trkpt lat="55.833808" lon="37.942722">
        <ele>150.168966</ele>
        <time>2025-09-19T11:27:37.208Z</time>
      </trkpt>
      <trkpt lat="55.834036" lon="37.943480">
        <ele>149.736342</ele>
        <time>2025-09-19T11:27:41.767Z</time>
      </trkpt>
      <trkpt lat="55.834063" lon="37.943556">
        <ele>149.691096</ele>
        <time>2025-09-19T11:27:42.242Z</time>
      </trkpt>
      <trkpt lat="55.834284" lon="37.944164">
        <ele>149.322000</ele>
        <time>2025-09-19T11:27:46.093Z</time>
      </trkpt>
      <trkpt lat="55.834393" lon="37.944464">
        <ele>149.139898</ele>
        <time>2025-09-19T11:27:47.881Z</time>
      </trkpt>
      <trkpt lat="55.834544" lon="37.944801">
        <ele>148.920180</ele>
        <time>2025-09-19T11:27:49.976Z</time>
      </trkpt>
      <trkpt lat="55.834842" lon="37.945147">
        <ele>148.597334</ele>
        <time>2025-09-19T11:27:53.147Z</time>
      </trkpt>
      <trkpt lat="55.835326" lon="37.945448">
        <ele>148.132085</ele>
        <time>2025-09-19T11:27:59.263Z</time>
      </trkpt>
      <trkpt lat="55.835603" lon="37.945579">
        <ele>148.351975</ele>
        <time>2025-09-19T11:28:03.560Z</time>
      </trkpt>
      <trkpt lat="55.836306" lon="37.945859">
        <ele>149.384795</ele>
        <time>2025-09-19T11:28:15.155Z</time>
      </trkpt>
      <trkpt lat="55.836767" lon="37.946060">
        <ele>150.065270</ele>
        <time>2025-09-19T11:28:24.464Z</time>
      </trkpt>
      <trkpt lat="55.837356" lon="37.946390">
        <ele>150.884502</ele>
        <time>2025-09-19T11:28:35.259Z</time>
      </trkpt>
      <trkpt lat="55.837572" lon="37.946519">
        <ele>151.142376</ele>
        <time>2025-09-19T11:28:38.506Z</time>
      </trkpt>
      <trkpt lat="55.838060" lon="37.946853">
        <ele>151.734136</ele>
        <time>2025-09-19T11:28:46.634Z</time>
      </trkpt>
      <trkpt lat="55.839175" lon="37.947686">
        <ele>152.912380</ele>
        <time>2025-09-19T11:29:04.394Z</time>
      </trkpt>
      <trkpt lat="55.840108" lon="37.948572">
        <ele>153.579371</ele>
        <time>2025-09-19T11:29:19.143Z</time>
      </trkpt>
      <trkpt lat="55.840774" lon="37.949434">
        <ele>153.965593</ele>
        <time>2025-09-19T11:29:29.719Z</time>
      </trkpt>
      <trkpt lat="55.841377" lon="37.950479">
        <ele>154.253870</ele>
        <time>2025-09-19T11:29:40.784Z</time>
      </trkpt>
      <trkpt lat="55.842133" lon="37.951935">
        <ele>154.400272</ele>
        <time>2025-09-19T11:29:54.930Z</time>
      </trkpt>
      <trkpt lat="55.842267" lon="37.952194">
        <ele>154.392814</ele>
        <time>2025-09-19T11:29:57.278Z</time>
      </trkpt>
      <trkpt lat="55.842408" lon="37.952466">
        <ele>154.384975</ele>
        <time>2025-09-19T11:29:59.686Z</time>
      </trkpt>
      <trkpt lat="55.843132" lon="37.953873">
        <ele>154.440610</ele>
        <time>2025-09-19T11:30:11.499Z</time>
      </trkpt>
      <trkpt lat="55.843382" lon="37.954358">
        <ele>154.546340</ele>
        <time>2025-09-19T11:30:15.858Z</time>
      </trkpt>
      <trkpt lat="55.843842" lon="37.955242">
        <ele>154.739892</ele>
        <time>2025-09-19T11:30:24.939Z</time>
      </trkpt>
      <trkpt lat="55.844874" lon="37.957225">
        <ele>155.287305</ele>
        <time>2025-09-19T11:30:45.765Z</time>
      </trkpt>
      <trkpt lat="55.845098" lon="37.957655">
        <ele>155.416591</ele>
        <time>2025-09-19T11:30:49.936Z</time>
      </trkpt>
      <trkpt lat="55.845214" lon="37.957877">
        <ele>155.483433</ele>
        <time>2025-09-19T11:30:52.059Z</time>
      </trkpt>
      <trkpt lat="55.845341" lon="37.958118">
        <ele>155.556284</ele>
        <time>2025-09-19T11:30:54.372Z</time>
      </trkpt>
      <trkpt lat="55.846682" lon="37.960669">
        <ele>155.556491</ele>
        <time>2025-09-19T11:31:18.074Z</time>
      </trkpt>
      <trkpt lat="55.846969" lon="37.961218">
        <ele>155.383343</ele>
        <time>2025-09-19T11:31:22.461Z</time>
      </trkpt>
      <trkpt lat="55.849520" lon="37.966174">
        <ele>154.227765</ele>
        <time>2025-09-19T11:32:02.418Z</time>
      </trkpt>
      <trkpt lat="55.849960" lon="37.967030">
        <ele>154.466412</ele>
        <time>2025-09-19T11:32:11.247Z</time>
      </trkpt>
      <trkpt lat="55.850049" lon="37.967205">
        <ele>154.514966</ele>
        <time>2025-09-19T11:32:13.272Z</time>
      </trkpt>
      <trkpt lat="55.850093" lon="37.967279">
        <ele>154.537130</ele>
        <time>2025-09-19T11:32:14.247Z</time>
      </trkpt>
      <trkpt lat="55.850172" lon="37.967422">
        <ele>154.578383</ele>
        <time>2025-09-19T11:32:16.080Z</time>
      </trkpt>
      <trkpt lat="55.850442" lon="37.967908">
        <ele>154.973016</ele>
        <time>2025-09-19T11:32:22.721Z</time>
      </trkpt>
      <trkpt lat="55.851298" lon="37.969548">
        <ele>156.693885</ele>
        <time>2025-09-19T11:32:44.723Z</time>
      </trkpt>
      <trkpt lat="55.851412" lon="37.969768">
        <ele>156.923960</ele>
        <time>2025-09-19T11:32:47.342Z</time>
      </trkpt>
      <trkpt lat="55.851520" lon="37.969976">
        <ele>157.061165</ele>
        <time>2025-09-19T11:32:49.625Z</time>
      </trkpt>
      <trkpt lat="55.851589" lon="37.970110">
        <ele>156.989752</ele>
        <time>2025-09-19T11:32:50.968Z</time>
      </trkpt>
      <trkpt lat="55.852158" lon="37.971180">
        <ele>156.410915</ele>
        <time>2025-09-19T11:32:59.526Z</time>
      </trkpt>
      <trkpt lat="55.853093" lon="37.972850">
        <ele>155.434710</ele>
        <time>2025-09-19T11:33:11.815Z</time>
      </trkpt>
      <trkpt lat="55.853700" lon="37.973912">
        <ele>154.753494</ele>
        <time>2025-09-19T11:33:20.268Z</time>
      </trkpt>
      <trkpt lat="55.853885" lon="37.974245">
        <ele>154.542918</ele>
        <time>2025-09-19T11:33:23.113Z</time>
      </trkpt>
      <trkpt lat="55.854559" lon="37.975457">
        <ele>154.690293</ele>
        <time>2025-09-19T11:33:35.188Z</time>
      </trkpt>
      <trkpt lat="55.854909" lon="37.976087">
        <ele>154.885333</ele>
        <time>2025-09-19T11:33:42.375Z</time>
      </trkpt>
      <trkpt lat="55.855703" lon="37.977518">
        <ele>154.843936</ele>
        <time>2025-09-19T11:33:57.474Z</time>
      </trkpt>
      <trkpt lat="55.856029" lon="37.978083">
        <ele>154.652014</ele>
        <time>2025-09-19T11:34:02.162Z</time>
      </trkpt>
      <trkpt lat="55.856469" lon="37.978846">
        <ele>154.392909</ele>
        <time>2025-09-19T11:34:08.104Z</time>
      </trkpt>
      <trkpt lat="55.856772" lon="37.979364">
        <ele>154.125691</ele>
        <time>2025-09-19T11:34:12.145Z</time>
      </trkpt>
      <trkpt lat="55.856848" lon="37.979495">
        <ele>154.047651</ele>
        <time>2025-09-19T11:34:13.213Z</time>
      </trkpt>
      <trkpt lat="55.857177" lon="37.980063">
        <ele>153.709559</ele>
        <time>2025-09-19T11:34:18.073Z</time>
      </trkpt>
      <trkpt lat="55.858169" lon="37.981754">
        <ele>152.962841</ele>
        <time>2025-09-19T11:34:32.074Z</time>
      </trkpt>
      <trkpt lat="55.858458" lon="37.982257">
        <ele>152.919225</ele>
        <time>2025-09-19T11:34:36.316Z</time>
      </trkpt>
      <trkpt lat="55.858897" lon="37.983008">
        <ele>152.853522</ele>
        <time>2025-09-19T11:34:43.833Z</time>
      </trkpt>
      <trkpt lat="55.858968" lon="37.983132">
        <ele>152.842789</ele>
        <time>2025-09-19T11:34:45.095Z</time>
      </trkpt>
      <trkpt lat="55.859432" lon="37.983880">
        <ele>152.957180</ele>
        <time>2025-09-19T11:34:54.095Z</time>
      </trkpt>
      <trkpt lat="55.861335" lon="37.986401">
        <ele>153.380163</ele>
        <time>2025-09-19T11:35:24.630Z</time>
      </trkpt>
      <trkpt lat="55.861314" lon="37.986477">
        <ele>153.372842</ele>
        <time>2025-09-19T11:35:25.113Z</time>
      </trkpt>
      <trkpt lat="55.861040" lon="37.987570">
        <ele>153.269395</ele>
        <time>2025-09-19T11:35:32.198Z</time>
      </trkpt>
      <trkpt lat="55.860911" lon="37.988251">
        <ele>153.004359</ele>
        <time>2025-09-19T11:35:36.231Z</time>
      </trkpt>
      <trkpt lat="55.860891" lon="37.988566">
        <ele>152.837445</ele>
        <time>2025-09-19T11:35:37.990Z</time>
      </trkpt>
      <trkpt lat="55.860870" lon="37.989527">
        <ele>152.331069</ele>
        <time>2025-09-19T11:35:43.435Z</time>
      </trkpt>
      <trkpt lat="55.860842" lon="37.990276">
        <ele>151.935826</ele>
        <time>2025-09-19T11:35:47.531Z</time>
      </trkpt>
      <trkpt lat="55.860834" lon="37.990491">
        <ele>151.822375</ele>
        <time>2025-09-19T11:35:48.689Z</time>
      </trkpt>
      <trkpt lat="55.860807" lon="37.990931">
        <ele>151.589322</ele>
        <time>2025-09-19T11:35:51.058Z</time>
      </trkpt>
      <trkpt lat="55.860681" lon="37.991801">
        <ele>151.177840</ele>
        <time>2025-09-19T11:35:55.895Z</time>
      </trkpt>
      <trkpt lat="55.860568" lon="37.992276">
        <ele>150.943939</ele>
        <time>2025-09-19T11:35:58.715Z</time>
      </trkpt>
      <trkpt lat="55.860513" lon="37.992553">
        <ele>150.810726</ele>
        <time>2025-09-19T11:36:00.335Z</time>
      </trkpt>
      <trkpt lat="55.859966" lon="37.994588">
        <ele>150.153109</ele>
        <time>2025-09-19T11:36:13.530Z</time>
      </trkpt>
      <trkpt lat="55.859819" lon="37.995561">
        <ele>150.219761</ele>
        <time>2025-09-19T11:36:20.402Z</time>
      </trkpt>
      <trkpt lat="55.859719" lon="37.996468">
        <ele>150.280903</ele>
        <time>2025-09-19T11:36:27.091Z</time>
      </trkpt>
      <trkpt lat="55.859583" lon="37.998232">
        <ele>151.017236</ele>
        <time>2025-09-19T11:36:41.461Z</time>
      </trkpt>
      <trkpt lat="55.859347" lon="38.001227">
        <ele>152.418457</ele>
        <time>2025-09-19T11:37:08.406Z</time>
      </trkpt>
      <trkpt lat="55.859315" lon="38.002049">
        <ele>152.619012</ele>
        <time>2025-09-19T11:37:14.668Z</time>
      </trkpt>
      <trkpt lat="55.859325" lon="38.003650">
        <ele>152.980919</ele>
        <time>2025-09-19T11:37:24.585Z</time>
      </trkpt>
      <trkpt lat="55.859324" lon="38.005461">
        <ele>153.220884</ele>
        <time>2025-09-19T11:37:35.704Z</time>
      </trkpt>
      <trkpt lat="55.859383" lon="38.011901">
        <ele>156.388313</ele>
        <time>2025-09-19T11:38:32.077Z</time>
      </trkpt>
      <trkpt lat="55.859390" lon="38.012153">
        <ele>156.503208</ele>
        <time>2025-09-19T11:38:34.051Z</time>
      </trkpt>
      <trkpt lat="55.859582" lon="38.019536">
        <ele>157.386195</ele>
        <time>2025-09-19T11:39:24.189Z</time>
      </trkpt>
      <trkpt lat="55.859628" lon="38.021312">
        <ele>157.851526</ele>
        <time>2025-09-19T11:39:39.051Z</time>
      </trkpt>
      <trkpt lat="55.859649" lon="38.022144">
        <ele>158.069508</ele>
        <time>2025-09-19T11:39:45.629Z</time>
      </trkpt>
      <trkpt lat="55.859728" lon="38.025170">
        <ele>157.718444</ele>
        <time>2025-09-19T11:40:03.987Z</time>
      </trkpt>
      <trkpt lat="55.859735" lon="38.025366">
        <ele>157.681974</ele>
        <time>2025-09-19T11:40:05.135Z</time>
      </trkpt>
      <trkpt lat="55.859763" lon="38.026502">
        <ele>157.445349</ele>
        <time>2025-09-19T11:40:11.910Z</time>
      </trkpt>
      <trkpt lat="55.859792" lon="38.027602">
        <ele>157.199927</ele>
        <time>2025-09-19T11:40:18.686Z</time>
      </trkpt>
      <trkpt lat="55.859822" lon="38.028715">
        <ele>156.951593</ele>
        <time>2025-09-19T11:40:25.593Z</time>
      </trkpt>
      <trkpt lat="55.859846" lon="38.029812">
        <ele>156.522450</ele>
        <time>2025-09-19T11:40:32.255Z</time>
      </trkpt>
      <trkpt lat="55.859870" lon="38.030935">
        <ele>156.010797</ele>
        <time>2025-09-19T11:40:38.648Z</time>
      </trkpt>
      <trkpt lat="55.859895" lon="38.032048">
        <ele>155.503663</ele>
        <time>2025-09-19T11:40:44.605Z</time>
      </trkpt>
      <trkpt lat="55.859898" lon="38.032554">
        <ele>155.325315</ele>
        <time>2025-09-19T11:40:47.264Z</time>
      </trkpt>
      <trkpt lat="55.859906" lon="38.033712">
        <ele>154.979266</ele>
        <time>2025-09-19T11:40:53.775Z</time>
      </trkpt>
      <trkpt lat="55.859933" lon="38.034303">
        <ele>154.802084</ele>
        <time>2025-09-19T11:40:57.242Z</time>
      </trkpt>
      <trkpt lat="55.860076" lon="38.034816">
        <ele>154.630928</ele>
        <time>2025-09-19T11:41:00.872Z</time>
      </trkpt>
      <trkpt lat="55.860630" lon="38.036077">
        <ele>154.509529</ele>
        <time>2025-09-19T11:41:12.454Z</time>
      </trkpt>
      <trkpt lat="55.860968" lon="38.036932">
        <ele>154.551736</ele>
        <time>2025-09-19T11:41:19.671Z</time>
      </trkpt>
      <trkpt lat="55.861149" lon="38.037500">
        <ele>154.578097</ele>
        <time>2025-09-19T11:41:23.894Z</time>
      </trkpt>
      <trkpt lat="55.861305" lon="38.038218">
        <ele>154.561994</ele>
        <time>2025-09-19T11:41:28.754Z</time>
      </trkpt>
      <trkpt lat="55.861445" lon="38.039252">
        <ele>154.446586</ele>
        <time>2025-09-19T11:41:35.328Z</time>
      </trkpt>
      <trkpt lat="55.861523" lon="38.040210">
        <ele>154.341556</ele>
        <time>2025-09-19T11:41:41.429Z</time>
      </trkpt>
      <trkpt lat="55.861520" lon="38.041260">
        <ele>154.215580</ele>
        <time>2025-09-19T11:41:48.355Z</time>
      </trkpt>
      <trkpt lat="55.861441" lon="38.042567">
        <ele>153.991136</ele>
        <time>2025-09-19T11:41:57.070Z</time>
      </trkpt>
      <trkpt lat="55.861432" lon="38.042723">
        <ele>153.964361</ele>
        <time>2025-09-19T11:41:58.097Z</time>
      </trkpt>
      <trkpt lat="55.861303" lon="38.044799">
        <ele>153.418710</ele>
        <time>2025-09-19T11:42:10.399Z</time>
      </trkpt>
      <trkpt lat="55.861221" lon="38.046101">
        <ele>152.743616</ele>
        <time>2025-09-19T11:42:17.491Z</time>
      </trkpt>
      <trkpt lat="55.861159" lon="38.047178">
        <ele>152.185757</ele>
        <time>2025-09-19T11:42:23.345Z</time>
      </trkpt>
      <trkpt lat="55.861146" lon="38.047402">
        <ele>152.069720</ele>
        <time>2025-09-19T11:42:24.581Z</time>
      </trkpt>
      <trkpt lat="55.861124" lon="38.047711">
        <ele>151.956479</ele>
        <time>2025-09-19T11:42:26.323Z</time>
      </trkpt>
      <trkpt lat="55.861106" lon="38.048030">
        <ele>151.846740</ele>
        <time>2025-09-19T11:42:28.144Z</time>
      </trkpt>
      <trkpt lat="55.860927" lon="38.051076">
        <ele>150.856798</ele>
        <time>2025-09-19T11:42:46.316Z</time>
      </trkpt>
      <trkpt lat="55.860898" lon="38.051586">
        <ele>150.747602</ele>
        <time>2025-09-19T11:42:49.406Z</time>
      </trkpt>
      <trkpt lat="55.860738" lon="38.054108">
        <ele>150.210072</ele>
        <time>2025-09-19T11:43:05.043Z</time>
      </trkpt>
      <trkpt lat="55.860574" lon="38.056706">
        <ele>149.680688</ele>
        <time>2025-09-19T11:43:21.377Z</time>
      </trkpt>
      <trkpt lat="55.860524" lon="38.057217">
        <ele>149.557427</ele>
        <time>2025-09-19T11:43:24.377Z</time>
      </trkpt>
      <trkpt lat="55.860408" lon="38.057946">
        <ele>149.342686</ele>
        <time>2025-09-19T11:43:28.688Z</time>
      </trkpt>
      <trkpt lat="55.860182" lon="38.058856">
        <ele>149.060669</ele>
        <time>2025-09-19T11:43:34.340Z</time>
      </trkpt>
      <trkpt lat="55.859960" lon="38.059594">
        <ele>148.823368</ele>
        <time>2025-09-19T11:43:39.251Z</time>
      </trkpt>
      <trkpt lat="55.855919" lon="38.069773">
        <ele>149.013924</ele>
        <time>2025-09-19T11:45:04.162Z</time>
      </trkpt>
      <trkpt lat="55.855447" lon="38.070786">
        <ele>148.903732</ele>
        <time>2025-09-19T11:45:12.197Z</time>
      </trkpt>
      <trkpt lat="55.854986" lon="38.071581">
        <ele>148.725386</ele>
        <time>2025-09-19T11:45:19.086Z</time>
      </trkpt>
      <trkpt lat="55.853300" lon="38.074479">
        <ele>148.338802</ele>
        <time>2025-09-19T11:45:45.942Z</time>
      </trkpt>
      <trkpt lat="55.853051" lon="38.075020">
        <ele>148.304325</ele>
        <time>2025-09-19T11:45:50.492Z</time>
      </trkpt>
      <trkpt lat="55.852864" lon="38.075559">
        <ele>148.287875</ele>
        <time>2025-09-19T11:45:54.635Z</time>
      </trkpt>
      <trkpt lat="55.852391" lon="38.077717">
        <ele>148.227733</ele>
        <time>2025-09-19T11:46:09.903Z</time>
      </trkpt>
      <trkpt lat="55.852266" lon="38.078204">
        <ele>148.294537</ele>
        <time>2025-09-19T11:46:13.475Z</time>
      </trkpt>
      <trkpt lat="55.852107" lon="38.078706">
        <ele>148.379507</ele>
        <time>2025-09-19T11:46:17.387Z</time>
      </trkpt>
      <trkpt lat="55.851768" lon="38.079465">
        <ele>148.522492</ele>
        <time>2025-09-19T11:46:24.249Z</time>
      </trkpt>
      <trkpt lat="55.851434" lon="38.080042">
        <ele>148.644676</ele>
        <time>2025-09-19T11:46:30.416Z</time>
      </trkpt>
      <trkpt lat="55.850557" lon="38.081198">
        <ele>149.040526</ele>
        <time>2025-09-19T11:46:45.174Z</time>
      </trkpt>
      <trkpt lat="55.849317" lon="38.082834">
        <ele>149.479625</ele>
        <time>2025-09-19T11:47:04.966Z</time>
      </trkpt>
      <trkpt lat="55.849225" lon="38.082969">
        <ele>149.496099</ele>
        <time>2025-09-19T11:47:06.428Z</time>
      </trkpt>
      <trkpt lat="55.849110" lon="38.083218">
        <ele>149.521116</ele>
        <time>2025-09-19T11:47:08.649Z</time>
      </trkpt>
      <trkpt lat="55.848986" lon="38.083732">
        <ele>149.564522</ele>
        <time>2025-09-19T11:47:12.471Z</time>
      </trkpt>
      <trkpt lat="55.848423" lon="38.087135">
        <ele>149.536835</ele>
        <time>2025-09-19T11:47:35.543Z</time>
      </trkpt>
      <trkpt lat="55.848174" lon="38.088315">
        <ele>149.547790</ele>
        <time>2025-09-19T11:47:43.969Z</time>
      </trkpt>
      <trkpt lat="55.848057" lon="38.088762">
        <ele>149.577279</ele>
        <time>2025-09-19T11:47:47.326Z</time>
      </trkpt>
      <trkpt lat="55.847651" lon="38.089976">
        <ele>149.661769</ele>
        <time>2025-09-19T11:47:56.949Z</time>
      </trkpt>
      <trkpt lat="55.847172" lon="38.091167">
        <ele>149.763913</ele>
        <time>2025-09-19T11:48:07.424Z</time>
      </trkpt>
      <trkpt lat="55.846916" lon="38.091690">
        <ele>149.818232</ele>
        <time>2025-09-19T11:48:12.425Z</time>
      </trkpt>
      <trkpt lat="55.846750" lon="38.092036">
        <ele>149.853861</ele>
        <time>2025-09-19T11:48:15.580Z</time>
      </trkpt>
      <trkpt lat="55.846172" lon="38.093135">
        <ele>149.916543</ele>
        <time>2025-09-19T11:48:25.759Z</time>
      </trkpt>
      <trkpt lat="55.846119" lon="38.093229">
        <ele>149.896037</ele>
        <time>2025-09-19T11:48:26.594Z</time>
      </trkpt>
      <trkpt lat="55.845862" lon="38.093719">
        <ele>149.792822</ele>
        <time>2025-09-19T11:48:30.691Z</time>
      </trkpt>
      <trkpt lat="55.845747" lon="38.093947">
        <ele>149.745644</ele>
        <time>2025-09-19T11:48:32.550Z</time>
      </trkpt>
      <trkpt lat="55.845433" lon="38.094577">
        <ele>149.615971</ele>
        <time>2025-09-19T11:48:37.594Z</time>
      </trkpt>
      <trkpt lat="55.845377" lon="38.094757">
        <ele>149.584295</ele>
        <time>2025-09-19T11:48:38.804Z</time>
      </trkpt>
      <trkpt lat="55.845357" lon="38.094991">
        <ele>149.547861</ele>
        <time>2025-09-19T11:48:40.248Z</time>
      </trkpt>
      <trkpt lat="55.845400" lon="38.095196">
        <ele>149.514176</ele>
        <time>2025-09-19T11:48:41.610Z</time>
      </trkpt>
      <trkpt lat="55.847299" lon="38.100085">
        <ele>149.250541</ele>
        <time>2025-09-19T11:49:20.784Z</time>
      </trkpt>
      <trkpt lat="55.847371" lon="38.100272">
        <ele>149.242033</ele>
        <time>2025-09-19T11:49:22.298Z</time>
      </trkpt>
      <trkpt lat="55.848514" lon="38.103320">
        <ele>148.721178</ele>
        <time>2025-09-19T11:49:45.559Z</time>
      </trkpt>
      <trkpt lat="55.848779" lon="38.104411">
        <ele>148.343442</ele>
        <time>2025-09-19T11:49:52.185Z</time>
      </trkpt>
      <trkpt lat="55.848949" lon="38.105305">
        <ele>148.026067</ele>
        <time>2025-09-19T11:49:57.338Z</time>
      </trkpt>
      <trkpt lat="55.848999" lon="38.105754">
        <ele>147.872154</ele>
        <time>2025-09-19T11:49:59.925Z</time>
      </trkpt>
      <trkpt lat="55.849021" lon="38.106532">
        <ele>147.635059</ele>
        <time>2025-09-19T11:50:04.582Z</time>
      </trkpt>
      <trkpt lat="55.848995" lon="38.110762">
        <ele>148.951206</ele>
        <time>2025-09-19T11:50:38.071Z</time>
      </trkpt>
      <trkpt lat="55.849029" lon="38.111745">
        <ele>149.301708</ele>
        <time>2025-09-19T11:50:45.752Z</time>
      </trkpt>
      <trkpt lat="55.849086" lon="38.112224">
        <ele>149.475966</ele>
        <time>2025-09-19T11:50:49.478Z</time>
      </trkpt>
      <trkpt lat="55.849410" lon="38.113449">
        <ele>149.956349</ele>
        <time>2025-09-19T11:50:59.762Z</time>
      </trkpt>
      <trkpt lat="55.849790" lon="38.114610">
        <ele>150.431627</ele>
        <time>2025-09-19T11:51:10.266Z</time>
      </trkpt>
      <trkpt lat="55.851969" lon="38.119912">
        <ele>152.082386</ele>
        <time>2025-09-19T11:52:01.979Z</time>
      </trkpt>
      <trkpt lat="55.852418" lon="38.121004">
        <ele>151.897743</ele>
        <time>2025-09-19T11:52:09.135Z</time>
      </trkpt>
      <trkpt lat="55.853084" lon="38.122606">
        <ele>150.787085</ele>
        <time>2025-09-19T11:52:19.678Z</time>
      </trkpt>
      <trkpt lat="55.853613" lon="38.123980">
        <ele>150.237216</ele>
        <time>2025-09-19T11:52:29.796Z</time>
      </trkpt>
      <trkpt lat="55.854161" lon="38.125528">
        <ele>150.081292</ele>
        <time>2025-09-19T11:52:41.668Z</time>
      </trkpt>
      <trkpt lat="55.854298" lon="38.125912">
        <ele>150.042528</ele>
        <time>2025-09-19T11:52:44.747Z</time>
      </trkpt>
      <trkpt lat="55.854304" lon="38.125925">
        <ele>150.041094</ele>
        <time>2025-09-19T11:52:44.861Z</time>
      </trkpt>
      <trkpt lat="55.855593" lon="38.129021">
        <ele>149.998588</ele>
        <time>2025-09-19T11:53:11.113Z</time>
      </trkpt>
      <trkpt lat="55.855624" lon="38.129107">
        <ele>149.978429</ele>
        <time>2025-09-19T11:53:11.730Z</time>
      </trkpt>
      <trkpt lat="55.855654" lon="38.129173">
        <ele>149.961678</ele>
        <time>2025-09-19T11:53:12.247Z</time>
      </trkpt>
      <trkpt lat="55.856126" lon="38.130348">
        <ele>149.676689</ele>
        <time>2025-09-19T11:53:20.969Z</time>
      </trkpt>
      <trkpt lat="55.856732" lon="38.131844">
        <ele>149.288406</ele>
        <time>2025-09-19T11:53:31.768Z</time>
      </trkpt>
      <trkpt lat="55.857295" lon="38.133170">
        <ele>148.911122</ele>
        <time>2025-09-19T11:53:42.040Z</time>
      </trkpt>
      <trkpt lat="55.857968" lon="38.134736">
        <ele>148.260762</ele>
        <time>2025-09-19T11:53:54.251Z</time>
      </trkpt>
      <trkpt lat="55.858148" lon="38.135141">
        <ele>148.059887</ele>
        <time>2025-09-19T11:53:57.120Z</time>
      </trkpt>
      <trkpt lat="55.858488" lon="38.135933">
        <ele>147.672172</ele>
        <time>2025-09-19T11:54:02.523Z</time>
      </trkpt>
      <trkpt lat="55.858558" lon="38.136101">
        <ele>147.590814</ele>
        <time>2025-09-19T11:54:03.655Z</time>
      </trkpt>
      <trkpt lat="55.858592" lon="38.136181">
        <ele>147.551795</ele>
        <time>2025-09-19T11:54:04.155Z</time>
      </trkpt>
      <trkpt lat="55.859876" lon="38.139200">
        <ele>146.699747</ele>
        <time>2025-09-19T11:54:26.470Z</time>
      </trkpt>
      <trkpt lat="55.859959" lon="38.139381">
        <ele>146.803662</ele>
        <time>2025-09-19T11:54:28.292Z</time>
      </trkpt>
      <trkpt lat="55.860050" lon="38.139586">
        <ele>146.919865</ele>
        <time>2025-09-19T11:54:30.348Z</time>
      </trkpt>
      <trkpt lat="55.860121" lon="38.139736">
        <ele>147.007104</ele>
        <time>2025-09-19T11:54:31.915Z</time>
      </trkpt>
      <trkpt lat="55.860148" lon="38.139792">
        <ele>147.039926</ele>
        <time>2025-09-19T11:54:32.486Z</time>
      </trkpt>
      <trkpt lat="55.860377" lon="38.140256">
        <ele>147.314630</ele>
        <time>2025-09-19T11:54:37.659Z</time>
      </trkpt>
      <trkpt lat="55.860836" lon="38.141237">
        <ele>147.882450</ele>
        <time>2025-09-19T11:54:49.280Z</time>
      </trkpt>
      <trkpt lat="55.861710" lon="38.143361">
        <ele>149.678195</ele>
        <time>2025-09-19T11:55:13.756Z</time>
      </trkpt>
      <trkpt lat="55.862198" lon="38.144554">
        <ele>149.597099</ele>
        <time>2025-09-19T11:55:25.643Z</time>
      </trkpt>
      <trkpt lat="55.864544" lon="38.150455">
        <ele>145.918202</ele>
        <time>2025-09-19T11:56:02.995Z</time>
      </trkpt>
      <trkpt lat="55.864789" lon="38.150836">
        <ele>145.923714</ele>
        <time>2025-09-19T11:56:08.224Z</time>
      </trkpt>
      <trkpt lat="55.865861" lon="38.152151">
        <ele>146.240861</ele>
        <time>2025-09-19T11:56:30.682Z</time>
      </trkpt>
      <trkpt lat="55.866357" lon="38.152780">
        <ele>146.491968</ele>
        <time>2025-09-19T11:56:38.014Z</time>
      </trkpt>
      <trkpt lat="55.866610" lon="38.153051">
        <ele>146.613727</ele>
        <time>2025-09-19T11:56:41.178Z</time>
      </trkpt>
      <trkpt lat="55.866965" lon="38.153285">
        <ele>146.446930</ele>
        <time>2025-09-19T11:56:44.642Z</time>
      </trkpt>
      <trkpt lat="55.867669" lon="38.153588">
        <ele>145.728152</ele>
        <time>2025-09-19T11:56:51.438Z</time>
      </trkpt>
      <trkpt lat="55.867921" lon="38.153681">
        <ele>145.472747</ele>
        <time>2025-09-19T11:56:53.948Z</time>
      </trkpt>
      <trkpt lat="55.869579" lon="38.154412">
        <ele>144.528509</ele>
        <time>2025-09-19T11:57:11.481Z</time>
      </trkpt>
      <trkpt lat="55.870406" lon="38.154780">
        <ele>144.368366</ele>
        <time>2025-09-19T11:57:22.193Z</time>
      </trkpt>
      <trkpt lat="55.870560" lon="38.154850">
        <ele>144.421620</ele>
        <time>2025-09-19T11:57:24.305Z</time>
      </trkpt>
      <trkpt lat="55.871511" lon="38.155250">
        <ele>144.749037</ele>
        <time>2025-09-19T11:57:37.395Z</time>
      </trkpt>
      <trkpt lat="55.872453" lon="38.155642">
        <ele>144.775734</ele>
        <time>2025-09-19T11:57:49.668Z</time>
      </trkpt>
      <trkpt lat="55.872723" lon="38.155751">
        <ele>144.696682</ele>
        <time>2025-09-19T11:57:52.793Z</time>
      </trkpt>
      <trkpt lat="55.874263" lon="38.156365">
        <ele>144.074031</ele>
        <time>2025-09-19T11:58:09.355Z</time>
      </trkpt>
      <trkpt lat="55.874530" lon="38.156484">
        <ele>143.907025</ele>
        <time>2025-09-19T11:58:12.070Z</time>
      </trkpt>
      <trkpt lat="55.874623" lon="38.156528">
        <ele>143.848638</ele>
        <time>2025-09-19T11:58:13.016Z</time>
      </trkpt>
      <trkpt lat="55.875620" lon="38.157033">
        <ele>143.300115</ele>
        <time>2025-09-19T11:58:23.764Z</time>
      </trkpt>
      <trkpt lat="55.876087" lon="38.157248">
        <ele>143.275363</ele>
        <time>2025-09-19T11:58:29.311Z</time>
      </trkpt>
      <trkpt lat="55.877461" lon="38.157995">
        <ele>143.166920</ele>
        <time>2025-09-19T11:58:47.048Z</time>
      </trkpt>
      <trkpt lat="55.877566" lon="38.158061">
        <ele>143.146614</ele>
        <time>2025-09-19T11:58:48.329Z</time>
      </trkpt>
      <trkpt lat="55.878884" lon="38.158967">
        <ele>142.888975</ele>
        <time>2025-09-19T11:59:03.596Z</time>
      </trkpt>
      <trkpt lat="55.880488" lon="38.160051">
        <ele>143.773680</ele>
        <time>2025-09-19T11:59:25.983Z</time>
      </trkpt>
      <trkpt lat="55.881721" lon="38.160917">
        <ele>145.786370</ele>
        <time>2025-09-19T11:59:49.445Z</time>
      </trkpt>
      <trkpt lat="55.882353" lon="38.161361">
        <ele>146.758123</ele>
        <time>2025-09-19T12:00:01.529Z</time>
      </trkpt>
      <trkpt lat="55.882701" lon="38.161587">
        <ele>146.983679</ele>
        <time>2025-09-19T12:00:07.517Z</time>
      </trkpt>
      <trkpt lat="55.883706" lon="38.162299">
        <ele>147.642280</ele>
        <time>2025-09-19T12:00:22.075Z</time>
      </trkpt>
      <trkpt lat="55.883924" lon="38.162449">
        <ele>147.784587</ele>
        <time>2025-09-19T12:00:24.579Z</time>
      </trkpt>
      <trkpt lat="55.887003" lon="38.164606">
        <ele>145.501468</ele>
        <time>2025-09-19T12:00:57.745Z</time>
      </trkpt>
      <trkpt lat="55.887270" lon="38.164777">
        <ele>145.318015</ele>
        <time>2025-09-19T12:01:01.049Z</time>
      </trkpt>
      <trkpt lat="55.886992" lon="38.165951">
        <ele>145.137543</ele>
        <time>2025-09-19T12:01:09.786Z</time>
      </trkpt>
      <trkpt lat="55.886567" lon="38.167747">
        <ele>144.865170</ele>
        <time>2025-09-19T12:01:21.784Z</time>
      </trkpt>
      <trkpt lat="55.886350" lon="38.168664">
        <ele>144.754122</ele>
        <time>2025-09-19T12:01:27.583Z</time>
      </trkpt>
      <trkpt lat="55.886176" lon="38.169398">
        <ele>144.665212</ele>
        <time>2025-09-19T12:01:32.351Z</time>
      </trkpt>
      <trkpt lat="55.886130" lon="38.169589">
        <ele>144.642019</ele>
        <time>2025-09-19T12:01:33.622Z</time>
      </trkpt>
      <trkpt lat="55.886107" lon="38.169679">
        <ele>144.630984</ele>
        <time>2025-09-19T12:01:34.213Z</time>
      </trkpt>
      <trkpt lat="55.885984" lon="38.170197">
        <ele>144.568222</ele>
        <time>2025-09-19T12:01:37.897Z</time>
      </trkpt>
      <trkpt lat="55.885858" lon="38.170756">
        <ele>144.522861</ele>
        <time>2025-09-19T12:01:42.385Z</time>
      </trkpt>
      <trkpt lat="55.885809" lon="38.170963">
        <ele>144.575619</ele>
        <time>2025-09-19T12:01:44.076Z</time>
      </trkpt>
      <trkpt lat="55.885648" lon="38.171554">
        <ele>144.729897</ele>
        <time>2025-09-19T12:01:49.088Z</time>
      </trkpt>
      <trkpt lat="55.884997" lon="38.173510">
        <ele>145.261438</ele>
        <time>2025-09-19T12:02:06.439Z</time>
      </trkpt>
      <trkpt lat="55.884885" lon="38.173847">
        <ele>145.272659</ele>
        <time>2025-09-19T12:02:09.131Z</time>
      </trkpt>
      <trkpt lat="55.884415" lon="38.175261">
        <ele>145.319742</ele>
        <time>2025-09-19T12:02:19.745Z</time>
      </trkpt>
      <trkpt lat="55.884309" lon="38.175583">
        <ele>145.330437</ele>
        <time>2025-09-19T12:02:22.119Z</time>
      </trkpt>
      <trkpt lat="55.884212" lon="38.175874">
        <ele>145.340134</ele>
        <time>2025-09-19T12:02:24.391Z</time>
      </trkpt>
      <trkpt lat="55.884070" lon="38.176299">
        <ele>145.355207</ele>
        <time>2025-09-19T12:02:27.739Z</time>
      </trkpt>
      <trkpt lat="55.883648" lon="38.177567">
        <ele>145.425562</ele>
        <time>2025-09-19T12:02:38.160Z</time>
      </trkpt>
      <trkpt lat="55.883605" lon="38.177683">
        <ele>145.432197</ele>
        <time>2025-09-19T12:02:39.106Z</time>
      </trkpt>
      <trkpt lat="55.883448" lon="38.178004">
        <ele>145.452520</ele>
        <time>2025-09-19T12:02:42.155Z</time>
      </trkpt>
      <trkpt lat="55.883366" lon="38.178131">
        <ele>145.461761</ele>
        <time>2025-09-19T12:02:43.521Z</time>
      </trkpt>
      <trkpt lat="55.883286" lon="38.178260">
        <ele>145.470938</ele>
        <time>2025-09-19T12:02:44.865Z</time>
      </trkpt>
      <trkpt lat="55.883041" lon="38.178624">
        <ele>145.498070</ele>
        <time>2025-09-19T12:02:48.646Z</time>
      </trkpt>
      <trkpt lat="55.882933" lon="38.178860">
        <ele>145.470979</ele>
        <time>2025-09-19T12:02:50.566Z</time>
      </trkpt>
      <trkpt lat="55.882822" lon="38.179193">
        <ele>145.373479</ele>
        <time>2025-09-19T12:02:52.954Z</time>
      </trkpt>
      <trkpt lat="55.882554" lon="38.180692">
        <ele>144.977474</ele>
        <time>2025-09-19T12:03:02.353Z</time>
      </trkpt>
      <trkpt lat="55.882482" lon="38.181158">
        <ele>144.855812</ele>
        <time>2025-09-19T12:03:05.130Z</time>
      </trkpt>
      <trkpt lat="55.882436" lon="38.181451">
        <ele>144.779228</ele>
        <time>2025-09-19T12:03:06.875Z</time>
      </trkpt>
      <trkpt lat="55.882210" lon="38.182880">
        <ele>144.463632</ele>
        <time>2025-09-19T12:03:15.559Z</time>
      </trkpt>
      <trkpt lat="55.882039" lon="38.183930">
        <ele>144.242955</ele>
        <time>2025-09-19T12:03:22.112Z</time>
      </trkpt>
      <trkpt lat="55.881997" lon="38.184184">
        <ele>144.189508</ele>
        <time>2025-09-19T12:03:23.779Z</time>
      </trkpt>
      <trkpt lat="55.881869" lon="38.185015">
        <ele>144.076690</ele>
        <time>2025-09-19T12:03:29.460Z</time>
      </trkpt>
      <trkpt lat="55.881799" lon="38.185459">
        <ele>144.141532</ele>
        <time>2025-09-19T12:03:32.676Z</time>
      </trkpt>
      <trkpt lat="55.881397" lon="38.187974">
        <ele>144.495292</ele>
        <time>2025-09-19T12:03:52.027Z</time>
      </trkpt>
      <trkpt lat="55.881051" lon="38.190105">
        <ele>144.165889</ele>
        <time>2025-09-19T12:04:06.570Z</time>
      </trkpt>
      <trkpt lat="55.880972" lon="38.190593">
        <ele>144.090473</ele>
        <time>2025-09-19T12:04:09.453Z</time>
      </trkpt>
      <trkpt lat="55.880849" lon="38.191345">
        <ele>143.852994</ele>
        <time>2025-09-19T12:04:13.783Z</time>
      </trkpt>
      <trkpt lat="55.880814" lon="38.191517">
        <ele>143.762699</ele>
        <time>2025-09-19T12:04:14.772Z</time>
      </trkpt>
      <trkpt lat="55.880722" lon="38.191842">
        <ele>143.583044</ele>
        <time>2025-09-19T12:04:16.728Z</time>
      </trkpt>
      <trkpt lat="55.880576" lon="38.192246">
        <ele>143.345872</ele>
        <time>2025-09-19T12:04:19.280Z</time>
      </trkpt>
      <trkpt lat="55.880519" lon="38.192372">
        <ele>143.265988</ele>
        <time>2025-09-19T12:04:20.130Z</time>
      </trkpt>
      <trkpt lat="55.880425" lon="38.192565">
        <ele>143.139848</ele>
        <time>2025-09-19T12:04:21.474Z</time>
      </trkpt>
      <trkpt lat="55.880194" lon="38.192923">
        <ele>142.870554</ele>
        <time>2025-09-19T12:04:24.499Z</time>
      </trkpt>
      <trkpt lat="55.879644" lon="38.193771">
        <ele>142.367908</ele>
        <time>2025-09-19T12:04:32.267Z</time>
      </trkpt>
      <trkpt lat="55.879427" lon="38.194106">
        <ele>142.277892</ele>
        <time>2025-09-19T12:04:35.452Z</time>
      </trkpt>
      <trkpt lat="55.878895" lon="38.194905">
        <ele>142.059752</ele>
        <time>2025-09-19T12:04:43.470Z</time>
      </trkpt>
      <trkpt lat="55.878786" lon="38.195085">
        <ele>142.013159</ele>
        <time>2025-09-19T12:04:45.125Z</time>
      </trkpt>
      <trkpt lat="55.878199" lon="38.195985">
        <ele>141.676155</ele>
        <time>2025-09-19T12:04:53.396Z</time>
      </trkpt>
      <trkpt lat="55.878148" lon="38.196064">
        <ele>141.636730</ele>
        <time>2025-09-19T12:04:54.138Z</time>
      </trkpt>
      <trkpt lat="55.877999" lon="38.196295">
        <ele>141.521506</ele>
        <time>2025-09-19T12:04:56.287Z</time>
      </trkpt>
      <trkpt lat="55.877563" lon="38.196942">
        <ele>141.190477</ele>
        <time>2025-09-19T12:05:02.237Z</time>
      </trkpt>
      <trkpt lat="55.877426" lon="38.197145">
        <ele>141.086523</ele>
        <time>2025-09-19T12:05:04.092Z</time>
      </trkpt>
      <trkpt lat="55.877064" lon="38.197668">
        <ele>140.804185</ele>
        <time>2025-09-19T12:05:08.833Z</time>
      </trkpt>
      <trkpt lat="55.877012" lon="38.197743">
        <ele>140.739103</ele>
        <time>2025-09-19T12:05:09.512Z</time>
      </trkpt>
      <trkpt lat="55.876441" lon="38.198545">
        <ele>140.031793</ele>
        <time>2025-09-19T12:05:16.539Z</time>
      </trkpt>
      <trkpt lat="55.876128" lon="38.199468">
        <ele>139.443100</ele>
        <time>2025-09-19T12:05:22.082Z</time>
      </trkpt>
      <trkpt lat="55.876066" lon="38.199679">
        <ele>139.313087</ele>
        <time>2025-09-19T12:05:23.372Z</time>
      </trkpt>
      <trkpt lat="55.876027" lon="38.199816">
        <ele>139.229232</ele>
        <time>2025-09-19T12:05:24.236Z</time>
      </trkpt>
      <trkpt lat="55.875983" lon="38.199976">
        <ele>139.131970</ele>
        <time>2025-09-19T12:05:25.258Z</time>
      </trkpt>
      <trkpt lat="55.875929" lon="38.200172">
        <ele>139.115341</ele>
        <time>2025-09-19T12:05:26.572Z</time>
      </trkpt>
      <trkpt lat="55.875720" lon="38.200919">
        <ele>139.352690</ele>
        <time>2025-09-19T12:05:32.312Z</time>
      </trkpt>
      <trkpt lat="55.875623" lon="38.201208">
        <ele>139.448447</ele>
        <time>2025-09-19T12:05:35.034Z</time>
      </trkpt>
      <trkpt lat="55.875470" lon="38.201542">
        <ele>139.571055</ele>
        <time>2025-09-19T12:05:38.513Z</time>
      </trkpt>
      <trkpt lat="55.875366" lon="38.201717">
        <ele>139.643544</ele>
        <time>2025-09-19T12:05:40.541Z</time>
      </trkpt>
      <trkpt lat="55.875260" lon="38.201861">
        <ele>139.711093</ele>
        <time>2025-09-19T12:05:42.500Z</time>
      </trkpt>
      <trkpt lat="55.874808" lon="38.202453">
        <ele>139.990731</ele>
        <time>2025-09-19T12:05:51.848Z</time>
      </trkpt>
      <trkpt lat="55.874503" lon="38.202866">
        <ele>139.929126</ele>
        <time>2025-09-19T12:05:57.130Z</time>
      </trkpt>
      <trkpt lat="55.874259" lon="38.203323">
        <ele>139.872200</ele>
        <time>2025-09-19T12:06:01.129Z</time>
      </trkpt>
      <trkpt lat="55.874241" lon="38.203360">
        <ele>139.867781</ele>
        <time>2025-09-19T12:06:01.449Z</time>
      </trkpt>
      <trkpt lat="55.874141" lon="38.203748">
        <ele>139.829253</ele>
        <time>2025-09-19T12:06:03.866Z</time>
      </trkpt>
      <trkpt lat="55.874093" lon="38.203978">
        <ele>139.807110</ele>
        <time>2025-09-19T12:06:05.193Z</time>
      </trkpt>
      <trkpt lat="55.874024" lon="38.204314">
        <ele>139.774824</ele>
        <time>2025-09-19T12:06:07.123Z</time>
      </trkpt>
      <trkpt lat="55.873879" lon="38.204939">
        <ele>139.713797</ele>
        <time>2025-09-19T12:06:11.409Z</time>
      </trkpt>
      <trkpt lat="55.873779" lon="38.205140">
        <ele>139.666805</ele>
        <time>2025-09-19T12:06:13.106Z</time>
      </trkpt>
      <trkpt lat="55.873364" lon="38.205660">
        <ele>139.442475</ele>
        <time>2025-09-19T12:06:18.287Z</time>
      </trkpt>
      <trkpt lat="55.873069" lon="38.205996">
        <ele>139.287659</ele>
        <time>2025-09-19T12:06:22.005Z</time>
      </trkpt>
      <trkpt lat="55.872599" lon="38.206531">
        <ele>139.041047</ele>
        <time>2025-09-19T12:06:28.104Z</time>
      </trkpt>
      <trkpt lat="55.872316" lon="38.206806">
        <ele>138.890807</ele>
        <time>2025-09-19T12:06:32.192Z</time>
      </trkpt>
      <trkpt lat="55.872163" lon="38.206903">
        <ele>138.755062</ele>
        <time>2025-09-19T12:06:33.988Z</time>
      </trkpt>
      <trkpt lat="55.872084" lon="38.206951">
        <ele>138.685293</ele>
        <time>2025-09-19T12:06:34.813Z</time>
      </trkpt>
      <trkpt lat="55.871472" lon="38.207216">
        <ele>138.158831</ele>
        <time>2025-09-19T12:06:40.777Z</time>
      </trkpt>
      <trkpt lat="55.871198" lon="38.207313">
        <ele>137.925315</ele>
        <time>2025-09-19T12:06:43.592Z</time>
      </trkpt>
      <trkpt lat="55.870713" lon="38.207484">
        <ele>137.512039</ele>
        <time>2025-09-19T12:06:48.877Z</time>
      </trkpt>
      <trkpt lat="55.870555" lon="38.207539">
        <ele>137.382335</ele>
        <time>2025-09-19T12:06:50.457Z</time>
      </trkpt>
      <trkpt lat="55.869997" lon="38.207723">
        <ele>136.996182</ele>
        <time>2025-09-19T12:06:55.662Z</time>
      </trkpt>
      <trkpt lat="55.869683" lon="38.207732">
        <ele>136.782484</ele>
        <time>2025-09-19T12:06:58.699Z</time>
      </trkpt>
      <trkpt lat="55.869246" lon="38.207647">
        <ele>136.483347</ele>
        <time>2025-09-19T12:07:03.372Z</time>
      </trkpt>
      <trkpt lat="55.868933" lon="38.207586">
        <ele>136.269087</ele>
        <time>2025-09-19T12:07:06.923Z</time>
      </trkpt>
      <trkpt lat="55.868665" lon="38.207533">
        <ele>136.277322</ele>
        <time>2025-09-19T12:07:10.060Z</time>
      </trkpt>
      <trkpt lat="55.868165" lon="38.207470">
        <ele>136.631202</ele>
        <time>2025-09-19T12:07:16.744Z</time>
      </trkpt>
      <trkpt lat="55.867859" lon="38.207504">
        <ele>136.847657</ele>
        <time>2025-09-19T12:07:21.262Z</time>
      </trkpt>
      <trkpt lat="55.867646" lon="38.207531">
        <ele>136.998414</ele>
        <time>2025-09-19T12:07:24.573Z</time>
      </trkpt>
      <trkpt lat="55.867529" lon="38.207542">
        <ele>137.081131</ele>
        <time>2025-09-19T12:07:26.439Z</time>
      </trkpt>
      <trkpt lat="55.866760" lon="38.207682">
        <ele>137.542090</ele>
        <time>2025-09-19T12:07:38.212Z</time>
      </trkpt>
      <trkpt lat="55.866584" lon="38.207706">
        <ele>137.607132</ele>
        <time>2025-09-19T12:07:40.657Z</time>
      </trkpt>
      <trkpt lat="55.865901" lon="38.207805">
        <ele>137.859635</ele>
        <time>2025-09-19T12:07:50.112Z</time>
      </trkpt>
      <trkpt lat="55.865683" lon="38.207885">
        <ele>137.941649</ele>
        <time>2025-09-19T12:07:52.968Z</time>
      </trkpt>
      <trkpt lat="55.865446" lon="38.208120">
        <ele>138.041587</ele>
        <time>2025-09-19T12:07:56.136Z</time>
      </trkpt>
      <trkpt lat="55.865043" lon="38.208790">
        <ele>137.599130</ele>
        <time>2025-09-19T12:08:01.885Z</time>
      </trkpt>
      <trkpt lat="55.864871" lon="38.209022">
        <ele>137.290987</ele>
        <time>2025-09-19T12:08:04.164Z</time>
      </trkpt>
      <trkpt lat="55.864721" lon="38.209144">
        <ele>137.055453</ele>
        <time>2025-09-19T12:08:05.909Z</time>
      </trkpt>
      <trkpt lat="55.864520" lon="38.209244">
        <ele>136.757349</ele>
        <time>2025-09-19T12:08:07.995Z</time>
      </trkpt>
      <trkpt lat="55.864390" lon="38.209242">
        <ele>136.571640</ele>
        <time>2025-09-19T12:08:09.208Z</time>
      </trkpt>
      <trkpt lat="55.864286" lon="38.209210">
        <ele>136.420879</ele>
        <time>2025-09-19T12:08:10.154Z</time>
      </trkpt>
      <trkpt lat="55.864231" lon="38.209191">
        <ele>136.340850</ele>
        <time>2025-09-19T12:08:10.644Z</time>
      </trkpt>
      <trkpt lat="55.864178" lon="38.209103">
        <ele>136.237371</ele>
        <time>2025-09-19T12:08:11.264Z</time>
      </trkpt>
      <trkpt lat="55.864108" lon="38.209134">
        <ele>136.134336</ele>
        <time>2025-09-19T12:08:11.856Z</time>
      </trkpt>
      <trkpt lat="55.864084" lon="38.209211">
        <ele>136.063731</ele>
        <time>2025-09-19T12:08:12.273Z</time>
      </trkpt>
      <trkpt lat="55.864092" lon="38.209298">
        <ele>135.993061</ele>
        <time>2025-09-19T12:08:12.678Z</time>
      </trkpt>
      <trkpt lat="55.864128" lon="38.209358">
        <ele>135.922649</ele>
        <time>2025-09-19T12:08:13.078Z</time>
      </trkpt>
      <trkpt lat="55.864128" lon="38.209702">
        <ele>135.646898</ele>
        <time>2025-09-19T12:08:14.675Z</time>
      </trkpt>
      <trkpt lat="55.864154" lon="38.210207">
        <ele>135.049926</ele>
        <time>2025-09-19T12:08:17.012Z</time>
      </trkpt>
      <trkpt lat="55.864171" lon="38.210581">
        <ele>134.559817</ele>
        <time>2025-09-19T12:08:18.770Z</time>
      </trkpt>
      <trkpt lat="55.864190" lon="38.211027">
        <ele>133.975588</ele>
        <time>2025-09-19T12:08:20.877Z</time>
      </trkpt>
      <trkpt lat="55.864210" lon="38.212349">
        <ele>132.248200</ele>
        <time>2025-09-19T12:08:27.037Z</time>
      </trkpt>
      <trkpt lat="55.864257" lon="38.213418">
        <ele>131.264810</ele>
        <time>2025-09-19T12:08:32.637Z</time>
      </trkpt>
      <trkpt lat="55.864635" lon="38.217506">
        <ele>131.056916</ele>
        <time>2025-09-19T12:08:59.348Z</time>
      </trkpt>
      <trkpt lat="55.864675" lon="38.217898">
        <ele>131.193193</ele>
        <time>2025-09-19T12:09:02.575Z</time>
      </trkpt>
      <trkpt lat="55.864769" lon="38.219048">
        <ele>131.590686</ele>
        <time>2025-09-19T12:09:12.883Z</time>
      </trkpt>
      <trkpt lat="55.864764" lon="38.219394">
        <ele>131.710404</ele>
        <time>2025-09-19T12:09:15.968Z</time>
      </trkpt>
      <trkpt lat="55.864693" lon="38.219667">
        <ele>131.827287</ele>
        <time>2025-09-19T12:09:18.656Z</time>
      </trkpt>
      <trkpt lat="55.864613" lon="38.219830">
        <ele>131.911405</ele>
        <time>2025-09-19T12:09:20.581Z</time>
      </trkpt>
      <trkpt lat="55.864368" lon="38.220056">
        <ele>132.102378</ele>
        <time>2025-09-19T12:09:24.845Z</time>
      </trkpt>
      <trkpt lat="55.863526" lon="38.220618">
        <ele>132.724785</ele>
        <time>2025-09-19T12:09:37.610Z</time>
      </trkpt>
      <trkpt lat="55.861650" lon="38.221846">
        <ele>132.793076</ele>
        <time>2025-09-19T12:10:00.122Z</time>
      </trkpt>
      <trkpt lat="55.861097" lon="38.222257">
        <ele>132.814838</ele>
        <time>2025-09-19T12:10:07.540Z</time>
      </trkpt>
      <trkpt lat="55.860079" lon="38.223097">
        <ele>132.890037</ele>
        <time>2025-09-19T12:10:21.574Z</time>
      </trkpt>
      <trkpt lat="55.859251" lon="38.223914">
        <ele>132.676386</ele>
        <time>2025-09-19T12:10:32.184Z</time>
      </trkpt>
      <trkpt lat="55.858491" lon="38.224859">
        <ele>132.396857</ele>
        <time>2025-09-19T12:10:42.078Z</time>
      </trkpt>
      <trkpt lat="55.857781" lon="38.225824">
        <ele>132.430536</ele>
        <time>2025-09-19T12:10:52.343Z</time>
      </trkpt>
      <trkpt lat="55.856884" lon="38.227401">
        <ele>132.594319</ele>
        <time>2025-09-19T12:11:08.501Z</time>
      </trkpt>
      <trkpt lat="55.854859" lon="38.231366">
        <ele>133.208265</ele>
        <time>2025-09-19T12:11:46.985Z</time>
      </trkpt>
      <trkpt lat="55.854425" lon="38.232179">
        <ele>133.085044</ele>
        <time>2025-09-19T12:11:53.657Z</time>
      </trkpt>
      <trkpt lat="55.853250" lon="38.234382">
        <ele>132.151461</ele>
        <time>2025-09-19T12:12:11.157Z</time>
      </trkpt>
      <trkpt lat="55.852595" lon="38.235619">
        <ele>131.824638</ele>
        <time>2025-09-19T12:12:22.087Z</time>
      </trkpt>
      <trkpt lat="55.851798" lon="38.236774">
        <ele>131.428508</ele>
        <time>2025-09-19T12:12:33.244Z</time>
      </trkpt>
      <trkpt lat="55.851472" lon="38.237306">
        <ele>131.223558</ele>
        <time>2025-09-19T12:12:37.713Z</time>
      </trkpt>
      <trkpt lat="55.851256" lon="38.237884">
        <ele>131.042865</ele>
        <time>2025-09-19T12:12:41.740Z</time>
      </trkpt>
      <trkpt lat="55.851223" lon="38.238031">
        <ele>131.001667</ele>
        <time>2025-09-19T12:12:42.731Z</time>
      </trkpt>
      <trkpt lat="55.851149" lon="38.238359">
        <ele>130.909677</ele>
        <time>2025-09-19T12:12:44.820Z</time>
      </trkpt>
      <trkpt lat="55.850815" lon="38.240070">
        <ele>130.720686</ele>
        <time>2025-09-19T12:12:56.470Z</time>
      </trkpt>
      <trkpt lat="55.850720" lon="38.240698">
        <ele>130.698002</ele>
        <time>2025-09-19T12:13:00.970Z</time>
      </trkpt>
      <trkpt lat="55.850686" lon="38.241084">
        <ele>130.684374</ele>
        <time>2025-09-19T12:13:03.666Z</time>
      </trkpt>
      <trkpt lat="55.850687" lon="38.242135">
        <ele>130.631870</ele>
        <time>2025-09-19T12:13:10.608Z</time>
      </trkpt>
      <trkpt lat="55.850859" lon="38.243577">
        <ele>130.414978</ele>
        <time>2025-09-19T12:13:19.865Z</time>
      </trkpt>
      <trkpt lat="55.851109" lon="38.245271">
        <ele>130.202467</ele>
        <time>2025-09-19T12:13:30.526Z</time>
      </trkpt>
      <trkpt lat="55.851385" lon="38.246108">
        <ele>130.329075</ele>
        <time>2025-09-19T12:13:36.589Z</time>
      </trkpt>
      <trkpt lat="55.851611" lon="38.246581">
        <ele>130.410087</ele>
        <time>2025-09-19T12:13:40.795Z</time>
      </trkpt>
      <trkpt lat="55.851834" lon="38.246896">
        <ele>130.476211</ele>
        <time>2025-09-19T12:13:44.437Z</time>
      </trkpt>
      <trkpt lat="55.854147" lon="38.248269">
        <ele>132.168452</ele>
        <time>2025-09-19T12:14:20.619Z</time>
      </trkpt>
      <trkpt lat="55.855049" lon="38.248891">
        <ele>132.472571</ele>
        <time>2025-09-19T12:14:33.608Z</time>
      </trkpt>
      <trkpt lat="55.856065" lon="38.249587">
        <ele>132.457066</ele>
        <time>2025-09-19T12:14:46.236Z</time>
      </trkpt>
      <trkpt lat="55.856677" lon="38.249978">
        <ele>132.028362</ele>
        <time>2025-09-19T12:14:53.077Z</time>
      </trkpt>
      <trkpt lat="55.857046" lon="38.250243">
        <ele>131.766027</ele>
        <time>2025-09-19T12:14:57.037Z</time>
      </trkpt>
      <trkpt lat="55.857297" lon="38.250641">
        <ele>131.544470</ele>
        <time>2025-09-19T12:15:00.327Z</time>
      </trkpt>
      <trkpt lat="55.857630" lon="38.251358">
        <ele>131.182336</ele>
        <time>2025-09-19T12:15:05.158Z</time>
      </trkpt>
      <trkpt lat="55.857863" lon="38.251854">
        <ele>130.929428</ele>
        <time>2025-09-19T12:15:08.484Z</time>
      </trkpt>
      <trkpt lat="55.858085" lon="38.252445">
        <ele>130.651362</ele>
        <time>2025-09-19T12:15:12.544Z</time>
      </trkpt>
      <trkpt lat="55.858256" lon="38.253146">
        <ele>130.352498</ele>
        <time>2025-09-19T12:15:18.100Z</time>
      </trkpt>
      <trkpt lat="55.858544" lon="38.254681">
        <ele>130.385809</ele>
        <time>2025-09-19T12:15:29.582Z</time>
      </trkpt>
      <trkpt lat="55.858616" lon="38.255190">
        <ele>130.433481</ele>
        <time>2025-09-19T12:15:33.535Z</time>
      </trkpt>
      <trkpt lat="55.858654" lon="38.255662">
        <ele>130.476786</ele>
        <time>2025-09-19T12:15:37.007Z</time>
      </trkpt>
      <trkpt lat="55.858643" lon="38.256186">
        <ele>130.524408</ele>
        <time>2025-09-19T12:15:40.456Z</time>
      </trkpt>
      <trkpt lat="55.858588" lon="38.256648">
        <ele>130.598812</ele>
        <time>2025-09-19T12:15:43.243Z</time>
      </trkpt>
      <trkpt lat="55.858454" lon="38.257618">
        <ele>130.868212</ele>
        <time>2025-09-19T12:15:49.514Z</time>
      </trkpt>
      <trkpt lat="55.858276" lon="38.258443">
        <ele>131.106575</ele>
        <time>2025-09-19T12:15:56.008Z</time>
      </trkpt>
      <trkpt lat="55.858259" lon="38.258509">
        <ele>131.126159</ele>
        <time>2025-09-19T12:15:56.577Z</time>
      </trkpt>
      <trkpt lat="55.857732" lon="38.260164">
        <ele>132.299323</ele>
        <time>2025-09-19T12:16:13.458Z</time>
      </trkpt>
      <trkpt lat="55.857620" lon="38.260653">
        <ele>132.861902</ele>
        <time>2025-09-19T12:16:19.051Z</time>
      </trkpt>
      <trkpt lat="55.857494" lon="38.261368">
        <ele>133.660173</ele>
        <time>2025-09-19T12:16:27.440Z</time>
      </trkpt>
      <trkpt lat="55.857349" lon="38.262143">
        <ele>134.530359</ele>
        <time>2025-09-19T12:16:36.664Z</time>
      </trkpt>
      <trkpt lat="55.857185" lon="38.262742">
        <ele>134.799960</ele>
        <time>2025-09-19T12:16:43.479Z</time>
      </trkpt>
      <trkpt lat="55.856902" lon="38.263573">
        <ele>134.726358</ele>
        <time>2025-09-19T12:16:51.215Z</time>
      </trkpt>
      <trkpt lat="55.856364" lon="38.264793">
        <ele>134.608873</ele>
        <time>2025-09-19T12:16:59.629Z</time>
      </trkpt>
      <trkpt lat="55.856181" lon="38.265105">
        <ele>134.517395</ele>
        <time>2025-09-19T12:17:01.879Z</time>
      </trkpt>
      <trkpt lat="55.855750" lon="38.265620">
        <ele>134.107963</ele>
        <time>2025-09-19T12:17:06.530Z</time>
      </trkpt>
      <trkpt lat="55.855470" lon="38.265848">
        <ele>133.865078</ele>
        <time>2025-09-19T12:17:09.433Z</time>
      </trkpt>
      <trkpt lat="55.854697" lon="38.266236">
        <ele>133.231475</ele>
        <time>2025-09-19T12:17:18.128Z</time>
      </trkpt>
      <trkpt lat="55.853119" lon="38.266892">
        <ele>134.122033</ele>
        <time>2025-09-19T12:17:41.317Z</time>
      </trkpt>
      <trkpt lat="55.852752" lon="38.267094">
        <ele>134.341736</ele>
        <time>2025-09-19T12:17:46.801Z</time>
      </trkpt>
      <trkpt lat="55.852468" lon="38.267322">
        <ele>134.488713</ele>
        <time>2025-09-19T12:17:51.116Z</time>
      </trkpt>
      <trkpt lat="55.852206" lon="38.267607">
        <ele>134.633556</ele>
        <time>2025-09-19T12:17:55.265Z</time>
      </trkpt>
      <trkpt lat="55.852012" lon="38.267885">
        <ele>134.751029</ele>
        <time>2025-09-19T12:17:58.555Z</time>
      </trkpt>
      <trkpt lat="55.851736" lon="38.268365">
        <ele>134.933019</ele>
        <time>2025-09-19T12:18:03.458Z</time>
      </trkpt>
      <trkpt lat="55.851304" lon="38.269301">
        <ele>135.172487</ele>
        <time>2025-09-19T12:18:12.254Z</time>
      </trkpt>
      <trkpt lat="55.851122" lon="38.269741">
        <ele>135.220914</ele>
        <time>2025-09-19T12:18:16.333Z</time>
      </trkpt>
      <trkpt lat="55.850729" lon="38.270875">
        <ele>135.338997</ele>
        <time>2025-09-19T12:18:25.953Z</time>
      </trkpt>
      <trkpt lat="55.850637" lon="38.271388">
        <ele>135.386714</ele>
        <time>2025-09-19T12:18:29.509Z</time>
      </trkpt>
      <trkpt lat="55.850559" lon="38.272120">
        <ele>135.319979</ele>
        <time>2025-09-19T12:18:34.079Z</time>
      </trkpt>
      <trkpt lat="55.850528" lon="38.272815">
        <ele>135.161896</ele>
        <time>2025-09-19T12:18:38.119Z</time>
      </trkpt>
      <trkpt lat="55.850551" lon="38.273481">
        <ele>135.010599</ele>
        <time>2025-09-19T12:18:41.941Z</time>
      </trkpt>
      <trkpt lat="55.850646" lon="38.274304">
        <ele>134.820085</ele>
        <time>2025-09-19T12:18:46.831Z</time>
      </trkpt>
      <trkpt lat="55.851090" lon="38.276643">
        <ele>134.978634</ele>
        <time>2025-09-19T12:19:03.636Z</time>
      </trkpt>
      <trkpt lat="55.851449" lon="38.278481">
        <ele>135.436140</ele>
        <time>2025-09-19T12:19:18.660Z</time>
      </trkpt>
      <trkpt lat="55.851762" lon="38.280499">
        <ele>136.284181</ele>
        <time>2025-09-19T12:19:35.237Z</time>
      </trkpt>
      <trkpt lat="55.851823" lon="38.281246">
        <ele>136.547502</ele>
        <time>2025-09-19T12:19:41.453Z</time>
      </trkpt>
      <trkpt lat="55.851834" lon="38.282172">
        <ele>136.780672</ele>
        <time>2025-09-19T12:19:49.229Z</time>
      </trkpt>
      <trkpt lat="55.851723" lon="38.283803">
        <ele>137.194278</ele>
        <time>2025-09-19T12:20:01.499Z</time>
      </trkpt>
      <trkpt lat="55.851658" lon="38.284310">
        <ele>137.211703</ele>
        <time>2025-09-19T12:20:04.836Z</time>
      </trkpt>
      <trkpt lat="55.851612" lon="38.284659">
        <ele>137.050513</ele>
        <time>2025-09-19T12:20:06.995Z</time>
      </trkpt>
      <trkpt lat="55.851528" lon="38.285300">
        <ele>136.754549</ele>
        <time>2025-09-19T12:20:10.755Z</time>
      </trkpt>
      <trkpt lat="55.850918" lon="38.290179">
        <ele>134.332855</ele>
        <time>2025-09-19T12:20:37.889Z</time>
      </trkpt>
      <trkpt lat="55.850905" lon="38.290286">
        <ele>134.277216</ele>
        <time>2025-09-19T12:20:38.596Z</time>
      </trkpt>
      <trkpt lat="55.851698" lon="38.290587">
        <ele>134.245303</ele>
        <time>2025-09-19T12:20:48.361Z</time>
      </trkpt>
      <trkpt lat="55.852615" lon="38.290909">
        <ele>134.283044</ele>
        <time>2025-09-19T12:21:00.509Z</time>
      </trkpt>
      <trkpt lat="55.852807" lon="38.290976">
        <ele>134.270775</ele>
        <time>2025-09-19T12:21:02.964Z</time>
      </trkpt>
      <trkpt lat="55.856018" lon="38.291975">
        <ele>133.865749</ele>
        <time>2025-09-19T12:21:38.827Z</time>
      </trkpt>
      <trkpt lat="55.856252" lon="38.292106">
        <ele>133.864920</ele>
        <time>2025-09-19T12:21:42.409Z</time>
      </trkpt>
      <trkpt lat="55.856716" lon="38.292558">
        <ele>134.472091</ele>
        <time>2025-09-19T12:21:50.766Z</time>
      </trkpt>
      <trkpt lat="55.857169" lon="38.293132">
        <ele>135.133299</ele>
        <time>2025-09-19T12:22:00.135Z</time>
      </trkpt>
      <trkpt lat="55.857537" lon="38.293854">
        <ele>135.784409</ele>
        <time>2025-09-19T12:22:09.083Z</time>
      </trkpt>
      <trkpt lat="55.857712" lon="38.294556">
        <ele>136.226976</ele>
        <time>2025-09-19T12:22:15.655Z</time>
      </trkpt>
      <trkpt lat="55.857731" lon="38.294707">
        <ele>136.305511</ele>
        <time>2025-09-19T12:22:16.921Z</time>
      </trkpt>
      <trkpt lat="55.858036" lon="38.297141">
        <ele>137.571180</ele>
        <time>2025-09-19T12:22:37.059Z</time>
      </trkpt>
      <trkpt lat="55.858042" lon="38.297170">
        <ele>137.586866</ele>
        <time>2025-09-19T12:22:37.321Z</time>
      </trkpt>
      <trkpt lat="55.858127" lon="38.297587">
        <ele>137.772431</ele>
        <time>2025-09-19T12:22:41.146Z</time>
      </trkpt>
      <trkpt lat="55.858329" lon="38.298177">
        <ele>138.046584</ele>
        <time>2025-09-19T12:22:46.933Z</time>
      </trkpt>
      <trkpt lat="55.858525" lon="38.298620">
        <ele>138.270352</ele>
        <time>2025-09-19T12:22:51.493Z</time>
      </trkpt>
      <trkpt lat="55.858739" lon="38.299086">
        <ele>138.509200</ele>
        <time>2025-09-19T12:22:56.278Z</time>
      </trkpt>
      <trkpt lat="55.859089" lon="38.299784">
        <ele>138.880493</ele>
        <time>2025-09-19T12:23:03.441Z</time>
      </trkpt>
      <trkpt lat="55.859373" lon="38.300135">
        <ele>138.903344</ele>
        <time>2025-09-19T12:23:07.754Z</time>
      </trkpt>
      <trkpt lat="55.859783" lon="38.300525">
        <ele>138.905338</ele>
        <time>2025-09-19T12:23:13.182Z</time>
      </trkpt>
      <trkpt lat="55.859908" lon="38.300635">
        <ele>138.905936</ele>
        <time>2025-09-19T12:23:14.804Z</time>
      </trkpt>
      <trkpt lat="55.860858" lon="38.301469">
        <ele>138.846596</ele>
        <time>2025-09-19T12:23:27.136Z</time>
      </trkpt>
      <trkpt lat="55.861498" lon="38.301942">
        <ele>138.603386</ele>
        <time>2025-09-19T12:23:34.807Z</time>
      </trkpt>
      <trkpt lat="55.862839" lon="38.302727">
        <ele>137.926048</ele>
        <time>2025-09-19T12:23:49.763Z</time>
      </trkpt>
      <trkpt lat="55.863420" lon="38.302991">
        <ele>137.490979</ele>
        <time>2025-09-19T12:23:55.973Z</time>
      </trkpt>
      <trkpt lat="55.863676" lon="38.303038">
        <ele>137.304240</ele>
        <time>2025-09-19T12:23:58.528Z</time>
      </trkpt>
      <trkpt lat="55.863990" lon="38.302994">
        <ele>137.075695</ele>
        <time>2025-09-19T12:24:01.621Z</time>
      </trkpt>
      <trkpt lat="55.864277" lon="38.302849">
        <ele>136.857395</ele>
        <time>2025-09-19T12:24:04.540Z</time>
      </trkpt>
      <trkpt lat="55.864334" lon="38.302785">
        <ele>136.807721</ele>
        <time>2025-09-19T12:24:05.201Z</time>
      </trkpt>
      <trkpt lat="55.864573" lon="38.302521">
        <ele>136.600391</ele>
        <time>2025-09-19T12:24:07.947Z</time>
      </trkpt>
      <trkpt lat="55.864781" lon="38.302202">
        <ele>136.398050</ele>
        <time>2025-09-19T12:24:10.646Z</time>
      </trkpt>
      <trkpt lat="55.865124" lon="38.301455">
        <ele>135.998693</ele>
        <time>2025-09-19T12:24:16.034Z</time>
      </trkpt>
      <trkpt lat="55.867041" lon="38.296891">
        <ele>135.258378</ele>
        <time>2025-09-19T12:24:52.212Z</time>
      </trkpt>
      <trkpt lat="55.869586" lon="38.290832">
        <ele>135.776466</ele>
        <time>2025-09-19T12:25:44.875Z</time>
      </trkpt>
      <trkpt lat="55.870932" lon="38.287587">
        <ele>136.070345</ele>
        <time>2025-09-19T12:26:12.170Z</time>
      </trkpt>
      <trkpt lat="55.873449" lon="38.282442">
        <ele>137.014234</ele>
        <time>2025-09-19T12:27:01.342Z</time>
      </trkpt>
      <trkpt lat="55.873686" lon="38.281958">
        <ele>137.008093</ele>
        <time>2025-09-19T12:27:05.489Z</time>
      </trkpt>
      <trkpt lat="55.874357" lon="38.280764">
        <ele>136.991938</ele>
        <time>2025-09-19T12:27:16.392Z</time>
      </trkpt>
      <trkpt lat="55.874912" lon="38.279839">
        <ele>136.932025</ele>
        <time>2025-09-19T12:27:25.163Z</time>
      </trkpt>
      <trkpt lat="55.875311" lon="38.279207">
        <ele>136.889146</ele>
        <time>2025-09-19T12:27:31.236Z</time>
      </trkpt>
      <trkpt lat="55.876047" lon="38.278194">
        <ele>137.063254</ele>
        <time>2025-09-19T12:27:42.282Z</time>
      </trkpt>
      <trkpt lat="55.876166" lon="38.278036">
        <ele>137.142040</ele>
        <time>2025-09-19T12:27:44.144Z</time>
      </trkpt>
      <trkpt lat="55.876820" lon="38.277225">
        <ele>137.565054</ele>
        <time>2025-09-19T12:27:55.044Z</time>
      </trkpt>
      <trkpt lat="55.877593" lon="38.276344">
        <ele>138.188285</ele>
        <time>2025-09-19T12:28:08.922Z</time>
      </trkpt>
      <trkpt lat="55.880265" lon="38.273452">
        <ele>140.523980</ele>
        <time>2025-09-19T12:28:53.425Z</time>
      </trkpt>
      <trkpt lat="55.880917" lon="38.272773">
        <ele>140.905967</ele>
        <time>2025-09-19T12:29:03.481Z</time>
      </trkpt>
      <trkpt lat="55.881548" lon="38.272180">
        <ele>141.266729</ele>
        <time>2025-09-19T12:29:12.744Z</time>
      </trkpt>
      <trkpt lat="55.882012" lon="38.271849">
        <ele>141.568454</ele>
        <time>2025-09-19T12:29:19.596Z</time>
      </trkpt>
      <trkpt lat="55.882443" lon="38.271617">
        <ele>141.926557</ele>
        <time>2025-09-19T12:29:26.156Z</time>
      </trkpt>
      <trkpt lat="55.882790" lon="38.271429">
        <ele>142.215025</ele>
        <time>2025-09-19T12:29:31.562Z</time>
      </trkpt>
      <trkpt lat="55.882887" lon="38.271377">
        <ele>142.295591</ele>
        <time>2025-09-19T12:29:33.093Z</time>
      </trkpt>
      <trkpt lat="55.883108" lon="38.271277">
        <ele>142.476948</ele>
        <time>2025-09-19T12:29:36.576Z</time>
      </trkpt>
      <trkpt lat="55.883600" lon="38.271031">
        <ele>142.853294</ele>
        <time>2025-09-19T12:29:44.243Z</time>
      </trkpt>
      <trkpt lat="55.883954" lon="38.270855">
        <ele>142.676238</ele>
        <time>2025-09-19T12:29:49.295Z</time>
      </trkpt>
      <trkpt lat="55.884236" lon="38.270667">
        <ele>142.531189</ele>
        <time>2025-09-19T12:29:52.836Z</time>
      </trkpt>
      <trkpt lat="55.884343" lon="38.270596">
        <ele>142.476184</ele>
        <time>2025-09-19T12:29:54.052Z</time>
      </trkpt>
      <trkpt lat="55.884738" lon="38.270257">
        <ele>142.264983</ele>
        <time>2025-09-19T12:29:58.339Z</time>
      </trkpt>
      <trkpt lat="55.885195" lon="38.269747">
        <ele>142.005239</ele>
        <time>2025-09-19T12:30:03.334Z</time>
      </trkpt>
      <trkpt lat="55.885340" lon="38.269528">
        <ele>141.889889</ele>
        <time>2025-09-19T12:30:05.058Z</time>
      </trkpt>
      <trkpt lat="55.885475" lon="38.269345">
        <ele>141.785151</ele>
        <time>2025-09-19T12:30:06.599Z</time>
      </trkpt>
      <trkpt lat="55.887033" lon="38.267372">
        <ele>141.291161</ele>
        <time>2025-09-19T12:30:27.160Z</time>
      </trkpt>
      <trkpt lat="55.887498" lon="38.266955">
        <ele>141.751101</ele>
        <time>2025-09-19T12:30:35.757Z</time>
      </trkpt>
      <trkpt lat="55.888000" lon="38.266648">
        <ele>142.220060</ele>
        <time>2025-09-19T12:30:45.075Z</time>
      </trkpt>
      <trkpt lat="55.891712" lon="38.264977">
        <ele>145.690352</ele>
        <time>2025-09-19T12:31:42.034Z</time>
      </trkpt>
      <trkpt lat="55.893833" lon="38.264031">
        <ele>145.974876</ele>
        <time>2025-09-19T12:32:08.698Z</time>
      </trkpt>
      <trkpt lat="55.894376" lon="38.263764">
        <ele>145.853643</ele>
        <time>2025-09-19T12:32:15.051Z</time>
      </trkpt>
      <trkpt lat="55.894807" lon="38.263501">
        <ele>145.755598</ele>
        <time>2025-09-19T12:32:20.019Z</time>
      </trkpt>
      <trkpt lat="55.895930" lon="38.262707">
        <ele>145.558542</ele>
        <time>2025-09-19T12:32:33.150Z</time>
      </trkpt>
      <trkpt lat="55.896921" lon="38.261908">
        <ele>145.422885</ele>
        <time>2025-09-19T12:32:45.991Z</time>
      </trkpt>
      <trkpt lat="55.898663" lon="38.260412">
        <ele>145.406935</ele>
        <time>2025-09-19T12:33:09.513Z</time>
      </trkpt>
      <trkpt lat="55.898886" lon="38.260237">
        <ele>145.285678</ele>
        <time>2025-09-19T12:33:12.235Z</time>
      </trkpt>
      <trkpt lat="55.900344" lon="38.259323">
        <ele>144.408001</ele>
        <time>2025-09-19T12:33:28.329Z</time>
      </trkpt>
      <trkpt lat="55.902586" lon="38.258212">
        <ele>141.337048</ele>
        <time>2025-09-19T12:33:50.412Z</time>
      </trkpt>
      <trkpt lat="55.903130" lon="38.257907">
        <ele>140.336502</ele>
        <time>2025-09-19T12:33:55.423Z</time>
      </trkpt>
      <trkpt lat="55.903687" lon="38.257481">
        <ele>139.284128</ele>
        <time>2025-09-19T12:34:00.609Z</time>
      </trkpt>
      <trkpt lat="55.905102" lon="38.256107">
        <ele>136.688119</ele>
        <time>2025-09-19T12:34:15.040Z</time>
      </trkpt>
      <trkpt lat="55.905908" lon="38.255365">
        <ele>136.513273</ele>
        <time>2025-09-19T12:34:25.067Z</time>
      </trkpt>
      <trkpt lat="55.906176" lon="38.255103">
        <ele>136.514758</ele>
        <time>2025-09-19T12:34:29.145Z</time>
      </trkpt>
      <trkpt lat="55.908491" lon="38.252950">
        <ele>137.669652</ele>
        <time>2025-09-19T12:35:04.003Z</time>
      </trkpt>
      <trkpt lat="55.908931" lon="38.252540">
        <ele>138.331221</ele>
        <time>2025-09-19T12:35:12.094Z</time>
      </trkpt>
      <trkpt lat="55.909764" lon="38.251757">
        <ele>139.586043</ele>
        <time>2025-09-19T12:35:28.410Z</time>
      </trkpt>
      <trkpt lat="55.911317" lon="38.250298">
        <ele>141.238518</ele>
        <time>2025-09-19T12:35:55.750Z</time>
      </trkpt>
      <trkpt lat="55.912486" lon="38.249233">
        <ele>141.327799</ele>
        <time>2025-09-19T12:36:10.448Z</time>
      </trkpt>
      <trkpt lat="55.913623" lon="38.248057">
        <ele>141.440038</ele>
        <time>2025-09-19T12:36:24.976Z</time>
      </trkpt>
      <trkpt lat="55.916082" lon="38.244859">
        <ele>143.336544</ele>
        <time>2025-09-19T12:37:08.564Z</time>
      </trkpt>
      <trkpt lat="55.917341" lon="38.243222">
        <ele>144.338248</ele>
        <time>2025-09-19T12:37:29.674Z</time>
      </trkpt>
      <trkpt lat="55.917803" lon="38.242621">
        <ele>144.856826</ele>
        <time>2025-09-19T12:37:38.202Z</time>
      </trkpt>
      <trkpt lat="55.918131" lon="38.242218">
        <ele>145.303815</ele>
        <time>2025-09-19T12:37:44.422Z</time>
      </trkpt>
      <trkpt lat="55.918587" lon="38.241795">
        <ele>145.880674</ele>
        <time>2025-09-19T12:37:52.725Z</time>
      </trkpt>
      <trkpt lat="55.918622" lon="38.241766">
        <ele>145.923987</ele>
        <time>2025-09-19T12:37:53.372Z</time>
      </trkpt>
      <trkpt lat="55.919595" lon="38.240953">
        <ele>146.896146</ele>
        <time>2025-09-19T12:38:10.045Z</time>
      </trkpt>
      <trkpt lat="55.920826" lon="38.239993">
        <ele>147.804045</ele>
        <time>2025-09-19T12:38:27.868Z</time>
      </trkpt>
      <trkpt lat="55.922594" lon="38.238583">
        <ele>148.576403</ele>
        <time>2025-09-19T12:38:53.929Z</time>
      </trkpt>
      <trkpt lat="55.923603" lon="38.237784">
        <ele>148.545439</ele>
        <time>2025-09-19T12:39:08.286Z</time>
      </trkpt>
      <trkpt lat="55.923612" lon="38.237826">
        <ele>148.544732</ele>
        <time>2025-09-19T12:39:08.556Z</time>
      </trkpt>
      <trkpt lat="55.923755" lon="38.238466">
        <ele>148.533903</ele>
        <time>2025-09-19T12:39:12.540Z</time>
      </trkpt>
      <trkpt lat="55.923812" lon="38.238715">
        <ele>148.425423</ele>
        <time>2025-09-19T12:39:13.998Z</time>
      </trkpt>
      <trkpt lat="55.924241" lon="38.240782">
        <ele>146.986398</ele>
        <time>2025-09-19T12:39:25.075Z</time>
      </trkpt>
      <trkpt lat="55.924386" lon="38.241647">
        <ele>146.457667</ele>
        <time>2025-09-19T12:39:30.185Z</time>
      </trkpt>
      <trkpt lat="55.924474" lon="38.242341">
        <ele>146.706208</ele>
        <time>2025-09-19T12:39:35.021Z</time>
      </trkpt>
      <trkpt lat="55.924596" lon="38.243443">
        <ele>147.098572</ele>
        <time>2025-09-19T12:39:44.570Z</time>
      </trkpt>
      <trkpt lat="55.924788" lon="38.245168">
        <ele>147.550133</ele>
        <time>2025-09-19T12:40:00.115Z</time>
      </trkpt>
      <trkpt lat="55.924817" lon="38.245436">
        <ele>147.545405</ele>
        <time>2025-09-19T12:40:02.180Z</time>
      </trkpt>
      <trkpt lat="55.925205" lon="38.249074">
        <ele>147.606336</ele>
        <time>2025-09-19T12:40:24.427Z</time>
      </trkpt>
      <trkpt lat="55.925307" lon="38.250136">
        <ele>147.699060</ele>
        <time>2025-09-19T12:40:32.031Z</time>
      </trkpt>
      <trkpt lat="55.926183" lon="38.257354">
        <ele>150.779817</ele>
        <time>2025-09-19T12:41:32.653Z</time>
      </trkpt>
      <trkpt lat="55.926269" lon="38.258241">
        <ele>150.933102</ele>
        <time>2025-09-19T12:41:39.147Z</time>
      </trkpt>
      <trkpt lat="55.926304" lon="38.258977">
        <ele>151.058881</ele>
        <time>2025-09-19T12:41:44.301Z</time>
      </trkpt>
      <trkpt lat="55.926052" lon="38.261526">
        <ele>151.425539</ele>
        <time>2025-09-19T12:42:02.248Z</time>
      </trkpt>
      <trkpt lat="55.925046" lon="38.272025">
        <ele>152.899377</ele>
        <time>2025-09-19T12:43:16.531Z</time>
      </trkpt>
      <trkpt lat="55.925020" lon="38.272538">
        <ele>153.051515</ele>
        <time>2025-09-19T12:43:21.151Z</time>
      </trkpt>
      <trkpt lat="55.925030" lon="38.273058">
        <ele>153.205193</ele>
        <time>2025-09-19T12:43:25.761Z</time>
      </trkpt>
      <trkpt lat="55.925107" lon="38.274009">
        <ele>153.118440</ele>
        <time>2025-09-19T12:43:34.168Z</time>
      </trkpt>
      <trkpt lat="55.925260" lon="38.276007">
        <ele>152.850306</ele>
        <time>2025-09-19T12:43:46.459Z</time>
      </trkpt>
      <trkpt lat="55.925424" lon="38.278206">
        <ele>151.368090</ele>
        <time>2025-09-19T12:43:57.370Z</time>
      </trkpt>
      <trkpt lat="55.925471" lon="38.278731">
        <ele>150.963392</ele>
        <time>2025-09-19T12:44:00.124Z</time>
      </trkpt>
      <trkpt lat="55.925665" lon="38.281142">
        <ele>149.824402</ele>
        <time>2025-09-19T12:44:14.748Z</time>
      </trkpt>
      <trkpt lat="55.925749" lon="38.282325">
        <ele>149.434468</ele>
        <time>2025-09-19T12:44:21.627Z</time>
      </trkpt>
      <trkpt lat="55.925799" lon="38.283127">
        <ele>149.173576</ele>
        <time>2025-09-19T12:44:26.209Z</time>
      </trkpt>
      <trkpt lat="55.925941" lon="38.285835">
        <ele>148.302784</ele>
        <time>2025-09-19T12:44:42.031Z</time>
      </trkpt>
      <trkpt lat="55.926096" lon="38.289158">
        <ele>147.914369</ele>
        <time>2025-09-19T12:45:03.261Z</time>
      </trkpt>
      <trkpt lat="55.926243" lon="38.292093">
        <ele>147.386290</ele>
        <time>2025-09-19T12:45:22.505Z</time>
      </trkpt>
      <trkpt lat="55.926292" lon="38.293061">
        <ele>146.671189</ele>
        <time>2025-09-19T12:45:27.629Z</time>
      </trkpt>
      <trkpt lat="55.926416" lon="38.294582">
        <ele>145.326980</ele>
        <time>2025-09-19T12:45:35.017Z</time>
      </trkpt>
      <trkpt lat="55.926552" lon="38.295461">
        <ele>144.549106</ele>
        <time>2025-09-19T12:45:39.640Z</time>
      </trkpt>
      <trkpt lat="55.926652" lon="38.296104">
        <ele>144.762079</ele>
        <time>2025-09-19T12:45:43.423Z</time>
      </trkpt>
      <trkpt lat="55.926856" lon="38.297472">
        <ele>145.213876</ele>
        <time>2025-09-19T12:45:54.147Z</time>
      </trkpt>
      <trkpt lat="55.927158" lon="38.299540">
        <ele>146.367937</ele>
        <time>2025-09-19T12:46:15.836Z</time>
      </trkpt>
      <trkpt lat="55.927187" lon="38.299754">
        <ele>146.539487</ele>
        <time>2025-09-19T12:46:18.039Z</time>
      </trkpt>
      <trkpt lat="55.927206" lon="38.300414">
        <ele>147.054413</ele>
        <time>2025-09-19T12:46:24.417Z</time>
      </trkpt>
      <trkpt lat="55.927178" lon="38.301127">
        <ele>147.611319</ele>
        <time>2025-09-19T12:46:30.610Z</time>
      </trkpt>
      <trkpt lat="55.927161" lon="38.301542">
        <ele>147.935535</ele>
        <time>2025-09-19T12:46:33.934Z</time>
      </trkpt>
      <trkpt lat="55.927154" lon="38.301714">
        <ele>148.069904</ele>
        <time>2025-09-19T12:46:35.183Z</time>
      </trkpt>
      <trkpt lat="55.927112" lon="38.302644">
        <ele>148.120893</ele>
        <time>2025-09-19T12:46:41.966Z</time>
      </trkpt>
      <trkpt lat="55.927055" lon="38.303605">
        <ele>148.173686</ele>
        <time>2025-09-19T12:46:48.568Z</time>
      </trkpt>
      <trkpt lat="55.926927" lon="38.306051">
        <ele>148.248794</ele>
        <time>2025-09-19T12:47:04.104Z</time>
      </trkpt>
      <trkpt lat="55.926880" lon="38.307131">
        <ele>148.252088</ele>
        <time>2025-09-19T12:47:11.395Z</time>
      </trkpt>
      <trkpt lat="55.926810" lon="38.310565">
        <ele>148.097353</ele>
        <time>2025-09-19T12:47:35.106Z</time>
      </trkpt>
      <trkpt lat="55.926783" lon="38.313839">
        <ele>147.012898</ele>
        <time>2025-09-19T12:47:53.770Z</time>
      </trkpt>
      <trkpt lat="55.926755" lon="38.313992">
        <ele>146.946697</ele>
        <time>2025-09-19T12:47:54.635Z</time>
      </trkpt>
      <trkpt lat="55.926689" lon="38.314078">
        <ele>146.886707</ele>
        <time>2025-09-19T12:47:55.415Z</time>
      </trkpt>
      <trkpt lat="55.926544" lon="38.314149">
        <ele>146.776325</ele>
        <time>2025-09-19T12:47:56.882Z</time>
      </trkpt>
      <trkpt lat="55.925822" lon="38.314107">
        <ele>146.586738</ele>
        <time>2025-09-19T12:48:04.159Z</time>
      </trkpt>
      <trkpt lat="55.925324" lon="38.314076">
        <ele>146.479337</ele>
        <time>2025-09-19T12:48:09.609Z</time>
      </trkpt>
      <trkpt lat="55.924620" lon="38.314031">
        <ele>146.384078</ele>
        <time>2025-09-19T12:48:18.935Z</time>
      </trkpt>
      <trkpt lat="55.924499" lon="38.314024">
        <ele>146.469993</ele>
        <time>2025-09-19T12:48:20.608Z</time>
      </trkpt>
      <trkpt lat="55.924026" lon="38.313982">
        <ele>146.806084</ele>
        <time>2025-09-19T12:48:27.136Z</time>
      </trkpt>
      <trkpt lat="55.923595" lon="38.313952">
        <ele>147.112185</ele>
        <time>2025-09-19T12:48:33.281Z</time>
      </trkpt>
      <trkpt lat="55.923624" lon="38.318491">
        <ele>148.986090</ele>
        <time>2025-09-19T12:49:10.520Z</time>
      </trkpt>
      <trkpt lat="55.923700" lon="38.319524">
        <ele>148.985108</ele>
        <time>2025-09-19T12:49:17.474Z</time>
      </trkpt>
      <trkpt lat="55.923907" lon="38.321144">
        <ele>148.983543</ele>
        <time>2025-09-19T12:49:27.905Z</time>
      </trkpt>
      <trkpt lat="55.924149" lon="38.322320">
        <ele>148.994085</ele>
        <time>2025-09-19T12:49:35.961Z</time>
      </trkpt>
      <trkpt lat="55.927157" lon="38.333453">
        <ele>149.234726</ele>
        <time>2025-09-19T12:50:59.188Z</time>
      </trkpt>
      <trkpt lat="55.928529" lon="38.338379">
        <ele>150.014146</ele>
        <time>2025-09-19T12:51:37.136Z</time>
      </trkpt>
      <trkpt lat="55.929270" lon="38.341060">
        <ele>151.403159</ele>
        <time>2025-09-19T12:52:02.858Z</time>
      </trkpt>
      <trkpt lat="55.929358" lon="38.341516">
        <ele>151.657688</ele>
        <time>2025-09-19T12:52:06.976Z</time>
      </trkpt>
      <trkpt lat="55.929414" lon="38.341910">
        <ele>151.822599</ele>
        <time>2025-09-19T12:52:10.310Z</time>
      </trkpt>
      <trkpt lat="55.929449" lon="38.342386">
        <ele>151.744656</ele>
        <time>2025-09-19T12:52:14.070Z</time>
      </trkpt>
      <trkpt lat="55.929448" lon="38.342679">
        <ele>151.697086</ele>
        <time>2025-09-19T12:52:16.221Z</time>
      </trkpt>
      <trkpt lat="55.929376" lon="38.343384">
        <ele>151.580740</ele>
        <time>2025-09-19T12:52:20.968Z</time>
      </trkpt>
      <trkpt lat="55.929345" lon="38.343523">
        <ele>151.556451</ele>
        <time>2025-09-19T12:52:21.873Z</time>
      </trkpt>
      <trkpt lat="55.929230" lon="38.344036">
        <ele>151.466743</ele>
        <time>2025-09-19T12:52:25.058Z</time>
      </trkpt>
      <trkpt lat="55.929016" lon="38.344630">
        <ele>151.352084</ele>
        <time>2025-09-19T12:52:28.910Z</time>
      </trkpt>
      <trkpt lat="55.928911" lon="38.344816">
        <ele>151.293619</ele>
        <time>2025-09-19T12:52:30.294Z</time>
      </trkpt>
      <trkpt lat="55.928575" lon="38.345208">
        <ele>150.699837</ele>
        <time>2025-09-19T12:52:33.991Z</time>
      </trkpt>
      <trkpt lat="55.925419" lon="38.347540">
        <ele>145.957197</ele>
        <time>2025-09-19T12:53:05.290Z</time>
      </trkpt>
      <trkpt lat="55.925060" lon="38.347863">
        <ele>145.990515</ele>
        <time>2025-09-19T12:53:09.272Z</time>
      </trkpt>
      <trkpt lat="55.924990" lon="38.347978">
        <ele>145.998400</ele>
        <time>2025-09-19T12:53:10.260Z</time>
      </trkpt>
      <trkpt lat="55.924935" lon="38.348151">
        <ele>146.007636</ele>
        <time>2025-09-19T12:53:11.403Z</time>
      </trkpt>
      <trkpt lat="55.924169" lon="38.355182">
        <ele>146.840816</ele>
        <time>2025-09-19T12:54:04.947Z</time>
      </trkpt>
      <trkpt lat="55.923579" lon="38.360600">
        <ele>147.924963</ele>
        <time>2025-09-19T12:54:47.058Z</time>
      </trkpt>
      <trkpt lat="55.923558" lon="38.360787">
        <ele>147.902549</ele>
        <time>2025-09-19T12:54:48.354Z</time>
      </trkpt>
      <trkpt lat="55.922186" lon="38.373090">
        <ele>145.851410</ele>
        <time>2025-09-19T12:56:05.135Z</time>
      </trkpt>
      <trkpt lat="55.921098" lon="38.382950">
        <ele>141.990948</ele>
        <time>2025-09-19T12:57:02.299Z</time>
      </trkpt>
      <trkpt lat="55.921065" lon="38.383683">
        <ele>141.723963</ele>
        <time>2025-09-19T12:57:06.565Z</time>
      </trkpt>
      <trkpt lat="55.921070" lon="38.384690">
        <ele>141.321969</ele>
        <time>2025-09-19T12:57:12.630Z</time>
      </trkpt>
      <trkpt lat="55.921141" lon="38.385334">
        <ele>140.957806</ele>
        <time>2025-09-19T12:57:16.751Z</time>
      </trkpt>
      <trkpt lat="55.921557" lon="38.387499">
        <ele>139.687934</ele>
        <time>2025-09-19T12:57:28.997Z</time>
      </trkpt>
      <trkpt lat="55.921757" lon="38.388381">
        <ele>139.280582</ele>
        <time>2025-09-19T12:57:33.776Z</time>
      </trkpt>
      <trkpt lat="55.922674" lon="38.392313">
        <ele>138.438590</ele>
        <time>2025-09-19T12:57:59.542Z</time>
      </trkpt>
      <trkpt lat="55.922802" lon="38.392862">
        <ele>138.479279</ele>
        <time>2025-09-19T12:58:04.365Z</time>
      </trkpt>
      <trkpt lat="55.922994" lon="38.393695">
        <ele>138.594095</ele>
        <time>2025-09-19T12:58:11.875Z</time>
      </trkpt>
      <trkpt lat="55.923252" lon="38.394808">
        <ele>138.980738</ele>
        <time>2025-09-19T12:58:22.111Z</time>
      </trkpt>
      <trkpt lat="55.923333" lon="38.395157">
        <ele>139.101997</ele>
        <time>2025-09-19T12:58:25.050Z</time>
      </trkpt>
      <trkpt lat="55.923459" lon="38.395703">
        <ele>139.291546</ele>
        <time>2025-09-19T12:58:29.240Z</time>
      </trkpt>
      <trkpt lat="55.924008" lon="38.398012">
        <ele>139.806235</ele>
        <time>2025-09-19T12:58:46.446Z</time>
      </trkpt>
      <trkpt lat="55.924325" lon="38.399358">
        <ele>140.022689</ele>
        <time>2025-09-19T12:58:57.144Z</time>
      </trkpt>
      <trkpt lat="55.924856" lon="38.401582">
        <ele>140.674667</ele>
        <time>2025-09-19T12:59:15.242Z</time>
      </trkpt>
      <trkpt lat="55.925030" lon="38.402375">
        <ele>140.907366</ele>
        <time>2025-09-19T12:59:21.727Z</time>
      </trkpt>
      <trkpt lat="55.925385" lon="38.403987">
        <ele>141.446512</ele>
        <time>2025-09-19T12:59:35.155Z</time>
      </trkpt>
      <trkpt lat="55.925438" lon="38.404524">
        <ele>141.616356</ele>
        <time>2025-09-19T12:59:39.441Z</time>
      </trkpt>
      <trkpt lat="55.925706" lon="38.404428">
        <ele>141.768324</ele>
        <time>2025-09-19T12:59:43.197Z</time>
      </trkpt>
      <trkpt lat="55.926351" lon="38.404154">
        <ele>141.981209</ele>
        <time>2025-09-19T12:59:51.777Z</time>
      </trkpt>
      <trkpt lat="55.926535" lon="38.404020">
        <ele>142.015878</ele>
        <time>2025-09-19T12:59:54.163Z</time>
      </trkpt>
      <trkpt lat="55.926762" lon="38.403757">
        <ele>142.063091</ele>
        <time>2025-09-19T12:59:57.338Z</time>
      </trkpt>
      <trkpt lat="55.927671" lon="38.402473">
        <ele>142.319555</ele>
        <time>2025-09-19T13:00:11.402Z</time>
      </trkpt>
      <trkpt lat="55.927751" lon="38.402388">
        <ele>142.357003</ele>
        <time>2025-09-19T13:00:12.625Z</time>
      </trkpt>
      <trkpt lat="55.927847" lon="38.402286">
        <ele>142.401939</ele>
        <time>2025-09-19T13:00:14.100Z</time>
      </trkpt>
      <trkpt lat="55.927986" lon="38.402201">
        <ele>142.461039</ele>
        <time>2025-09-19T13:00:16.103Z</time>
      </trkpt>
      <trkpt lat="55.928173" lon="38.402178">
        <ele>142.536433</ele>
        <time>2025-09-19T13:00:18.709Z</time>
      </trkpt>
      <trkpt lat="55.928341" lon="38.402280">
        <ele>142.607809</ele>
        <time>2025-09-19T13:00:21.237Z</time>
      </trkpt>
      <trkpt lat="55.929379" lon="38.403167">
        <ele>142.987977</ele>
        <time>2025-09-19T13:00:36.634Z</time>
      </trkpt>
      <trkpt lat="55.929721" lon="38.403333">
        <ele>143.035014</ele>
        <time>2025-09-19T13:00:41.063Z</time>
      </trkpt>
      <trkpt lat="55.929893" lon="38.403220">
        <ele>143.059339</ele>
        <time>2025-09-19T13:00:43.272Z</time>
      </trkpt>
      <trkpt lat="55.929950" lon="38.403365">
        <ele>143.072509</ele>
        <time>2025-09-19T13:00:44.907Z</time>
      </trkpt>
      <trkpt lat="55.930067" lon="38.403557">
        <ele>143.093601</ele>
        <time>2025-09-19T13:00:47.437Z</time>
      </trkpt>
      <trkpt lat="55.930662" lon="38.404072">
        <ele>143.181361</ele>
        <time>2025-09-19T13:00:57.763Z</time>
      </trkpt>
      <trkpt lat="55.931787" lon="38.405210">
        <ele>143.468447</ele>
        <time>2025-09-19T13:01:19.694Z</time>
      </trkpt>
      <trkpt lat="55.932795" lon="38.406219">
        <ele>143.673000</ele>
        <time>2025-09-19T13:01:39.637Z</time>
      </trkpt>
      <trkpt lat="55.933066" lon="38.406616">
        <ele>143.720444</ele>
        <time>2025-09-19T13:01:45.608Z</time>
      </trkpt>
      <trkpt lat="55.933324" lon="38.407109">
        <ele>143.771591</ele>
        <time>2025-09-19T13:01:52.071Z</time>
      </trkpt>
      <trkpt lat="55.933425" lon="38.407352">
        <ele>143.794530</ele>
        <time>2025-09-19T13:01:54.866Z</time>
      </trkpt>
      <trkpt lat="55.933542" lon="38.407800">
        <ele>143.832002</ele>
        <time>2025-09-19T13:01:59.256Z</time>
      </trkpt>
      <trkpt lat="55.933543" lon="38.408259">
        <ele>143.564420</ele>
        <time>2025-09-19T13:02:02.129Z</time>
      </trkpt>
      <trkpt lat="55.933545" lon="38.409993">
        <ele>142.515441</ele>
        <time>2025-09-19T13:02:11.732Z</time>
      </trkpt>
      <trkpt lat="55.933457" lon="38.412078">
        <ele>141.031783</ele>
        <time>2025-09-19T13:02:22.077Z</time>
      </trkpt>
      <trkpt lat="55.933482" lon="38.412705">
        <ele>140.521560</ele>
        <time>2025-09-19T13:02:25.268Z</time>
      </trkpt>
      <trkpt lat="55.934011" lon="38.414797">
        <ele>138.949493</ele>
        <time>2025-09-19T13:02:37.705Z</time>
      </trkpt>
      <trkpt lat="55.934420" lon="38.416508">
        <ele>138.141652</ele>
        <time>2025-09-19T13:02:48.110Z</time>
      </trkpt>
      <trkpt lat="55.934918" lon="38.419715">
        <ele>137.961114</ele>
        <time>2025-09-19T13:03:09.001Z</time>
      </trkpt>
      <trkpt lat="55.935031" lon="38.420418">
        <ele>138.156121</ele>
        <time>2025-09-19T13:03:15.393Z</time>
      </trkpt>
      <trkpt lat="55.935200" lon="38.421437">
        <ele>138.880456</ele>
        <time>2025-09-19T13:03:25.250Z</time>
      </trkpt>
      <trkpt lat="55.935488" lon="38.422640">
        <ele>139.772142</ele>
        <time>2025-09-19T13:03:37.776Z</time>
      </trkpt>
      <trkpt lat="55.936011" lon="38.424534">
        <ele>140.639415</ele>
        <time>2025-09-19T13:03:54.520Z</time>
      </trkpt>
      <trkpt lat="55.936400" lon="38.425944">
        <ele>141.126929</ele>
        <time>2025-09-19T13:04:05.995Z</time>
      </trkpt>
      <trkpt lat="55.936836" lon="38.427565">
        <ele>141.383867</ele>
        <time>2025-09-19T13:04:18.241Z</time>
      </trkpt>
      <trkpt lat="55.936867" lon="38.427720">
        <ele>141.405773</ele>
        <time>2025-09-19T13:04:19.395Z</time>
      </trkpt>
      <trkpt lat="55.936911" lon="38.428034">
        <ele>141.448854</ele>
        <time>2025-09-19T13:04:21.651Z</time>
      </trkpt>
      <trkpt lat="55.936915" lon="38.428219">
        <ele>141.473495</ele>
        <time>2025-09-19T13:04:22.964Z</time>
      </trkpt>
      <trkpt lat="55.936850" lon="38.428857">
        <ele>141.559806</ele>
        <time>2025-09-19T13:04:27.647Z</time>
      </trkpt>
      <trkpt lat="55.936787" lon="38.429097">
        <ele>141.607153</ele>
        <time>2025-09-19T13:04:29.625Z</time>
      </trkpt>
      <trkpt lat="55.936605" lon="38.429430">
        <ele>141.744449</ele>
        <time>2025-09-19T13:04:33.138Z</time>
      </trkpt>
      <trkpt lat="55.935193" lon="38.431528">
        <ele>142.546960</ele>
        <time>2025-09-19T13:04:58.589Z</time>
      </trkpt>
      <trkpt lat="55.934012" lon="38.433290">
        <ele>142.600017</ele>
        <time>2025-09-19T13:05:16.128Z</time>
      </trkpt>
      <trkpt lat="55.932924" lon="38.434790">
        <ele>142.470541</ele>
        <time>2025-09-19T13:05:31.971Z</time>
      </trkpt>
      <trkpt lat="55.931616" lon="38.436636">
        <ele>142.315773</ele>
        <time>2025-09-19T13:05:51.909Z</time>
      </trkpt>
      <trkpt lat="55.930679" lon="38.437940">
        <ele>141.779114</ele>
        <time>2025-09-19T13:06:04.728Z</time>
      </trkpt>
      <trkpt lat="55.930405" lon="38.438300">
        <ele>141.544306</ele>
        <time>2025-09-19T13:06:08.158Z</time>
      </trkpt>
      <trkpt lat="55.929411" lon="38.439451">
        <ele>140.741730</ele>
        <time>2025-09-19T13:06:19.887Z</time>
      </trkpt>
      <trkpt lat="55.929255" lon="38.439612">
        <ele>140.623562</ele>
        <time>2025-09-19T13:06:21.682Z</time>
      </trkpt>
      <trkpt lat="55.927260" lon="38.441862">
        <ele>138.974807</ele>
        <time>2025-09-19T13:06:46.459Z</time>
      </trkpt>
      <trkpt lat="55.926069" lon="38.443405">
        <ele>137.569997</ele>
        <time>2025-09-19T13:07:00.723Z</time>
      </trkpt>
      <trkpt lat="55.924507" lon="38.445427">
        <ele>135.565574</ele>
        <time>2025-09-19T13:07:19.220Z</time>
      </trkpt>
      <trkpt lat="55.924275" lon="38.445671">
        <ele>135.303776</ele>
        <time>2025-09-19T13:07:21.912Z</time>
      </trkpt>
      <trkpt lat="55.924112" lon="38.445794">
        <ele>135.131726</ele>
        <time>2025-09-19T13:07:23.696Z</time>
      </trkpt>
      <trkpt lat="55.923919" lon="38.445868">
        <ele>134.939810</ele>
        <time>2025-09-19T13:07:25.701Z</time>
      </trkpt>
      <trkpt lat="55.923711" lon="38.445851">
        <ele>134.756709</ele>
        <time>2025-09-19T13:07:27.844Z</time>
      </trkpt>
      <trkpt lat="55.922486" lon="38.445554">
        <ele>134.166749</ele>
        <time>2025-09-19T13:07:40.827Z</time>
      </trkpt>
      <trkpt lat="55.920899" lon="38.445143">
        <ele>134.022648</ele>
        <time>2025-09-19T13:07:58.821Z</time>
      </trkpt>
      <trkpt lat="55.920503" lon="38.445029">
        <ele>134.061876</ele>
        <time>2025-09-19T13:08:03.934Z</time>
      </trkpt>
      <trkpt lat="55.919451" lon="38.444692">
        <ele>134.971657</ele>
        <time>2025-09-19T13:08:19.314Z</time>
      </trkpt>
      <trkpt lat="55.918183" lon="38.444353">
        <ele>136.487446</ele>
        <time>2025-09-19T13:08:40.599Z</time>
      </trkpt>
      <trkpt lat="55.917950" lon="38.444234">
        <ele>136.787993</ele>
        <time>2025-09-19T13:08:45.010Z</time>
      </trkpt>
      <trkpt lat="55.917401" lon="38.443833">
        <ele>137.523639</ele>
        <time>2025-09-19T13:08:55.037Z</time>
      </trkpt>
      <trkpt lat="55.917297" lon="38.443757">
        <ele>137.663007</ele>
        <time>2025-09-19T13:08:56.801Z</time>
      </trkpt>
      <trkpt lat="55.916988" lon="38.443549">
        <ele>138.072558</ele>
        <time>2025-09-19T13:09:01.758Z</time>
      </trkpt>
      <trkpt lat="55.915933" lon="38.442905">
        <ele>138.434833</ele>
        <time>2025-09-19T13:09:16.132Z</time>
      </trkpt>
      <trkpt lat="55.914908" lon="38.442328">
        <ele>138.388635</ele>
        <time>2025-09-19T13:09:27.983Z</time>
      </trkpt>
      <trkpt lat="55.914528" lon="38.442133">
        <ele>138.179380</ele>
        <time>2025-09-19T13:09:32.275Z</time>
      </trkpt>
      <trkpt lat="55.914205" lon="38.442038">
        <ele>138.006135</ele>
        <time>2025-09-19T13:09:35.721Z</time>
      </trkpt>
      <trkpt lat="55.914010" lon="38.441978">
        <ele>137.901414</ele>
        <time>2025-09-19T13:09:37.766Z</time>
      </trkpt>
      <trkpt lat="55.913506" lon="38.441802">
        <ele>137.629627</ele>
        <time>2025-09-19T13:09:42.930Z</time>
      </trkpt>
      <trkpt lat="55.913415" lon="38.441773">
        <ele>137.580706</ele>
        <time>2025-09-19T13:09:43.885Z</time>
      </trkpt>
      <trkpt lat="55.911776" lon="38.441304">
        <ele>136.803853</ele>
        <time>2025-09-19T13:10:01.634Z</time>
      </trkpt>
      <trkpt lat="55.911553" lon="38.441232">
        <ele>136.699338</ele>
        <time>2025-09-19T13:10:04.045Z</time>
      </trkpt>
      <trkpt lat="55.911008" lon="38.441077">
        <ele>136.531434</ele>
        <time>2025-09-19T13:10:10.094Z</time>
      </trkpt>
      <trkpt lat="55.910739" lon="38.440997">
        <ele>136.455538</ele>
        <time>2025-09-19T13:10:13.180Z</time>
      </trkpt>
      <trkpt lat="55.909659" lon="38.440703">
        <ele>136.152675</ele>
        <time>2025-09-19T13:10:25.265Z</time>
      </trkpt>
      <trkpt lat="55.909293" lon="38.440645">
        <ele>136.061225</ele>
        <time>2025-09-19T13:10:29.585Z</time>
      </trkpt>
      <trkpt lat="55.909034" lon="38.440660">
        <ele>135.996730</ele>
        <time>2025-09-19T13:10:32.582Z</time>
      </trkpt>
      <trkpt lat="55.908716" lon="38.440711">
        <ele>135.917266</ele>
        <time>2025-09-19T13:10:36.191Z</time>
      </trkpt>
      <trkpt lat="55.908325" lon="38.440862">
        <ele>135.817698</ele>
        <time>2025-09-19T13:10:40.566Z</time>
      </trkpt>
      <trkpt lat="55.908101" lon="38.440995">
        <ele>135.758941</ele>
        <time>2025-09-19T13:10:43.132Z</time>
      </trkpt>
      <trkpt lat="55.907682" lon="38.441319">
        <ele>135.595689</ele>
        <time>2025-09-19T13:10:48.052Z</time>
      </trkpt>
      <trkpt lat="55.907443" lon="38.441577">
        <ele>135.476718</ele>
        <time>2025-09-19T13:10:51.039Z</time>
      </trkpt>
      <trkpt lat="55.905760" lon="38.443561">
        <ele>134.808934</ele>
        <time>2025-09-19T13:11:12.769Z</time>
      </trkpt>
      <trkpt lat="55.905029" lon="38.444467">
        <ele>134.648716</ele>
        <time>2025-09-19T13:11:23.148Z</time>
      </trkpt>
      <trkpt lat="55.904003" lon="38.445462">
        <ele>134.549743</ele>
        <time>2025-09-19T13:11:37.312Z</time>
      </trkpt>
      <trkpt lat="55.903571" lon="38.445797">
        <ele>134.515461</ele>
        <time>2025-09-19T13:11:42.704Z</time>
      </trkpt>
      <trkpt lat="55.902968" lon="38.446192">
        <ele>134.367513</ele>
        <time>2025-09-19T13:11:49.852Z</time>
      </trkpt>
      <trkpt lat="55.902720" lon="38.446312">
        <ele>134.274981</ele>
        <time>2025-09-19T13:11:52.648Z</time>
      </trkpt>
      <trkpt lat="55.902353" lon="38.446489">
        <ele>134.138078</ele>
        <time>2025-09-19T13:11:56.714Z</time>
      </trkpt>
      <trkpt lat="55.901679" lon="38.446725">
        <ele>133.890737</ele>
        <time>2025-09-19T13:12:04.015Z</time>
      </trkpt>
      <trkpt lat="55.899962" lon="38.447092">
        <ele>133.738374</ele>
        <time>2025-09-19T13:12:23.463Z</time>
      </trkpt>
      <trkpt lat="55.899860" lon="38.447111">
        <ele>133.731463</ele>
        <time>2025-09-19T13:12:24.784Z</time>
      </trkpt>
      <trkpt lat="55.898119" lon="38.447497">
        <ele>134.736561</ele>
        <time>2025-09-19T13:12:49.702Z</time>
      </trkpt>
      <trkpt lat="55.897702" lon="38.447580">
        <ele>134.923273</ele>
        <time>2025-09-19T13:12:55.536Z</time>
      </trkpt>
      <trkpt lat="55.897589" lon="38.447600">
        <ele>134.965209</ele>
        <time>2025-09-19T13:12:56.983Z</time>
      </trkpt>
      <trkpt lat="55.897156" lon="38.447680">
        <ele>135.125970</ele>
        <time>2025-09-19T13:13:02.475Z</time>
      </trkpt>
      <trkpt lat="55.896764" lon="38.447752">
        <ele>135.271500</ele>
        <time>2025-09-19T13:13:07.523Z</time>
      </trkpt>
      <trkpt lat="55.896669" lon="38.447772">
        <ele>135.306826</ele>
        <time>2025-09-19T13:13:08.763Z</time>
      </trkpt>
      <trkpt lat="55.896574" lon="38.447793">
        <ele>135.342178</ele>
        <time>2025-09-19T13:13:10.002Z</time>
      </trkpt>
      <trkpt lat="55.895402" lon="38.448061">
        <ele>135.798327</ele>
        <time>2025-09-19T13:13:25.087Z</time>
      </trkpt>
      <trkpt lat="55.894410" lon="38.448252">
        <ele>136.191293</ele>
        <time>2025-09-19T13:13:38.392Z</time>
      </trkpt>
      <trkpt lat="55.892700" lon="38.448659">
        <ele>136.813259</ele>
        <time>2025-09-19T13:14:01.592Z</time>
      </trkpt>
      <trkpt lat="55.891908" lon="38.448843">
        <ele>136.357448</ele>
        <time>2025-09-19T13:14:10.389Z</time>
      </trkpt>
      <trkpt lat="55.891297" lon="38.449046">
        <ele>135.946305</ele>
        <time>2025-09-19T13:14:16.481Z</time>
      </trkpt>
      <trkpt lat="55.890281" lon="38.449383">
        <ele>135.346521</ele>
        <time>2025-09-19T13:14:26.436Z</time>
      </trkpt>
      <trkpt lat="55.889295" lon="38.449674">
        <ele>134.828877</ele>
        <time>2025-09-19T13:14:37.761Z</time>
      </trkpt>
      <trkpt lat="55.889250" lon="38.449688">
        <ele>134.805218</ele>
        <time>2025-09-19T13:14:38.311Z</time>
      </trkpt>
      <trkpt lat="55.888849" lon="38.449813">
        <ele>134.663910</ele>
        <time>2025-09-19T13:14:42.898Z</time>
      </trkpt>
      <trkpt lat="55.888260" lon="38.449996">
        <ele>134.529266</ele>
        <time>2025-09-19T13:14:49.171Z</time>
      </trkpt>
      <trkpt lat="55.888206" lon="38.450013">
        <ele>134.516917</ele>
        <time>2025-09-19T13:14:49.751Z</time>
      </trkpt>
      <trkpt lat="55.887070" lon="38.450367">
        <ele>134.408181</ele>
        <time>2025-09-19T13:15:02.735Z</time>
      </trkpt>
      <trkpt lat="55.886572" lon="38.450515">
        <ele>134.605813</ele>
        <time>2025-09-19T13:15:10.182Z</time>
      </trkpt>
      <trkpt lat="55.886364" lon="38.450577">
        <ele>134.688365</ele>
        <time>2025-09-19T13:15:13.360Z</time>
      </trkpt>
      <trkpt lat="55.885478" lon="38.450862">
        <ele>135.001659</ele>
        <time>2025-09-19T13:15:25.289Z</time>
      </trkpt>
      <trkpt lat="55.884642" lon="38.451122">
        <ele>134.800357</ele>
        <time>2025-09-19T13:15:34.659Z</time>
      </trkpt>
      <trkpt lat="55.883870" lon="38.451366">
        <ele>134.614376</ele>
        <time>2025-09-19T13:15:42.877Z</time>
      </trkpt>
      <trkpt lat="55.883818" lon="38.451543">
        <ele>134.589352</ele>
        <time>2025-09-19T13:15:44.157Z</time>
      </trkpt>
      <trkpt lat="55.883693" lon="38.451733">
        <ele>134.581154</ele>
        <time>2025-09-19T13:15:46.134Z</time>
      </trkpt>
      <trkpt lat="55.880961" lon="38.454798">
        <ele>134.453610</ele>
        <time>2025-09-19T13:16:24.421Z</time>
      </trkpt>
      <trkpt lat="55.880410" lon="38.455455">
        <ele>134.275389</ele>
        <time>2025-09-19T13:16:32.009Z</time>
      </trkpt>
      <trkpt lat="55.879970" lon="38.456027">
        <ele>134.073816</ele>
        <time>2025-09-19T13:16:38.093Z</time>
      </trkpt>
      <trkpt lat="55.879743" lon="38.456322">
        <ele>133.969835</ele>
        <time>2025-09-19T13:16:41.158Z</time>
      </trkpt>
      <trkpt lat="55.879413" lon="38.456740">
        <ele>133.819989</ele>
        <time>2025-09-19T13:16:45.406Z</time>
      </trkpt>
      <trkpt lat="55.879178" lon="38.457034">
        <ele>133.631638</ele>
        <time>2025-09-19T13:16:48.264Z</time>
      </trkpt>
      <trkpt lat="55.878899" lon="38.457363">
        <ele>133.359242</ele>
        <time>2025-09-19T13:16:51.560Z</time>
      </trkpt>
      <trkpt lat="55.878366" lon="38.457943">
        <ele>132.850748</ele>
        <time>2025-09-19T13:16:57.616Z</time>
      </trkpt>
      <trkpt lat="55.878303" lon="38.457986">
        <ele>132.795815</ele>
        <time>2025-09-19T13:16:58.267Z</time>
      </trkpt>
      <trkpt lat="55.878070" lon="38.458036">
        <ele>132.604712</ele>
        <time>2025-09-19T13:17:00.601Z</time>
      </trkpt>
      <trkpt lat="55.878053" lon="38.458012">
        <ele>132.587054</ele>
        <time>2025-09-19T13:17:00.808Z</time>
      </trkpt>
      <trkpt lat="55.878002" lon="38.457992">
        <ele>132.544531</ele>
        <time>2025-09-19T13:17:01.324Z</time>
      </trkpt>
      <trkpt lat="55.877938" lon="38.458069">
        <ele>132.481657</ele>
        <time>2025-09-19T13:17:02.121Z</time>
      </trkpt>
      <trkpt lat="55.877929" lon="38.458121">
        <ele>132.456799</ele>
        <time>2025-09-19T13:17:02.419Z</time>
      </trkpt>
      <trkpt lat="55.877703" lon="38.458611">
        <ele>132.298185</ele>
        <time>2025-09-19T13:17:06.179Z</time>
      </trkpt>
      <trkpt lat="55.877562" lon="38.458857">
        <ele>132.277578</ele>
        <time>2025-09-19T13:17:08.450Z</time>
      </trkpt>
      <trkpt lat="55.877349" lon="38.459392">
        <ele>132.239138</ele>
        <time>2025-09-19T13:17:12.989Z</time>
      </trkpt>
      <trkpt lat="55.877202" lon="38.459927">
        <ele>132.204232</ele>
        <time>2025-09-19T13:17:17.154Z</time>
      </trkpt>
      <trkpt lat="55.877193" lon="38.460245">
        <ele>132.185575</ele>
        <time>2025-09-19T13:17:19.362Z</time>
      </trkpt>
      <trkpt lat="55.877365" lon="38.461233">
        <ele>132.104972</ele>
        <time>2025-09-19T13:17:26.283Z</time>
      </trkpt>
      <trkpt lat="55.877380" lon="38.461458">
        <ele>132.034658</ele>
        <time>2025-09-19T13:17:27.716Z</time>
      </trkpt>
      <trkpt lat="55.877363" lon="38.461612">
        <ele>131.985952</ele>
        <time>2025-09-19T13:17:28.693Z</time>
      </trkpt>
      <trkpt lat="55.876784" lon="38.463780">
        <ele>131.240813</ele>
        <time>2025-09-19T13:17:42.760Z</time>
      </trkpt>
      <trkpt lat="55.876745" lon="38.463938">
        <ele>131.187245</ele>
        <time>2025-09-19T13:17:43.681Z</time>
      </trkpt>
      <trkpt lat="55.876716" lon="38.464051">
        <ele>131.148682</ele>
        <time>2025-09-19T13:17:44.355Z</time>
      </trkpt>
      <trkpt lat="55.876497" lon="38.465408">
        <ele>130.679231</ele>
        <time>2025-09-19T13:17:52.104Z</time>
      </trkpt>
      <trkpt lat="55.876484" lon="38.465485">
        <ele>130.652438</ele>
        <time>2025-09-19T13:17:52.558Z</time>
      </trkpt>
      <trkpt lat="55.876446" lon="38.465726">
        <ele>130.569026</ele>
        <time>2025-09-19T13:17:54.036Z</time>
      </trkpt>
      <trkpt lat="55.876132" lon="38.466138">
        <ele>130.337447</ele>
        <time>2025-09-19T13:17:58.070Z</time>
      </trkpt>
      <trkpt lat="55.876072" lon="38.466218">
        <ele>130.292944</ele>
        <time>2025-09-19T13:17:58.847Z</time>
      </trkpt>
      <trkpt lat="55.875997" lon="38.466264">
        <ele>130.245834</ele>
        <time>2025-09-19T13:17:59.654Z</time>
      </trkpt>
      <trkpt lat="55.875873" lon="38.466558">
        <ele>130.123274</ele>
        <time>2025-09-19T13:18:01.840Z</time>
      </trkpt>
      <trkpt lat="55.875855" lon="38.466682">
        <ele>130.080596</ele>
        <time>2025-09-19T13:18:02.609Z</time>
      </trkpt>
      <trkpt lat="55.875966" lon="38.467294">
        <ele>130.217058</ele>
        <time>2025-09-19T13:18:07.376Z</time>
      </trkpt>
      <trkpt lat="55.876044" lon="38.467560">
        <ele>130.292441</ele>
        <time>2025-09-19T13:18:09.832Z</time>
      </trkpt>
      <trkpt lat="55.876236" lon="38.468148">
        <ele>130.463314</ele>
        <time>2025-09-19T13:18:15.536Z</time>
      </trkpt>
      <trkpt lat="55.876436" lon="38.468697">
        <ele>130.627719</ele>
        <time>2025-09-19T13:18:20.843Z</time>
      </trkpt>
      <trkpt lat="55.876584" lon="38.470015">
        <ele>130.792890</ele>
        <time>2025-09-19T13:18:30.843Z</time>
      </trkpt>
      <trkpt lat="55.876977" lon="38.472963">
        <ele>130.177672</ele>
        <time>2025-09-19T13:18:48.612Z</time>
      </trkpt>
      <trkpt lat="55.877150" lon="38.474223">
        <ele>130.057533</ele>
        <time>2025-09-19T13:18:56.439Z</time>
      </trkpt>
      <trkpt lat="55.877189" lon="38.474506">
        <ele>130.030544</ele>
        <time>2025-09-19T13:18:58.287Z</time>
      </trkpt>
      <trkpt lat="55.877584" lon="38.477305">
        <ele>130.033845</ele>
        <time>2025-09-19T13:19:18.306Z</time>
      </trkpt>
      <trkpt lat="55.877779" lon="38.478013">
        <ele>130.106425</ele>
        <time>2025-09-19T13:19:23.797Z</time>
      </trkpt>
      <trkpt lat="55.878040" lon="38.478639">
        <ele>130.178199</ele>
        <time>2025-09-19T13:19:28.999Z</time>
      </trkpt>
      <trkpt lat="55.878259" lon="38.479007">
        <ele>130.305370</ele>
        <time>2025-09-19T13:19:32.773Z</time>
      </trkpt>
      <trkpt lat="55.878345" lon="38.479135">
        <ele>130.366382</ele>
        <time>2025-09-19T13:19:34.260Z</time>
      </trkpt>
      <trkpt lat="55.878480" lon="38.479267">
        <ele>130.450232</ele>
        <time>2025-09-19T13:19:36.320Z</time>
      </trkpt>
      <trkpt lat="55.878641" lon="38.479360">
        <ele>130.542398</ele>
        <time>2025-09-19T13:19:38.588Z</time>
      </trkpt>
      <trkpt lat="55.879098" lon="38.479455">
        <ele>130.792958</ele>
        <time>2025-09-19T13:19:44.802Z</time>
      </trkpt>
      <trkpt lat="55.879274" lon="38.479453">
        <ele>130.888806</ele>
        <time>2025-09-19T13:19:47.235Z</time>
      </trkpt>
      <trkpt lat="55.879396" lon="38.479452">
        <ele>130.955246</ele>
        <time>2025-09-19T13:19:48.917Z</time>
      </trkpt>
      <trkpt lat="55.880629" lon="38.479437">
        <ele>131.653286</ele>
        <time>2025-09-19T13:20:06.938Z</time>
      </trkpt>
      <trkpt lat="55.881015" lon="38.479491">
        <ele>131.876496</ele>
        <time>2025-09-19T13:20:12.340Z</time>
      </trkpt>
      <trkpt lat="55.881139" lon="38.479539">
        <ele>131.949646</ele>
        <time>2025-09-19T13:20:14.035Z</time>
      </trkpt>
      <trkpt lat="55.881177" lon="38.479565">
        <ele>131.973111</ele>
        <time>2025-09-19T13:20:14.584Z</time>
      </trkpt>
      <trkpt lat="55.881648" lon="38.479902">
        <ele>132.198985</ele>
        <time>2025-09-19T13:20:21.029Z</time>
      </trkpt>
      <trkpt lat="55.882003" lon="38.480158">
        <ele>132.153208</ele>
        <time>2025-09-19T13:20:25.583Z</time>
      </trkpt>
      <trkpt lat="55.882043" lon="38.480187">
        <ele>132.148046</ele>
        <time>2025-09-19T13:20:26.122Z</time>
      </trkpt>
      <trkpt lat="55.882950" lon="38.480771">
        <ele>132.032768</ele>
        <time>2025-09-19T13:20:36.756Z</time>
      </trkpt>
      <trkpt lat="55.883676" lon="38.481294">
        <ele>132.083289</ele>
        <time>2025-09-19T13:20:45.604Z</time>
      </trkpt>
      <trkpt lat="55.883758" lon="38.481353">
        <ele>132.099795</ele>
        <time>2025-09-19T13:20:46.639Z</time>
      </trkpt>
      <trkpt lat="55.885093" lon="38.482282">
        <ele>132.380307</ele>
        <time>2025-09-19T13:21:05.145Z</time>
      </trkpt>
      <trkpt lat="55.885364" lon="38.482471">
        <ele>132.454176</ele>
        <time>2025-09-19T13:21:08.972Z</time>
      </trkpt>
      <trkpt lat="55.886207" lon="38.483057">
        <ele>132.683863</ele>
        <time>2025-09-19T13:21:20.585Z</time>
      </trkpt>
      <trkpt lat="55.886628" lon="38.483338">
        <ele>132.790650</ele>
        <time>2025-09-19T13:21:26.128Z</time>
      </trkpt>
      <trkpt lat="55.888570" lon="38.484635">
        <ele>133.007936</ele>
        <time>2025-09-19T13:21:51.001Z</time>
      </trkpt>
      <trkpt lat="55.888736" lon="38.484750">
        <ele>133.059523</ele>
        <time>2025-09-19T13:21:53.335Z</time>
      </trkpt>
      <trkpt lat="55.888871" lon="38.484841">
        <ele>133.101329</ele>
        <time>2025-09-19T13:21:55.245Z</time>
      </trkpt>
      <trkpt lat="55.889276" lon="38.485098">
        <ele>133.225852</ele>
        <time>2025-09-19T13:22:00.990Z</time>
      </trkpt>
      <trkpt lat="55.889925" lon="38.485523">
        <ele>133.426123</ele>
        <time>2025-09-19T13:22:10.191Z</time>
      </trkpt>
      <trkpt lat="55.890776" lon="38.486082">
        <ele>133.268631</ele>
        <time>2025-09-19T13:22:21.167Z</time>
      </trkpt>
      <trkpt lat="55.890919" lon="38.486178">
        <ele>133.238860</ele>
        <time>2025-09-19T13:22:22.903Z</time>
      </trkpt>
      <trkpt lat="55.891428" lon="38.486521">
        <ele>133.132840</ele>
        <time>2025-09-19T13:22:28.701Z</time>
      </trkpt>
      <trkpt lat="55.891498" lon="38.486569">
        <ele>133.118227</ele>
        <time>2025-09-19T13:22:29.462Z</time>
      </trkpt>
      <trkpt lat="55.891713" lon="38.486692">
        <ele>133.038436</ele>
        <time>2025-09-19T13:22:31.752Z</time>
      </trkpt>
      <trkpt lat="55.891917" lon="38.486807">
        <ele>132.881270</ele>
        <time>2025-09-19T13:22:33.857Z</time>
      </trkpt>
      <trkpt lat="55.893015" lon="38.487430">
        <ele>132.034850</ele>
        <time>2025-09-19T13:22:45.371Z</time>
      </trkpt>
      <trkpt lat="55.894072" lon="38.488030">
        <ele>131.298223</ele>
        <time>2025-09-19T13:22:57.143Z</time>
      </trkpt>
      <trkpt lat="55.894451" lon="38.488252">
        <ele>131.047170</ele>
        <time>2025-09-19T13:23:01.200Z</time>
      </trkpt>
      <trkpt lat="55.894869" lon="38.488496">
        <ele>130.770377</ele>
        <time>2025-09-19T13:23:05.604Z</time>
      </trkpt>
      <trkpt lat="55.894923" lon="38.488528">
        <ele>130.734566</ele>
        <time>2025-09-19T13:23:06.182Z</time>
      </trkpt>
      <trkpt lat="55.895446" lon="38.488834">
        <ele>130.635653</ele>
        <time>2025-09-19T13:23:11.813Z</time>
      </trkpt>
      <trkpt lat="55.896436" lon="38.489413">
        <ele>130.640206</ele>
        <time>2025-09-19T13:23:24.024Z</time>
      </trkpt>
      <trkpt lat="55.896725" lon="38.489541">
        <ele>130.641507</ele>
        <time>2025-09-19T13:23:28.428Z</time>
      </trkpt>
      <trkpt lat="55.897220" lon="38.489789">
        <ele>131.009685</ele>
        <time>2025-09-19T13:23:36.214Z</time>
      </trkpt>
      <trkpt lat="55.898634" lon="38.490540">
        <ele>132.227471</ele>
        <time>2025-09-19T13:23:57.776Z</time>
      </trkpt>
      <trkpt lat="55.899230" lon="38.490877">
        <ele>132.743751</ele>
        <time>2025-09-19T13:24:06.236Z</time>
      </trkpt>
      <trkpt lat="55.899492" lon="38.491026">
        <ele>132.970827</ele>
        <time>2025-09-19T13:24:10.027Z</time>
      </trkpt>
      <trkpt lat="55.899686" lon="38.491136">
        <ele>133.138920</ele>
        <time>2025-09-19T13:24:12.864Z</time>
      </trkpt>
      <trkpt lat="55.901577" lon="38.492226">
        <ele>134.755693</ele>
        <time>2025-09-19T13:24:43.927Z</time>
      </trkpt>
      <trkpt lat="55.904288" lon="38.493769">
        <ele>134.384960</ele>
        <time>2025-09-19T13:25:15.357Z</time>
      </trkpt>
      <trkpt lat="55.904744" lon="38.494005">
        <ele>134.225186</ele>
        <time>2025-09-19T13:25:20.442Z</time>
      </trkpt>
      <trkpt lat="55.905229" lon="38.494284">
        <ele>134.053705</ele>
        <time>2025-09-19T13:25:26.005Z</time>
      </trkpt>
      <trkpt lat="55.905570" lon="38.494567">
        <ele>133.942032</ele>
        <time>2025-09-19T13:25:30.189Z</time>
      </trkpt>
      <trkpt lat="55.906508" lon="38.495839">
        <ele>133.623468</ele>
        <time>2025-09-19T13:25:43.845Z</time>
      </trkpt>
      <trkpt lat="55.906865" lon="38.496401">
        <ele>133.482574</ele>
        <time>2025-09-19T13:25:48.706Z</time>
      </trkpt>
      <trkpt lat="55.907482" lon="38.497372">
        <ele>133.136248</ele>
        <time>2025-09-19T13:25:57.331Z</time>
      </trkpt>
      <trkpt lat="55.908346" lon="38.498875">
        <ele>132.840164</ele>
        <time>2025-09-19T13:26:10.402Z</time>
      </trkpt>
      <trkpt lat="55.908643" lon="38.499391">
        <ele>132.947501</ele>
        <time>2025-09-19T13:26:15.772Z</time>
      </trkpt>
      <trkpt lat="55.908806" lon="38.499755">
        <ele>133.015115</ele>
        <time>2025-09-19T13:26:19.165Z</time>
      </trkpt>
      <trkpt lat="55.908888" lon="38.500142">
        <ele>133.075158</ele>
        <time>2025-09-19T13:26:22.234Z</time>
      </trkpt>
      <trkpt lat="55.908899" lon="38.502029">
        <ele>133.427473</ele>
        <time>2025-09-19T13:26:36.695Z</time>
      </trkpt>
      <trkpt lat="55.908908" lon="38.502464">
        <ele>133.530659</ele>
        <time>2025-09-19T13:26:40.014Z</time>
      </trkpt>
      <trkpt lat="55.908982" lon="38.503665">
        <ele>133.817069</ele>
        <time>2025-09-19T13:26:48.906Z</time>
      </trkpt>
      <trkpt lat="55.909071" lon="38.504397">
        <ele>133.990508</ele>
        <time>2025-09-19T13:26:54.255Z</time>
      </trkpt>
      <trkpt lat="55.909221" lon="38.505068">
        <ele>134.081518</ele>
        <time>2025-09-19T13:26:59.314Z</time>
      </trkpt>
      <trkpt lat="55.909371" lon="38.505576">
        <ele>134.153854</ele>
        <time>2025-09-19T13:27:03.398Z</time>
      </trkpt>
      <trkpt lat="55.910969" lon="38.509601">
        <ele>134.584079</ele>
        <time>2025-09-19T13:27:37.944Z</time>
      </trkpt>
      <trkpt lat="55.912031" lon="38.512296">
        <ele>134.492699</ele>
        <time>2025-09-19T13:27:58.430Z</time>
      </trkpt>
      <trkpt lat="55.912457" lon="38.513339">
        <ele>134.980126</ele>
        <time>2025-09-19T13:28:09.219Z</time>
      </trkpt>
      <trkpt lat="55.913224" lon="38.515434">
        <ele>135.852001</ele>
        <time>2025-09-19T13:28:29.557Z</time>
      </trkpt>
      <trkpt lat="55.914312" lon="38.518326">
        <ele>136.313938</ele>
        <time>2025-09-19T13:28:53.531Z</time>
      </trkpt>
      <trkpt lat="55.915528" lon="38.521494">
        <ele>136.513668</ele>
        <time>2025-09-19T13:29:19.849Z</time>
      </trkpt>
      <trkpt lat="55.915924" lon="38.522977">
        <ele>136.542325</ele>
        <time>2025-09-19T13:29:31.202Z</time>
      </trkpt>
      <trkpt lat="55.915982" lon="38.523217">
        <ele>136.500682</ele>
        <time>2025-09-19T13:29:32.935Z</time>
      </trkpt>
      <trkpt lat="55.916565" lon="38.525555">
        <ele>135.525246</ele>
        <time>2025-09-19T13:29:47.699Z</time>
      </trkpt>
      <trkpt lat="55.916778" lon="38.526274">
        <ele>135.150476</ele>
        <time>2025-09-19T13:29:52.102Z</time>
      </trkpt>
      <trkpt lat="55.916981" lon="38.526636">
        <ele>134.836234</ele>
        <time>2025-09-19T13:29:54.818Z</time>
      </trkpt>
      <trkpt lat="55.917154" lon="38.526838">
        <ele>134.609856</ele>
        <time>2025-09-19T13:29:56.774Z</time>
      </trkpt>
      <trkpt lat="55.917973" lon="38.527791">
        <ele>133.539268</ele>
        <time>2025-09-19T13:30:06.154Z</time>
      </trkpt>
      <trkpt lat="55.918052" lon="38.527882">
        <ele>133.436309</ele>
        <time>2025-09-19T13:30:07.081Z</time>
      </trkpt>
      <trkpt lat="55.918144" lon="38.527996">
        <ele>133.332894</ele>
        <time>2025-09-19T13:30:08.153Z</time>
      </trkpt>
      <trkpt lat="55.918433" lon="38.528489">
        <ele>133.114696</ele>
        <time>2025-09-19T13:30:12.027Z</time>
      </trkpt>
      <trkpt lat="55.918700" lon="38.529047">
        <ele>132.890294</ele>
        <time>2025-09-19T13:30:16.126Z</time>
      </trkpt>
      <trkpt lat="55.918968" lon="38.529766">
        <ele>132.626201</ele>
        <time>2025-09-19T13:30:21.227Z</time>
      </trkpt>
      <trkpt lat="55.919145" lon="38.530705">
        <ele>132.448519</ele>
        <time>2025-09-19T13:30:27.561Z</time>
      </trkpt>
      <trkpt lat="55.919321" lon="38.532333">
        <ele>133.289028</ele>
        <time>2025-09-19T13:30:40.824Z</time>
      </trkpt>
      <trkpt lat="55.919480" lon="38.533930">
        <ele>134.106062</ele>
        <time>2025-09-19T13:30:55.460Z</time>
      </trkpt>
      <trkpt lat="55.919617" lon="38.534613">
        <ele>134.456946</ele>
        <time>2025-09-19T13:31:02.772Z</time>
      </trkpt>
      <trkpt lat="55.919726" lon="38.534991">
        <ele>134.662567</ele>
        <time>2025-09-19T13:31:06.644Z</time>
      </trkpt>
      <trkpt lat="55.919848" lon="38.535349">
        <ele>134.865233</ele>
        <time>2025-09-19T13:31:10.133Z</time>
      </trkpt>
      <trkpt lat="55.920182" lon="38.536138">
        <ele>135.343514</ele>
        <time>2025-09-19T13:31:17.464Z</time>
      </trkpt>
      <trkpt lat="55.920453" lon="38.536617">
        <ele>135.512463</ele>
        <time>2025-09-19T13:31:22.216Z</time>
      </trkpt>
      <trkpt lat="55.920750" lon="38.536981">
        <ele>135.417142</ele>
        <time>2025-09-19T13:31:26.317Z</time>
      </trkpt>
      <trkpt lat="55.921830" lon="38.537958">
        <ele>135.096799</ele>
        <time>2025-09-19T13:31:38.865Z</time>
      </trkpt>
      <trkpt lat="55.923227" lon="38.539320">
        <ele>135.534022</ele>
        <time>2025-09-19T13:31:59.228Z</time>
      </trkpt>
      <trkpt lat="55.923917" lon="38.540040">
        <ele>136.015102</ele>
        <time>2025-09-19T13:32:10.830Z</time>
      </trkpt>
      <trkpt lat="55.924065" lon="38.540283">
        <ele>136.170518</ele>
        <time>2025-09-19T13:32:13.777Z</time>
      </trkpt>
      <trkpt lat="55.924293" lon="38.540793">
        <ele>136.453036</ele>
        <time>2025-09-19T13:32:19.152Z</time>
      </trkpt>
      <trkpt lat="55.925102" lon="38.543152">
        <ele>137.483987</ele>
        <time>2025-09-19T13:32:40.899Z</time>
      </trkpt>
      <trkpt lat="55.925412" lon="38.543674">
        <ele>137.727235</ele>
        <time>2025-09-19T13:32:46.636Z</time>
      </trkpt>
      <trkpt lat="55.925844" lon="38.544118">
        <ele>138.011759</ele>
        <time>2025-09-19T13:32:53.332Z</time>
      </trkpt>
      <trkpt lat="55.926595" lon="38.544616">
        <ele>138.208243</ele>
        <time>2025-09-19T13:33:03.957Z</time>
      </trkpt>
      <trkpt lat="55.927225" lon="38.544944">
        <ele>138.355212</ele>
        <time>2025-09-19T13:33:12.197Z</time>
      </trkpt>
      <trkpt lat="55.927590" lon="38.544985">
        <ele>138.437116</ele>
        <time>2025-09-19T13:33:16.565Z</time>
      </trkpt>
      <trkpt lat="55.928180" lon="38.544949">
        <ele>138.249366</ele>
        <time>2025-09-19T13:33:23.316Z</time>
      </trkpt>
      <trkpt lat="55.929513" lon="38.544514">
        <ele>137.697130</ele>
        <time>2025-09-19T13:33:37.896Z</time>
      </trkpt>
      <trkpt lat="55.929739" lon="38.544425">
        <ele>137.448986</ele>
        <time>2025-09-19T13:33:40.211Z</time>
      </trkpt>
      <trkpt lat="55.931659" lon="38.543690">
        <ele>135.959058</ele>
        <time>2025-09-19T13:33:58.819Z</time>
      </trkpt>
      <trkpt lat="55.931959" lon="38.543691">
        <ele>135.993509</ele>
        <time>2025-09-19T13:34:02.156Z</time>
      </trkpt>
      <trkpt lat="55.932165" lon="38.543749">
        <ele>136.017458</ele>
        <time>2025-09-19T13:34:04.724Z</time>
      </trkpt>
      <trkpt lat="55.932406" lon="38.543884">
        <ele>136.046465</ele>
        <time>2025-09-19T13:34:08.106Z</time>
      </trkpt>
      <trkpt lat="55.933702" lon="38.545218">
        <ele>137.339819</ele>
        <time>2025-09-19T13:34:32.890Z</time>
      </trkpt>
      <trkpt lat="55.934341" lon="38.545754">
        <ele>138.231375</ele>
        <time>2025-09-19T13:34:44.403Z</time>
      </trkpt>
      <trkpt lat="55.938131" lon="38.546865">
        <ele>140.122667</ele>
        <time>2025-09-19T13:35:35.112Z</time>
      </trkpt>
      <trkpt lat="55.940232" lon="38.548064">
        <ele>141.163047</ele>
        <time>2025-09-19T13:36:05.003Z</time>
      </trkpt>
      <trkpt lat="55.941033" lon="38.548394">
        <ele>141.509994</ele>
        <time>2025-09-19T13:36:16.256Z</time>
      </trkpt>
      <trkpt lat="55.942007" lon="38.548633">
        <ele>141.532551</ele>
        <time>2025-09-19T13:36:28.291Z</time>
      </trkpt>
      <trkpt lat="55.943380" lon="38.548970">
        <ele>141.052682</ele>
        <time>2025-09-19T13:36:43.097Z</time>
      </trkpt>
      <trkpt lat="55.943822" lon="38.549154">
        <ele>140.702173</ele>
        <time>2025-09-19T13:36:47.529Z</time>
      </trkpt>
      <trkpt lat="55.944260" lon="38.549435">
        <ele>140.342737</ele>
        <time>2025-09-19T13:36:52.153Z</time>
      </trkpt>
      <trkpt lat="55.944505" lon="38.549634">
        <ele>140.134870</ele>
        <time>2025-09-19T13:36:54.852Z</time>
      </trkpt>
      <trkpt lat="55.945605" lon="38.550757">
        <ele>139.535751</ele>
        <time>2025-09-19T13:37:07.845Z</time>
      </trkpt>
      <trkpt lat="55.947666" lon="38.552861">
        <ele>139.161141</ele>
        <time>2025-09-19T13:37:36.324Z</time>
      </trkpt>
      <trkpt lat="55.947956" lon="38.553092">
        <ele>139.142116</ele>
        <time>2025-09-19T13:37:39.654Z</time>
      </trkpt>
      <trkpt lat="55.948216" lon="38.553230">
        <ele>139.151740</ele>
        <time>2025-09-19T13:37:42.561Z</time>
      </trkpt>
      <trkpt lat="55.949098" lon="38.553383">
        <ele>139.250443</ele>
        <time>2025-09-19T13:37:53.452Z</time>
      </trkpt>
      <trkpt lat="55.949303" lon="38.553989">
        <ele>139.294599</ele>
        <time>2025-09-19T13:37:58.771Z</time>
      </trkpt>
      <trkpt lat="55.949910" lon="38.555786">
        <ele>138.391563</ele>
        <time>2025-09-19T13:38:13.363Z</time>
      </trkpt>
      <trkpt lat="55.950079" lon="38.556284">
        <ele>138.011735</ele>
        <time>2025-09-19T13:38:16.497Z</time>
      </trkpt>
      <trkpt lat="55.950598" lon="38.557901">
        <ele>135.812555</ele>
        <time>2025-09-19T13:38:25.240Z</time>
      </trkpt>
      <trkpt lat="55.950837" lon="38.558694">
        <ele>133.923824</ele>
        <time>2025-09-19T13:38:29.069Z</time>
      </trkpt>
      <trkpt lat="55.950904" lon="38.558942">
        <ele>133.346334</ele>
        <time>2025-09-19T13:38:30.242Z</time>
      </trkpt>
      <trkpt lat="55.951229" lon="38.560129">
        <ele>130.575243</ele>
        <time>2025-09-19T13:38:35.989Z</time>
      </trkpt>
      <trkpt lat="55.951254" lon="38.560246">
        <ele>130.427242</ele>
        <time>2025-09-19T13:38:36.555Z</time>
      </trkpt>
      <trkpt lat="55.951453" lon="38.561074">
        <ele>129.676216</ele>
        <time>2025-09-19T13:38:40.765Z</time>
      </trkpt>
      <trkpt lat="55.951527" lon="38.561821">
        <ele>129.043930</ele>
        <time>2025-09-19T13:38:44.829Z</time>
      </trkpt>
      <trkpt lat="55.951518" lon="38.562548">
        <ele>128.437836</ele>
        <time>2025-09-19T13:38:49.523Z</time>
      </trkpt>
      <trkpt lat="55.951388" lon="38.564185">
        <ele>127.539866</ele>
        <time>2025-09-19T13:38:59.260Z</time>
      </trkpt>
      <trkpt lat="55.951391" lon="38.564901">
        <ele>127.317353</ele>
        <time>2025-09-19T13:39:03.177Z</time>
      </trkpt>
      <trkpt lat="55.951437" lon="38.565505">
        <ele>127.127923</ele>
        <time>2025-09-19T13:39:06.602Z</time>
      </trkpt>
      <trkpt lat="55.951512" lon="38.565996">
        <ele>126.969761</ele>
        <time>2025-09-19T13:39:09.546Z</time>
      </trkpt>
      <trkpt lat="55.952281" lon="38.568997">
        <ele>127.004577</ele>
        <time>2025-09-19T13:39:32.048Z</time>
      </trkpt>
      <trkpt lat="55.953704" lon="38.574427">
        <ele>128.058623</ele>
        <time>2025-09-19T13:40:16.418Z</time>
      </trkpt>
      <trkpt lat="55.953896" lon="38.575484">
        <ele>128.125027</ele>
        <time>2025-09-19T13:40:23.568Z</time>
      </trkpt>
      <trkpt lat="55.953917" lon="38.576001">
        <ele>128.057263</ele>
        <time>2025-09-19T13:40:26.718Z</time>
      </trkpt>
      <trkpt lat="55.953800" lon="38.578236">
        <ele>127.763812</ele>
        <time>2025-09-19T13:40:40.206Z</time>
      </trkpt>
      <trkpt lat="55.953684" lon="38.580902">
        <ele>128.104295</ele>
        <time>2025-09-19T13:40:59.203Z</time>
      </trkpt>
      <trkpt lat="55.953559" lon="38.582716">
        <ele>128.460407</ele>
        <time>2025-09-19T13:41:13.124Z</time>
      </trkpt>
      <trkpt lat="55.953476" lon="38.583155">
        <ele>128.565261</ele>
        <time>2025-09-19T13:41:16.600Z</time>
      </trkpt>
      <trkpt lat="55.953176" lon="38.584244">
        <ele>128.839911</ele>
        <time>2025-09-19T13:41:25.493Z</time>
      </trkpt>
      <trkpt lat="55.952510" lon="38.586085">
        <ele>129.181913</ele>
        <time>2025-09-19T13:41:40.905Z</time>
      </trkpt>
      <trkpt lat="55.952249" lon="38.587167">
        <ele>129.348037</ele>
        <time>2025-09-19T13:41:49.177Z</time>
      </trkpt>
      <trkpt lat="55.951494" lon="38.592453">
        <ele>130.765285</ele>
        <time>2025-09-19T13:42:28.942Z</time>
      </trkpt>
      <trkpt lat="55.950611" lon="38.598448">
        <ele>134.342641</ele>
        <time>2025-09-19T13:43:23.443Z</time>
      </trkpt>
      <trkpt lat="55.950388" lon="38.599859">
        <ele>135.106744</ele>
        <time>2025-09-19T13:43:35.185Z</time>
      </trkpt>
      <trkpt lat="55.950159" lon="38.600685">
        <ele>135.196640</ele>
        <time>2025-09-19T13:43:41.921Z</time>
      </trkpt>
      <trkpt lat="55.949875" lon="38.601266">
        <ele>135.271862</ele>
        <time>2025-09-19T13:43:47.329Z</time>
      </trkpt>
      <trkpt lat="55.949036" lon="38.602679">
        <ele>135.355390</ele>
        <time>2025-09-19T13:44:00.736Z</time>
      </trkpt>
      <trkpt lat="55.946311" lon="38.607150">
        <ele>134.571416</ele>
        <time>2025-09-19T13:44:42.308Z</time>
      </trkpt>
      <trkpt lat="55.945992" lon="38.607694">
        <ele>134.433087</ele>
        <time>2025-09-19T13:44:47.588Z</time>
      </trkpt>
      <trkpt lat="55.945362" lon="38.608738">
        <ele>134.163550</ele>
        <time>2025-09-19T13:44:56.901Z</time>
      </trkpt>
      <trkpt lat="55.944963" lon="38.609537">
        <ele>133.977078</ele>
        <time>2025-09-19T13:45:02.890Z</time>
      </trkpt>
      <trkpt lat="55.944755" lon="38.610119">
        <ele>133.856946</ele>
        <time>2025-09-19T13:45:06.755Z</time>
      </trkpt>
      <trkpt lat="55.944018" lon="38.613300">
        <ele>134.614616</ele>
        <time>2025-09-19T13:45:30.878Z</time>
      </trkpt>
      <trkpt lat="55.943464" lon="38.614759">
        <ele>135.695226</ele>
        <time>2025-09-19T13:45:49.065Z</time>
      </trkpt>
      <trkpt lat="55.943070" lon="38.615541">
        <ele>136.545244</ele>
        <time>2025-09-19T13:46:00.123Z</time>
      </trkpt>
      <trkpt lat="55.942731" lon="38.616062">
        <ele>137.190633</ele>
        <time>2025-09-19T13:46:07.631Z</time>
      </trkpt>
      <trkpt lat="55.941643" lon="38.617396">
        <ele>137.934336</ele>
        <time>2025-09-19T13:46:24.961Z</time>
      </trkpt>
      <trkpt lat="55.939450" lon="38.619871">
        <ele>137.583744</ele>
        <time>2025-09-19T13:46:53.121Z</time>
      </trkpt>
      <trkpt lat="55.939065" lon="38.620245">
        <ele>137.649389</ele>
        <time>2025-09-19T13:46:58.810Z</time>
      </trkpt>
      <trkpt lat="55.938667" lon="38.620524">
        <ele>137.854546</ele>
        <time>2025-09-19T13:47:04.770Z</time>
      </trkpt>
      <trkpt lat="55.938320" lon="38.620674">
        <ele>138.025852</ele>
        <time>2025-09-19T13:47:10.056Z</time>
      </trkpt>
      <trkpt lat="55.938038" lon="38.620725">
        <ele>138.161852</ele>
        <time>2025-09-19T13:47:14.128Z</time>
      </trkpt>
      <trkpt lat="55.937410" lon="38.620838">
        <ele>138.357899</ele>
        <time>2025-09-19T13:47:22.499Z</time>
      </trkpt>
      <trkpt lat="55.936355" lon="38.621023">
        <ele>137.983323</ele>
        <time>2025-09-19T13:47:34.148Z</time>
      </trkpt>
      <trkpt lat="55.936171" lon="38.621113">
        <ele>137.915912</ele>
        <time>2025-09-19T13:47:36.029Z</time>
      </trkpt>
      <trkpt lat="55.935797" lon="38.621415">
        <ele>137.770871</ele>
        <time>2025-09-19T13:47:40.119Z</time>
      </trkpt>
      <trkpt lat="55.935616" lon="38.621609">
        <ele>137.699658</ele>
        <time>2025-09-19T13:47:42.259Z</time>
      </trkpt>
      <trkpt lat="55.935424" lon="38.621852">
        <ele>137.620440</ele>
        <time>2025-09-19T13:47:44.673Z</time>
      </trkpt>
      <trkpt lat="55.935243" lon="38.622203">
        <ele>137.530490</ele>
        <time>2025-09-19T13:47:47.475Z</time>
      </trkpt>
      <trkpt lat="55.935050" lon="38.622653">
        <ele>137.423633</ele>
        <time>2025-09-19T13:47:50.951Z</time>
      </trkpt>
      <trkpt lat="55.934788" lon="38.623330">
        <ele>137.268490</ele>
        <time>2025-09-19T13:47:56.242Z</time>
      </trkpt>
      <trkpt lat="55.934468" lon="38.624204">
        <ele>137.185088</ele>
        <time>2025-09-19T13:48:03.485Z</time>
      </trkpt>
      <trkpt lat="55.932296" lon="38.630183">
        <ele>137.359796</ele>
        <time>2025-09-19T13:48:51.761Z</time>
      </trkpt>
      <trkpt lat="55.929518" lon="38.637724">
        <ele>136.487604</ele>
        <time>2025-09-19T13:49:49.119Z</time>
      </trkpt>
      <trkpt lat="55.929441" lon="38.637946">
        <ele>136.426251</ele>
        <time>2025-09-19T13:49:50.682Z</time>
      </trkpt>
      <trkpt lat="55.926677" lon="38.645310">
        <ele>134.332217</ele>
        <time>2025-09-19T13:50:43.881Z</time>
      </trkpt>
      <trkpt lat="55.926394" lon="38.645833">
        <ele>134.448907</ele>
        <time>2025-09-19T13:50:48.157Z</time>
      </trkpt>
      <trkpt lat="55.926088" lon="38.646187">
        <ele>134.553361</ele>
        <time>2025-09-19T13:50:52.140Z</time>
      </trkpt>
      <trkpt lat="55.925797" lon="38.646440">
        <ele>134.646081</ele>
        <time>2025-09-19T13:50:56.118Z</time>
      </trkpt>
      <trkpt lat="55.925325" lon="38.646696">
        <ele>134.787389</ele>
        <time>2025-09-19T13:51:03.080Z</time>
      </trkpt>
      <trkpt lat="55.923871" lon="38.647310">
        <ele>137.029053</ele>
        <time>2025-09-19T13:51:29.945Z</time>
      </trkpt>
      <trkpt lat="55.923551" lon="38.647560">
        <ele>137.607441</ele>
        <time>2025-09-19T13:51:36.061Z</time>
      </trkpt>
      <trkpt lat="55.923271" lon="38.647898">
        <ele>137.836523</ele>
        <time>2025-09-19T13:51:41.496Z</time>
      </trkpt>
      <trkpt lat="55.922940" lon="38.648470">
        <ele>137.884893</ele>
        <time>2025-09-19T13:51:48.163Z</time>
      </trkpt>
      <trkpt lat="55.920495" lon="38.654776">
        <ele>137.878346</ele>
        <time>2025-09-19T13:52:37.332Z</time>
      </trkpt>
      <trkpt lat="55.920252" lon="38.655538">
        <ele>137.756862</ele>
        <time>2025-09-19T13:52:42.572Z</time>
      </trkpt>
      <trkpt lat="55.920064" lon="38.656374">
        <ele>137.570208</ele>
        <time>2025-09-19T13:52:47.888Z</time>
      </trkpt>
      <trkpt lat="55.919665" lon="38.658800">
        <ele>137.115853</ele>
        <time>2025-09-19T13:53:03.296Z</time>
      </trkpt>
      <trkpt lat="55.919605" lon="38.659548">
        <ele>137.115043</ele>
        <time>2025-09-19T13:53:08.207Z</time>
      </trkpt>
      <trkpt lat="55.919633" lon="38.660297">
        <ele>137.114238</ele>
        <time>2025-09-19T13:53:13.271Z</time>
      </trkpt>
      <trkpt lat="55.919691" lon="38.660678">
        <ele>137.113815</ele>
        <time>2025-09-19T13:53:15.994Z</time>
      </trkpt>
      <trkpt lat="55.920604" lon="38.664963">
        <ele>137.379575</ele>
        <time>2025-09-19T13:53:47.957Z</time>
      </trkpt>
      <trkpt lat="55.920994" lon="38.666724">
        <ele>137.247267</ele>
        <time>2025-09-19T13:53:59.889Z</time>
      </trkpt>
      <trkpt lat="55.921282" lon="38.668097">
        <ele>137.146779</ele>
        <time>2025-09-19T13:54:09.033Z</time>
      </trkpt>
      <trkpt lat="55.921794" lon="38.670547">
        <ele>136.973288</ele>
        <time>2025-09-19T13:54:26.052Z</time>
      </trkpt>
      <trkpt lat="55.921994" lon="38.671214">
        <ele>137.010384</ele>
        <time>2025-09-19T13:54:31.162Z</time>
      </trkpt>
      <trkpt lat="55.922169" lon="38.671537">
        <ele>137.035494</ele>
        <time>2025-09-19T13:54:34.287Z</time>
      </trkpt>
      <trkpt lat="55.922261" lon="38.671645">
        <ele>137.046478</ele>
        <time>2025-09-19T13:54:35.658Z</time>
      </trkpt>
      <trkpt lat="55.922759" lon="38.672137">
        <ele>137.103251</ele>
        <time>2025-09-19T13:54:42.837Z</time>
      </trkpt>
      <trkpt lat="55.922950" lon="38.672280">
        <ele>137.123910</ele>
        <time>2025-09-19T13:54:45.479Z</time>
      </trkpt>
      <trkpt lat="55.924031" lon="38.673085">
        <ele>136.882489</ele>
        <time>2025-09-19T13:54:59.063Z</time>
      </trkpt>
      <trkpt lat="55.924516" lon="38.673466">
        <ele>136.726964</ele>
        <time>2025-09-19T13:55:04.614Z</time>
      </trkpt>
      <trkpt lat="55.924706" lon="38.673645">
        <ele>136.663907</ele>
        <time>2025-09-19T13:55:06.853Z</time>
      </trkpt>
      <trkpt lat="55.924913" lon="38.673900">
        <ele>136.616173</ele>
        <time>2025-09-19T13:55:09.458Z</time>
      </trkpt>
      <trkpt lat="55.925091" lon="38.674179">
        <ele>136.603528</ele>
        <time>2025-09-19T13:55:11.920Z</time>
      </trkpt>
      <trkpt lat="55.925240" lon="38.674480">
        <ele>136.591515</ele>
        <time>2025-09-19T13:55:14.340Z</time>
      </trkpt>
      <trkpt lat="55.925710" lon="38.675737">
        <ele>136.546318</ele>
        <time>2025-09-19T13:55:24.637Z</time>
      </trkpt>
      <trkpt lat="55.925900" lon="38.676623">
        <ele>136.478363</ele>
        <time>2025-09-19T13:55:31.539Z</time>
      </trkpt>
      <trkpt lat="55.925981" lon="38.677651">
        <ele>136.293970</ele>
        <time>2025-09-19T13:55:38.809Z</time>
      </trkpt>
      <trkpt lat="55.926438" lon="38.684607">
        <ele>135.222605</ele>
        <time>2025-09-19T13:56:20.855Z</time>
      </trkpt>
      <trkpt lat="55.926699" lon="38.688475">
        <ele>135.374060</ele>
        <time>2025-09-19T13:56:48.709Z</time>
      </trkpt>
      <trkpt lat="55.926980" lon="38.692576">
        <ele>135.197215</ele>
        <time>2025-09-19T13:57:15.333Z</time>
      </trkpt>
      <trkpt lat="55.927048" lon="38.694111">
        <ele>134.877435</ele>
        <time>2025-09-19T13:57:24.641Z</time>
      </trkpt>
      <trkpt lat="55.927040" lon="38.695011">
        <ele>134.690502</ele>
        <time>2025-09-19T13:57:30.028Z</time>
      </trkpt>
      <trkpt lat="55.926873" lon="38.697201">
        <ele>134.254751</ele>
        <time>2025-09-19T13:57:43.329Z</time>
      </trkpt>
      <trkpt lat="55.926585" lon="38.700977">
        <ele>133.710192</ele>
        <time>2025-09-19T13:58:07.041Z</time>
      </trkpt>
      <trkpt lat="55.925935" lon="38.709256">
        <ele>133.657984</ele>
        <time>2025-09-19T13:59:02.797Z</time>
      </trkpt>
      <trkpt lat="55.925715" lon="38.712062">
        <ele>133.883711</ele>
        <time>2025-09-19T13:59:22.041Z</time>
      </trkpt>
      <trkpt lat="55.925209" lon="38.717450">
        <ele>135.019578</ele>
        <time>2025-09-19T14:00:01.911Z</time>
      </trkpt>
      <trkpt lat="55.925055" lon="38.718805">
        <ele>135.512835</ele>
        <time>2025-09-19T14:00:13.115Z</time>
      </trkpt>
      <trkpt lat="55.924829" lon="38.720175">
        <ele>136.063975</ele>
        <time>2025-09-19T14:00:24.717Z</time>
      </trkpt>
      <trkpt lat="55.924484" lon="38.721654">
        <ele>136.443463</ele>
        <time>2025-09-19T14:00:36.722Z</time>
      </trkpt>
      <trkpt lat="55.924157" lon="38.722550">
        <ele>136.579262</ele>
        <time>2025-09-19T14:00:44.260Z</time>
      </trkpt>
      <trkpt lat="55.923742" lon="38.723164">
        <ele>136.701446</ele>
        <time>2025-09-19T14:00:50.806Z</time>
      </trkpt>
      <trkpt lat="55.923018" lon="38.723999">
        <ele>136.608788</ele>
        <time>2025-09-19T14:01:00.708Z</time>
      </trkpt>
      <trkpt lat="55.922740" lon="38.724324">
        <ele>136.550835</ele>
        <time>2025-09-19T14:01:04.362Z</time>
      </trkpt>
      <trkpt lat="55.921338" lon="38.725918">
        <ele>136.582305</ele>
        <time>2025-09-19T14:01:23.080Z</time>
      </trkpt>
      <trkpt lat="55.920892" lon="38.726424">
        <ele>136.675909</ele>
        <time>2025-09-19T14:01:30.258Z</time>
      </trkpt>
      <trkpt lat="55.920607" lon="38.726745">
        <ele>136.735599</ele>
        <time>2025-09-19T14:01:35.077Z</time>
      </trkpt>
      <trkpt lat="55.919658" lon="38.727821">
        <ele>136.789639</ele>
        <time>2025-09-19T14:01:50.215Z</time>
      </trkpt>
      <trkpt lat="55.919247" lon="38.725840">
        <ele>136.572817</ele>
        <time>2025-09-19T14:02:02.399Z</time>
      </trkpt>
      <trkpt lat="55.919162" lon="38.725491">
        <ele>136.464737</ele>
        <time>2025-09-19T14:02:04.522Z</time>
      </trkpt>
      <trkpt lat="55.919039" lon="38.725243">
        <ele>136.370674</ele>
        <time>2025-09-19T14:02:06.396Z</time>
      </trkpt>
      <trkpt lat="55.918802" lon="38.724892">
        <ele>136.214573</ele>
        <time>2025-09-19T14:02:09.550Z</time>
      </trkpt>
      <trkpt lat="55.916394" lon="38.721863">
        <ele>135.614395</ele>
        <time>2025-09-19T14:02:43.061Z</time>
      </trkpt>
      <trkpt lat="55.915128" lon="38.720314">
        <ele>135.566058</ele>
        <time>2025-09-19T14:03:01.979Z</time>
      </trkpt>
      <trkpt lat="55.914805" lon="38.720064">
        <ele>135.473543</ele>
        <time>2025-09-19T14:03:06.103Z</time>
      </trkpt>
      <trkpt lat="55.914187" lon="38.719760">
        <ele>135.305096</ele>
        <time>2025-09-19T14:03:13.014Z</time>
      </trkpt>
      <trkpt lat="55.913133" lon="38.719285">
        <ele>135.127288</ele>
        <time>2025-09-19T14:03:24.619Z</time>
      </trkpt>
      <trkpt lat="55.912686" lon="38.718962">
        <ele>135.092760</ele>
        <time>2025-09-19T14:03:30.066Z</time>
      </trkpt>
      <trkpt lat="55.912287" lon="38.718445">
        <ele>135.057456</ele>
        <time>2025-09-19T14:03:36.175Z</time>
      </trkpt>
      <trkpt lat="55.911432" lon="38.717022">
        <ele>135.134753</ele>
        <time>2025-09-19T14:03:51.520Z</time>
      </trkpt>
      <trkpt lat="55.911078" lon="38.716434">
        <ele>135.185691</ele>
        <time>2025-09-19T14:03:57.348Z</time>
      </trkpt>
      <trkpt lat="55.910972" lon="38.716257">
        <ele>135.200981</ele>
        <time>2025-09-19T14:03:59.060Z</time>
      </trkpt>
      <trkpt lat="55.908741" lon="38.712558">
        <ele>133.831993</ele>
        <time>2025-09-19T14:04:31.542Z</time>
      </trkpt>
      <trkpt lat="55.907951" lon="38.711382">
        <ele>133.215840</ele>
        <time>2025-09-19T14:04:41.847Z</time>
      </trkpt>
      <trkpt lat="55.907445" lon="38.710705">
        <ele>132.910211</ele>
        <time>2025-09-19T14:04:48.393Z</time>
      </trkpt>
      <trkpt lat="55.906147" lon="38.709164">
        <ele>132.212937</ele>
        <time>2025-09-19T14:05:05.680Z</time>
      </trkpt>
      <trkpt lat="55.902891" lon="38.705417">
        <ele>131.046050</ele>
        <time>2025-09-19T14:05:47.104Z</time>
      </trkpt>
      <trkpt lat="55.900119" lon="38.702114">
        <ele>132.967579</ele>
        <time>2025-09-19T14:06:34.493Z</time>
      </trkpt>
      <trkpt lat="55.898524" lon="38.700175">
        <ele>134.256644</ele>
        <time>2025-09-19T14:07:01.539Z</time>
      </trkpt>
      <trkpt lat="55.898210" lon="38.699881">
        <ele>134.475437</ele>
        <time>2025-09-19T14:07:06.560Z</time>
      </trkpt>
      <trkpt lat="55.897792" lon="38.699657">
        <ele>134.744712</ele>
        <time>2025-09-19T14:07:12.619Z</time>
      </trkpt>
      <trkpt lat="55.897289" lon="38.699568">
        <ele>135.001927</ele>
        <time>2025-09-19T14:07:19.426Z</time>
      </trkpt>
      <trkpt lat="55.895680" lon="38.699451">
        <ele>135.660549</ele>
        <time>2025-09-19T14:07:40.043Z</time>
      </trkpt>
      <trkpt lat="55.894647" lon="38.699327">
        <ele>136.263487</ele>
        <time>2025-09-19T14:07:55.399Z</time>
      </trkpt>
      <trkpt lat="55.894114" lon="38.699147">
        <ele>136.579401</ele>
        <time>2025-09-19T14:08:02.862Z</time>
      </trkpt>
      <trkpt lat="55.893747" lon="38.698910">
        <ele>136.512089</ele>
        <time>2025-09-19T14:08:07.564Z</time>
      </trkpt>
      <trkpt lat="55.893688" lon="38.698872">
        <ele>136.469958</ele>
        <time>2025-09-19T14:08:08.263Z</time>
      </trkpt>
      <trkpt lat="55.893202" lon="38.698557">
        <ele>136.122660</ele>
        <time>2025-09-19T14:08:13.804Z</time>
      </trkpt>
      <trkpt lat="55.892588" lon="38.698355">
        <ele>135.703324</ele>
        <time>2025-09-19T14:08:19.864Z</time>
      </trkpt>
      <trkpt lat="55.892248" lon="38.698270">
        <ele>135.472739</ele>
        <time>2025-09-19T14:08:23.070Z</time>
      </trkpt>
      <trkpt lat="55.891864" lon="38.698300">
        <ele>135.119607</ele>
        <time>2025-09-19T14:08:26.700Z</time>
      </trkpt>
      <trkpt lat="55.890943" lon="38.699003">
        <ele>134.188318</ele>
        <time>2025-09-19T14:08:36.443Z</time>
      </trkpt>
      <trkpt lat="55.887901" lon="38.701326">
        <ele>132.996166</ele>
        <time>2025-09-19T14:09:12.493Z</time>
      </trkpt>
      <trkpt lat="55.887499" lon="38.701664">
        <ele>132.956658</ele>
        <time>2025-09-19T14:09:17.727Z</time>
      </trkpt>
      <trkpt lat="55.887181" lon="38.701997">
        <ele>133.030782</ele>
        <time>2025-09-19T14:09:22.253Z</time>
      </trkpt>
      <trkpt lat="55.886236" lon="38.703934">
        <ele>134.497564</ele>
        <time>2025-09-19T14:09:43.782Z</time>
      </trkpt>
      <trkpt lat="55.885939" lon="38.704344">
        <ele>134.869069</ele>
        <time>2025-09-19T14:09:50.444Z</time>
      </trkpt>
      <trkpt lat="55.885410" lon="38.704687">
        <ele>135.387187</ele>
        <time>2025-09-19T14:10:00.387Z</time>
      </trkpt>
      <trkpt lat="55.884669" lon="38.704684">
        <ele>136.069247</ele>
        <time>2025-09-19T14:10:11.942Z</time>
      </trkpt>
      <trkpt lat="55.883933" lon="38.704577">
        <ele>136.052276</ele>
        <time>2025-09-19T14:10:19.964Z</time>
      </trkpt>
      <trkpt lat="55.883444" lon="38.704375">
        <ele>135.534808</ele>
        <time>2025-09-19T14:10:24.738Z</time>
      </trkpt>
      <trkpt lat="55.882744" lon="38.703765">
        <ele>134.731586</ele>
        <time>2025-09-19T14:10:32.024Z</time>
      </trkpt>
      <trkpt lat="55.881793" lon="38.702992">
        <ele>133.560087</ele>
        <time>2025-09-19T14:10:41.753Z</time>
      </trkpt>
      <trkpt lat="55.881112" lon="38.702185">
        <ele>132.630191</ele>
        <time>2025-09-19T14:10:49.596Z</time>
      </trkpt>
      <trkpt lat="55.879957" lon="38.700656">
        <ele>132.579215</ele>
        <time>2025-09-19T14:11:05.556Z</time>
      </trkpt>
      <trkpt lat="55.879858" lon="38.700525">
        <ele>132.584590</ele>
        <time>2025-09-19T14:11:07.286Z</time>
      </trkpt>
      <trkpt lat="55.878592" lon="38.699452">
        <ele>133.768847</ele>
        <time>2025-09-19T14:11:29.462Z</time>
      </trkpt>
      <trkpt lat="55.877176" lon="38.697461">
        <ele>134.840621</ele>
        <time>2025-09-19T14:11:56.996Z</time>
      </trkpt>
      <trkpt lat="55.875396" lon="38.694830">
        <ele>133.541815</ele>
        <time>2025-09-19T14:12:19.923Z</time>
      </trkpt>
      <trkpt lat="55.874763" lon="38.694008">
        <ele>133.190019</ele>
        <time>2025-09-19T14:12:27.422Z</time>
      </trkpt>
      <trkpt lat="55.874607" lon="38.693805">
        <ele>133.137908</ele>
        <time>2025-09-19T14:12:29.373Z</time>
      </trkpt>
      <trkpt lat="55.874259" lon="38.693456">
        <ele>133.030178</ele>
        <time>2025-09-19T14:12:33.572Z</time>
      </trkpt>
      <trkpt lat="55.873091" lon="38.692285">
        <ele>133.658907</ele>
        <time>2025-09-19T14:12:52.339Z</time>
      </trkpt>
      <trkpt lat="55.872146" lon="38.691277">
        <ele>134.901829</ele>
        <time>2025-09-19T14:13:11.155Z</time>
      </trkpt>
      <trkpt lat="55.871987" lon="38.691014">
        <ele>135.004275</ele>
        <time>2025-09-19T14:13:14.594Z</time>
      </trkpt>
      <trkpt lat="55.871762" lon="38.690491">
        <ele>135.178906</ele>
        <time>2025-09-19T14:13:19.969Z</time>
      </trkpt>
      <trkpt lat="55.871458" lon="38.689324">
        <ele>135.519834</ele>
        <time>2025-09-19T14:13:28.894Z</time>
      </trkpt>
      <trkpt lat="55.870776" lon="38.687737">
        <ele>135.948899</ele>
        <time>2025-09-19T14:13:42.437Z</time>
      </trkpt>
      <trkpt lat="55.869601" lon="38.685384">
        <ele>136.219619</ele>
        <time>2025-09-19T14:14:05.768Z</time>
      </trkpt>
      <trkpt lat="55.869418" lon="38.684791">
        <ele>136.160766</ele>
        <time>2025-09-19T14:14:10.292Z</time>
      </trkpt>
      <trkpt lat="55.868745" lon="38.681681">
        <ele>135.252325</ele>
        <time>2025-09-19T14:14:29.469Z</time>
      </trkpt>
      <trkpt lat="55.868321" lon="38.680488">
        <ele>134.690783</ele>
        <time>2025-09-19T14:14:37.314Z</time>
      </trkpt>
      <trkpt lat="55.867900" lon="38.679589">
        <ele>134.496630</ele>
        <time>2025-09-19T14:14:44.249Z</time>
      </trkpt>
      <trkpt lat="55.867456" lon="38.679022">
        <ele>134.335222</ele>
        <time>2025-09-19T14:14:50.728Z</time>
      </trkpt>
      <trkpt lat="55.866462" lon="38.678070">
        <ele>133.821198</ele>
        <time>2025-09-19T14:15:04.051Z</time>
      </trkpt>
      <trkpt lat="55.864530" lon="38.676256">
        <ele>132.377996</ele>
        <time>2025-09-19T14:15:25.698Z</time>
      </trkpt>
      <trkpt lat="55.863439" lon="38.675427">
        <ele>131.775971</ele>
        <time>2025-09-19T14:15:38.010Z</time>
      </trkpt>
      <trkpt lat="55.862169" lon="38.674493">
        <ele>131.790719</ele>
        <time>2025-09-19T14:15:54.922Z</time>
      </trkpt>
      <trkpt lat="55.859367" lon="38.672432">
        <ele>133.265727</ele>
        <time>2025-09-19T14:16:35.483Z</time>
      </trkpt>
      <trkpt lat="55.859030" lon="38.672139">
        <ele>133.492154</ele>
        <time>2025-09-19T14:16:40.961Z</time>
      </trkpt>
      <trkpt lat="55.858427" lon="38.671304">
        <ele>134.038483</ele>
        <time>2025-09-19T14:16:52.248Z</time>
      </trkpt>
      <trkpt lat="55.856199" lon="38.667997">
        <ele>136.188552</ele>
        <time>2025-09-19T14:17:33.283Z</time>
      </trkpt>
      <trkpt lat="55.855818" lon="38.667345">
        <ele>136.410842</ele>
        <time>2025-09-19T14:17:40.708Z</time>
      </trkpt>
      <trkpt lat="55.855567" lon="38.666824">
        <ele>136.508679</ele>
        <time>2025-09-19T14:17:46.026Z</time>
      </trkpt>
      <trkpt lat="55.855240" lon="38.666092">
        <ele>136.641990</ele>
        <time>2025-09-19T14:17:52.498Z</time>
      </trkpt>
      <trkpt lat="55.854923" lon="38.665499">
        <ele>136.758682</ele>
        <time>2025-09-19T14:17:57.797Z</time>
      </trkpt>
      <trkpt lat="55.854644" lon="38.665001">
        <ele>136.867286</ele>
        <time>2025-09-19T14:18:02.192Z</time>
      </trkpt>
      <trkpt lat="55.854097" lon="38.664085">
        <ele>137.078442</ele>
        <time>2025-09-19T14:18:11.054Z</time>
      </trkpt>
      <trkpt lat="55.853372" lon="38.663189">
        <ele>137.418657</ele>
        <time>2025-09-19T14:18:23.392Z</time>
      </trkpt>
      <trkpt lat="55.852949" lon="38.662725">
        <ele>137.887824</ele>
        <time>2025-09-19T14:18:31.129Z</time>
      </trkpt>
      <trkpt lat="55.852829" lon="38.662595">
        <ele>138.020469</ele>
        <time>2025-09-19T14:18:33.274Z</time>
      </trkpt>
      <trkpt lat="55.852192" lon="38.661898">
        <ele>138.726511</ele>
        <time>2025-09-19T14:18:44.772Z</time>
      </trkpt>
      <trkpt lat="55.852021" lon="38.661719">
        <ele>138.913832</ele>
        <time>2025-09-19T14:18:47.779Z</time>
      </trkpt>
      <trkpt lat="55.851060" lon="38.660802">
        <ele>139.194172</ele>
        <time>2025-09-19T14:19:02.084Z</time>
      </trkpt>
      <trkpt lat="55.850994" lon="38.660670">
        <ele>139.214520</ele>
        <time>2025-09-19T14:19:03.311Z</time>
      </trkpt>
      <trkpt lat="55.850931" lon="38.660540">
        <ele>139.234291</ele>
        <time>2025-09-19T14:19:04.435Z</time>
      </trkpt>
      <trkpt lat="55.850839" lon="38.660363">
        <ele>139.262059</ele>
        <time>2025-09-19T14:19:06.015Z</time>
      </trkpt>
      <trkpt lat="55.850559" lon="38.660101">
        <ele>139.326918</ele>
        <time>2025-09-19T14:19:09.596Z</time>
      </trkpt>
      <trkpt lat="55.850265" lon="38.659843">
        <ele>139.331622</ele>
        <time>2025-09-19T14:19:13.195Z</time>
      </trkpt>
      <trkpt lat="55.850114" lon="38.659711">
        <ele>139.310725</ele>
        <time>2025-09-19T14:19:15.020Z</time>
      </trkpt>
      <trkpt lat="55.849984" lon="38.659600">
        <ele>139.292815</ele>
        <time>2025-09-19T14:19:16.557Z</time>
      </trkpt>
      <trkpt lat="55.848315" lon="38.658175">
        <ele>139.105128</ele>
        <time>2025-09-19T14:19:38.363Z</time>
      </trkpt>
      <trkpt lat="55.847341" lon="38.657380">
        <ele>139.053684</ele>
        <time>2025-09-19T14:19:50.936Z</time>
      </trkpt>
      <trkpt lat="55.846818" lon="38.657094">
        <ele>138.974773</ele>
        <time>2025-09-19T14:19:57.128Z</time>
      </trkpt>
      <trkpt lat="55.846661" lon="38.657006">
        <ele>138.943714</ele>
        <time>2025-09-19T14:19:58.986Z</time>
      </trkpt>
      <trkpt lat="55.845966" lon="38.656772">
        <ele>138.810239</ele>
        <time>2025-09-19T14:20:06.881Z</time>
      </trkpt>
      <trkpt lat="55.844309" lon="38.656106">
        <ele>138.707835</ele>
        <time>2025-09-19T14:20:26.204Z</time>
      </trkpt>
      <trkpt lat="55.843990" lon="38.655930">
        <ele>138.708380</ele>
        <time>2025-09-19T14:20:30.342Z</time>
      </trkpt>
      <trkpt lat="55.843713" lon="38.655682">
        <ele>138.708887</ele>
        <time>2025-09-19T14:20:34.306Z</time>
      </trkpt>
      <trkpt lat="55.843440" lon="38.655364">
        <ele>138.799648</ele>
        <time>2025-09-19T14:20:38.613Z</time>
      </trkpt>
      <trkpt lat="55.842642" lon="38.654310">
        <ele>139.083494</ele>
        <time>2025-09-19T14:20:51.477Z</time>
      </trkpt>
      <trkpt lat="55.842080" lon="38.653567">
        <ele>139.285151</ele>
        <time>2025-09-19T14:21:00.272Z</time>
      </trkpt>
      <trkpt lat="55.841906" lon="38.653337">
        <ele>139.348781</ele>
        <time>2025-09-19T14:21:02.964Z</time>
      </trkpt>
      <trkpt lat="55.840536" lon="38.651549">
        <ele>139.724024</ele>
        <time>2025-09-19T14:21:24.884Z</time>
      </trkpt>
      <trkpt lat="55.840169" lon="38.651068">
        <ele>139.686710</ele>
        <time>2025-09-19T14:21:30.267Z</time>
      </trkpt>
      <trkpt lat="55.839858" lon="38.650616">
        <ele>139.653839</ele>
        <time>2025-09-19T14:21:34.708Z</time>
      </trkpt>
      <trkpt lat="55.839726" lon="38.650405">
        <ele>139.639314</ele>
        <time>2025-09-19T14:21:36.626Z</time>
      </trkpt>
      <trkpt lat="55.839321" lon="38.649735">
        <ele>139.687292</ele>
        <time>2025-09-19T14:21:42.607Z</time>
      </trkpt>
      <trkpt lat="55.839106" lon="38.649432">
        <ele>139.882455</ele>
        <time>2025-09-19T14:21:45.750Z</time>
      </trkpt>
      <trkpt lat="55.838889" lon="38.649236">
        <ele>140.055651</ele>
        <time>2025-09-19T14:21:48.781Z</time>
      </trkpt>
      <trkpt lat="55.838673" lon="38.649143">
        <ele>140.213833</ele>
        <time>2025-09-19T14:21:51.871Z</time>
      </trkpt>
      <trkpt lat="55.838287" lon="38.649155">
        <ele>140.488636</ele>
        <time>2025-09-19T14:21:57.925Z</time>
      </trkpt>
      <trkpt lat="55.837292" lon="38.649626">
        <ele>141.060987</ele>
        <time>2025-09-19T14:22:15.126Z</time>
      </trkpt>
      <trkpt lat="55.836611" lon="38.649960">
        <ele>141.324684</ele>
        <time>2025-09-19T14:22:25.154Z</time>
      </trkpt>
      <trkpt lat="55.834406" lon="38.650757">
        <ele>139.976365</ele>
        <time>2025-09-19T14:22:47.267Z</time>
      </trkpt>
      <trkpt lat="55.833594" lon="38.651157">
        <ele>139.334963</ele>
        <time>2025-09-19T14:22:55.522Z</time>
      </trkpt>
      <trkpt lat="55.832616" lon="38.651638">
        <ele>138.614211</ele>
        <time>2025-09-19T14:23:06.055Z</time>
      </trkpt>
      <trkpt lat="55.830549" lon="38.652700">
        <ele>137.987981</ele>
        <time>2025-09-19T14:23:30.062Z</time>
      </trkpt>
      <trkpt lat="55.830139" lon="38.652854">
        <ele>137.914075</ele>
        <time>2025-09-19T14:23:34.644Z</time>
      </trkpt>
      <trkpt lat="55.829359" lon="38.653109">
        <ele>137.774202</ele>
        <time>2025-09-19T14:23:43.474Z</time>
      </trkpt>
      <trkpt lat="55.828553" lon="38.653372">
        <ele>137.644309</ele>
        <time>2025-09-19T14:23:53.577Z</time>
      </trkpt>
      <trkpt lat="55.828216" lon="38.653438">
        <ele>137.594908</ele>
        <time>2025-09-19T14:23:57.597Z</time>
      </trkpt>
      <trkpt lat="55.827755" lon="38.653452">
        <ele>137.527726</ele>
        <time>2025-09-19T14:24:02.826Z</time>
      </trkpt>
      <trkpt lat="55.827458" lon="38.653393">
        <ele>137.484181</ele>
        <time>2025-09-19T14:24:06.114Z</time>
      </trkpt>
      <trkpt lat="55.827246" lon="38.653311">
        <ele>137.452570</ele>
        <time>2025-09-19T14:24:08.442Z</time>
      </trkpt>
      <trkpt lat="55.826938" lon="38.653125">
        <ele>137.290623</ele>
        <time>2025-09-19T14:24:11.834Z</time>
      </trkpt>
      <trkpt lat="55.826751" lon="38.652975">
        <ele>137.187241</ele>
        <time>2025-09-19T14:24:13.944Z</time>
      </trkpt>
      <trkpt lat="55.825275" lon="38.651515">
        <ele>136.510117</ele>
        <time>2025-09-19T14:24:31.857Z</time>
      </trkpt>
      <trkpt lat="55.824738" lon="38.650993">
        <ele>136.458407</ele>
        <time>2025-09-19T14:24:38.903Z</time>
      </trkpt>
      <trkpt lat="55.824578" lon="38.650845">
        <ele>136.443167</ele>
        <time>2025-09-19T14:24:41.029Z</time>
      </trkpt>
      <trkpt lat="55.824320" lon="38.650647">
        <ele>136.419422</ele>
        <time>2025-09-19T14:24:44.425Z</time>
      </trkpt>
      <trkpt lat="55.823934" lon="38.650565">
        <ele>136.394366</ele>
        <time>2025-09-19T14:24:49.354Z</time>
      </trkpt>
      <trkpt lat="55.823673" lon="38.650615">
        <ele>136.398467</ele>
        <time>2025-09-19T14:24:52.778Z</time>
      </trkpt>
      <trkpt lat="55.823372" lon="38.650745">
        <ele>136.403306</ele>
        <time>2025-09-19T14:24:56.907Z</time>
      </trkpt>
      <trkpt lat="55.822133" lon="38.651413">
        <ele>136.259988</ele>
        <time>2025-09-19T14:25:12.210Z</time>
      </trkpt>
      <trkpt lat="55.821831" lon="38.651576">
        <ele>135.911549</ele>
        <time>2025-09-19T14:25:15.362Z</time>
      </trkpt>
      <trkpt lat="55.820612" lon="38.652234">
        <ele>134.505087</ele>
        <time>2025-09-19T14:25:27.053Z</time>
      </trkpt>
      <trkpt lat="55.819063" lon="38.653070">
        <ele>133.123423</ele>
        <time>2025-09-19T14:25:42.953Z</time>
      </trkpt>
      <trkpt lat="55.817870" lon="38.653683">
        <ele>132.701937</ele>
        <time>2025-09-19T14:25:57.601Z</time>
      </trkpt>
      <trkpt lat="55.817527" lon="38.653822">
        <ele>132.625712</ele>
        <time>2025-09-19T14:26:01.659Z</time>
      </trkpt>
      <trkpt lat="55.817306" lon="38.653895">
        <ele>132.577007</ele>
        <time>2025-09-19T14:26:04.133Z</time>
      </trkpt>
      <trkpt lat="55.815817" lon="38.654241">
        <ele>132.074801</ele>
        <time>2025-09-19T14:26:20.003Z</time>
      </trkpt>
      <trkpt lat="55.814029" lon="38.654451">
        <ele>131.377090</ele>
        <time>2025-09-19T14:26:40.899Z</time>
      </trkpt>
      <trkpt lat="55.813968" lon="38.654458">
        <ele>131.352429</ele>
        <time>2025-09-19T14:26:41.541Z</time>
      </trkpt>
      <trkpt lat="55.813775" lon="38.654482">
        <ele>131.274377</ele>
        <time>2025-09-19T14:26:43.531Z</time>
      </trkpt>
      <trkpt lat="55.812977" lon="38.654580">
        <ele>130.490687</ele>
        <time>2025-09-19T14:26:51.152Z</time>
      </trkpt>
      <trkpt lat="55.812087" lon="38.654709">
        <ele>129.349574</ele>
        <time>2025-09-19T14:26:59.315Z</time>
      </trkpt>
      <trkpt lat="55.811952" lon="38.654728">
        <ele>129.176516</ele>
        <time>2025-09-19T14:27:00.580Z</time>
      </trkpt>
      <trkpt lat="55.810920" lon="38.654754">
        <ele>128.252455</ele>
        <time>2025-09-19T14:27:10.609Z</time>
      </trkpt>
      <trkpt lat="55.810086" lon="38.654609">
        <ele>127.601000</ele>
        <time>2025-09-19T14:27:19.393Z</time>
      </trkpt>
      <trkpt lat="55.809359" lon="38.654384">
        <ele>127.343395</ele>
        <time>2025-09-19T14:27:27.404Z</time>
      </trkpt>
      <trkpt lat="55.807478" lon="38.653652">
        <ele>127.045011</ele>
        <time>2025-09-19T14:27:49.592Z</time>
      </trkpt>
      <trkpt lat="55.805864" lon="38.653024">
        <ele>126.980314</ele>
        <time>2025-09-19T14:28:09.176Z</time>
      </trkpt>
      <trkpt lat="55.805062" lon="38.652713">
        <ele>126.950739</ele>
        <time>2025-09-19T14:28:18.858Z</time>
      </trkpt>
      <trkpt lat="55.804850" lon="38.652628">
        <ele>126.942908</ele>
        <time>2025-09-19T14:28:21.518Z</time>
      </trkpt>
      <trkpt lat="55.804142" lon="38.652347">
        <ele>126.727338</ele>
        <time>2025-09-19T14:28:29.678Z</time>
      </trkpt>
      <trkpt lat="55.803788" lon="38.652206">
        <ele>126.579898</ele>
        <time>2025-09-19T14:28:33.554Z</time>
      </trkpt>
      <trkpt lat="55.803176" lon="38.651970">
        <ele>126.325384</ele>
        <time>2025-09-19T14:28:40.093Z</time>
      </trkpt>
      <trkpt lat="55.802542" lon="38.651824">
        <ele>126.042327</ele>
        <time>2025-09-19T14:28:46.808Z</time>
      </trkpt>
      <trkpt lat="55.801904" lon="38.651768">
        <ele>125.739203</ele>
        <time>2025-09-19T14:28:54.033Z</time>
      </trkpt>
      <trkpt lat="55.801276" lon="38.651805">
        <ele>125.441028</ele>
        <time>2025-09-19T14:29:01.105Z</time>
      </trkpt>
      <trkpt lat="55.800622" lon="38.651936">
        <ele>124.913483</ele>
        <time>2025-09-19T14:29:07.363Z</time>
      </trkpt>
      <trkpt lat="55.800682" lon="38.653268">
        <ele>124.211375</ele>
        <time>2025-09-19T14:29:14.575Z</time>
      </trkpt>
      <trkpt lat="55.800762" lon="38.654688">
        <ele>123.652086</ele>
        <time>2025-09-19T14:29:22.538Z</time>
      </trkpt>
      <trkpt lat="55.801036" lon="38.659538">
        <ele>123.711824</ele>
        <time>2025-09-19T14:29:56.177Z</time>
      </trkpt>
      <trkpt lat="55.801472" lon="38.663556">
        <ele>123.886319</ele>
        <time>2025-09-19T14:30:24.847Z</time>
      </trkpt>
      <trkpt lat="55.801582" lon="38.664310">
        <ele>123.671777</ele>
        <time>2025-09-19T14:30:29.537Z</time>
      </trkpt>
      <trkpt lat="55.802033" lon="38.667366">
        <ele>122.525617</ele>
        <time>2025-09-19T14:30:47.047Z</time>
      </trkpt>
      <trkpt lat="55.802129" lon="38.667826">
        <ele>122.465255</ele>
        <time>2025-09-19T14:30:49.890Z</time>
      </trkpt>
      <trkpt lat="55.802332" lon="38.669141">
        <ele>122.297502</ele>
        <time>2025-09-19T14:30:58.537Z</time>
      </trkpt>
      <trkpt lat="55.802496" lon="38.670400">
        <ele>122.334106</ele>
        <time>2025-09-19T14:31:08.163Z</time>
      </trkpt>
      <trkpt lat="55.802655" lon="38.671670">
        <ele>122.743408</ele>
        <time>2025-09-19T14:31:18.781Z</time>
      </trkpt>
      <trkpt lat="55.802674" lon="38.671823">
        <ele>122.792699</ele>
        <time>2025-09-19T14:31:19.984Z</time>
      </trkpt>
      <trkpt lat="55.802808" lon="38.673087">
        <ele>123.197332</ele>
        <time>2025-09-19T14:31:29.706Z</time>
      </trkpt>
      <trkpt lat="55.802814" lon="38.673658">
        <ele>123.235287</ele>
        <time>2025-09-19T14:31:33.706Z</time>
      </trkpt>
      <trkpt lat="55.802753" lon="38.674414">
        <ele>123.282973</ele>
        <time>2025-09-19T14:31:39.074Z</time>
      </trkpt>
      <trkpt lat="55.802636" lon="38.675188">
        <ele>123.333016</ele>
        <time>2025-09-19T14:31:44.325Z</time>
      </trkpt>
      <trkpt lat="55.802348" lon="38.676981">
        <ele>123.424612</ele>
        <time>2025-09-19T14:31:56.708Z</time>
      </trkpt>
      <trkpt lat="55.802260" lon="38.677367">
        <ele>123.437556</ele>
        <time>2025-09-19T14:31:59.534Z</time>
      </trkpt>
      <trkpt lat="55.802140" lon="38.677741">
        <ele>123.450938</ele>
        <time>2025-09-19T14:32:02.374Z</time>
      </trkpt>
      <trkpt lat="55.802016" lon="38.678027">
        <ele>123.462163</ele>
        <time>2025-09-19T14:32:04.810Z</time>
      </trkpt>
      <trkpt lat="55.801721" lon="38.678523">
        <ele>123.484603</ele>
        <time>2025-09-19T14:32:09.655Z</time>
      </trkpt>
      <trkpt lat="55.801354" lon="38.678968">
        <ele>123.559476</ele>
        <time>2025-09-19T14:32:15.256Z</time>
      </trkpt>
      <trkpt lat="55.801136" lon="38.679305">
        <ele>123.658195</ele>
        <time>2025-09-19T14:32:18.996Z</time>
      </trkpt>
      <trkpt lat="55.801053" lon="38.679518">
        <ele>123.707991</ele>
        <time>2025-09-19T14:32:20.850Z</time>
      </trkpt>
      <trkpt lat="55.801008" lon="38.679753">
        <ele>123.755690</ele>
        <time>2025-09-19T14:32:22.658Z</time>
      </trkpt>
      <trkpt lat="55.800966" lon="38.680655">
        <ele>123.929586</ele>
        <time>2025-09-19T14:32:29.376Z</time>
      </trkpt>
      <trkpt lat="55.800872" lon="38.683343">
        <ele>124.434447</ele>
        <time>2025-09-19T14:32:49.297Z</time>
      </trkpt>
      <trkpt lat="55.800778" lon="38.686115">
        <ele>124.533090</ele>
        <time>2025-09-19T14:33:09.052Z</time>
      </trkpt>
      <trkpt lat="55.800141" lon="38.686074">
        <ele>124.383417</ele>
        <time>2025-09-19T14:33:15.821Z</time>
      </trkpt>
      <trkpt lat="55.800023" lon="38.686095">
        <ele>124.355571</ele>
        <time>2025-09-19T14:33:17.035Z</time>
      </trkpt>
      <trkpt lat="55.799727" lon="38.686255">
        <ele>124.282627</ele>
        <time>2025-09-19T14:33:20.160Z</time>
      </trkpt>
      <trkpt lat="55.799520" lon="38.686429">
        <ele>124.200478</ele>
        <time>2025-09-19T14:33:22.459Z</time>
      </trkpt>
      <trkpt lat="55.799094" lon="38.686870">
        <ele>124.023626</ele>
        <time>2025-09-19T14:33:27.564Z</time>
      </trkpt>
      <trkpt lat="55.797332" lon="38.688519">
        <ele>123.987199</ele>
        <time>2025-09-19T14:33:50.457Z</time>
      </trkpt>
      <trkpt lat="55.797040" lon="38.688800">
        <ele>124.113642</ele>
        <time>2025-09-19T14:33:54.795Z</time>
      </trkpt>
      <trkpt lat="55.796728" lon="38.689041">
        <ele>124.243192</ele>
        <time>2025-09-19T14:33:59.826Z</time>
      </trkpt>
      <trkpt lat="55.796446" lon="38.689145">
        <ele>124.438901</ele>
        <time>2025-09-19T14:34:04.365Z</time>
      </trkpt>
      <trkpt lat="55.796262" lon="38.689134">
        <ele>124.711982</ele>
        <time>2025-09-19T14:34:07.386Z</time>
      </trkpt>
      <trkpt lat="55.796138" lon="38.689127">
        <ele>124.896003</ele>
        <time>2025-09-19T14:34:09.418Z</time>
      </trkpt>
      <trkpt lat="55.795911" lon="38.689044">
        <ele>125.239751</ele>
        <time>2025-09-19T14:34:13.423Z</time>
      </trkpt>
      <trkpt lat="55.795644" lon="38.688852">
        <ele>125.666926</ele>
        <time>2025-09-19T14:34:18.532Z</time>
      </trkpt>
      <trkpt lat="55.795580" lon="38.688797">
        <ele>125.772354</ele>
        <time>2025-09-19T14:34:19.781Z</time>
      </trkpt>
      <trkpt lat="55.793666" lon="38.687100">
        <ele>128.492675</ele>
        <time>2025-09-19T14:34:55.211Z</time>
      </trkpt>
      <trkpt lat="55.793527" lon="38.686977">
        <ele>128.669693</ele>
        <time>2025-09-19T14:34:57.453Z</time>
      </trkpt>
      <trkpt lat="55.793449" lon="38.686909">
        <ele>128.768737</ele>
        <time>2025-09-19T14:34:58.684Z</time>
      </trkpt>
      <trkpt lat="55.791536" lon="38.685186">
        <ele>129.404007</ele>
        <time>2025-09-19T14:35:25.387Z</time>
      </trkpt>
      <trkpt lat="55.791169" lon="38.684985">
        <ele>129.290954</ele>
        <time>2025-09-19T14:35:29.807Z</time>
      </trkpt>
      <trkpt lat="55.790796" lon="38.684896">
        <ele>129.180156</ele>
        <time>2025-09-19T14:35:34.093Z</time>
      </trkpt>
      <trkpt lat="55.790408" lon="38.684930">
        <ele>129.065788</ele>
        <time>2025-09-19T14:35:38.332Z</time>
      </trkpt>
      <trkpt lat="55.789851" lon="38.685085">
        <ele>128.885192</ele>
        <time>2025-09-19T14:35:44.273Z</time>
      </trkpt>
      <trkpt lat="55.788660" lon="38.685633">
        <ele>127.622718</ele>
        <time>2025-09-19T14:35:56.321Z</time>
      </trkpt>
      <trkpt lat="55.786713" lon="38.686679">
        <ele>125.465423</ele>
        <time>2025-09-19T14:36:15.427Z</time>
      </trkpt>
      <trkpt lat="55.786594" lon="38.686740">
        <ele>125.332490</ele>
        <time>2025-09-19T14:36:16.703Z</time>
      </trkpt>
      <trkpt lat="55.786510" lon="38.686783">
        <ele>125.238664</ele>
        <time>2025-09-19T14:36:17.636Z</time>
      </trkpt>
      <trkpt lat="55.785916" lon="38.687077">
        <ele>125.237548</ele>
        <time>2025-09-19T14:36:24.711Z</time>
      </trkpt>
      <trkpt lat="55.785733" lon="38.687215">
        <ele>125.279391</ele>
        <time>2025-09-19T14:36:27.554Z</time>
      </trkpt>
      <trkpt lat="55.785541" lon="38.687414">
        <ele>125.326172</ele>
        <time>2025-09-19T14:36:30.715Z</time>
      </trkpt>
      <trkpt lat="55.785308" lon="38.687740">
        <ele>125.388580</ele>
        <time>2025-09-19T14:36:34.774Z</time>
      </trkpt>
      <trkpt lat="55.784966" lon="38.688196">
        <ele>125.478561</ele>
        <time>2025-09-19T14:36:40.496Z</time>
      </trkpt>
      <trkpt lat="55.784866" lon="38.688333">
        <ele>125.505134</ele>
        <time>2025-09-19T14:36:42.174Z</time>
      </trkpt>
      <trkpt lat="55.784518" lon="38.688755">
        <ele>125.313415</ele>
        <time>2025-09-19T14:36:47.331Z</time>
      </trkpt>
      <trkpt lat="55.783257" lon="38.690159">
        <ele>124.579673</ele>
        <time>2025-09-19T14:37:02.541Z</time>
      </trkpt>
      <trkpt lat="55.782892" lon="38.690475">
        <ele>124.280997</ele>
        <time>2025-09-19T14:37:06.590Z</time>
      </trkpt>
      <trkpt lat="55.782580" lon="38.690664">
        <ele>124.038495</ele>
        <time>2025-09-19T14:37:09.779Z</time>
      </trkpt>
      <trkpt lat="55.782424" lon="38.690699">
        <ele>123.922811</ele>
        <time>2025-09-19T14:37:11.310Z</time>
      </trkpt>
      <trkpt lat="55.782279" lon="38.690681">
        <ele>123.815870</ele>
        <time>2025-09-19T14:37:12.747Z</time>
      </trkpt>
      <trkpt lat="55.782145" lon="38.690593">
        <ele>123.710774</ele>
        <time>2025-09-19T14:37:14.196Z</time>
      </trkpt>
      <trkpt lat="55.782008" lon="38.690380">
        <ele>123.576886</ele>
        <time>2025-09-19T14:37:16.101Z</time>
      </trkpt>
      <trkpt lat="55.781878" lon="38.690039">
        <ele>123.406438</ele>
        <time>2025-09-19T14:37:18.633Z</time>
      </trkpt>
      <trkpt lat="55.781736" lon="38.689490">
        <ele>123.424039</ele>
        <time>2025-09-19T14:37:22.446Z</time>
      </trkpt>
      <trkpt lat="55.781509" lon="38.688368">
        <ele>123.700062</ele>
        <time>2025-09-19T14:37:30.087Z</time>
      </trkpt>
      <trkpt lat="55.781421" lon="38.688077">
        <ele>123.776546</ele>
        <time>2025-09-19T14:37:32.422Z</time>
      </trkpt>
      <trkpt lat="55.781297" lon="38.687834">
        <ele>123.852504</ele>
        <time>2025-09-19T14:37:34.921Z</time>
      </trkpt>
      <trkpt lat="55.781071" lon="38.687512">
        <ele>123.971713</ele>
        <time>2025-09-19T14:37:39.290Z</time>
      </trkpt>
      <trkpt lat="55.780862" lon="38.687337">
        <ele>124.066806</ele>
        <time>2025-09-19T14:37:42.982Z</time>
      </trkpt>
      <trkpt lat="55.780705" lon="38.687296">
        <ele>124.398076</ele>
        <time>2025-09-19T14:37:45.653Z</time>
      </trkpt>
      <trkpt lat="55.780437" lon="38.687325">
        <ele>124.969976</ele>
        <time>2025-09-19T14:37:50.327Z</time>
      </trkpt>
      <trkpt lat="55.779448" lon="38.687579">
        <ele>127.098422</ele>
        <time>2025-09-19T14:38:09.735Z</time>
      </trkpt>
      <trkpt lat="55.779220" lon="38.687611">
        <ele>127.585577</ele>
        <time>2025-09-19T14:38:14.631Z</time>
      </trkpt>
      <trkpt lat="55.779052" lon="38.687592">
        <ele>127.942950</ele>
        <time>2025-09-19T14:38:18.201Z</time>
      </trkpt>
      <trkpt lat="55.777298" lon="38.686954">
        <ele>131.639364</ele>
        <time>2025-09-19T14:38:51.463Z</time>
      </trkpt>
      <trkpt lat="55.777217" lon="38.686925">
        <ele>131.712713</ele>
        <time>2025-09-19T14:38:52.833Z</time>
      </trkpt>
      <trkpt lat="55.777178" lon="38.686068">
        <ele>132.141983</ele>
        <time>2025-09-19T14:39:00.234Z</time>
      </trkpt>
      <trkpt lat="55.777068" lon="38.683788">
        <ele>133.271518</ele>
        <time>2025-09-19T14:39:17.672Z</time>
      </trkpt>
      <trkpt lat="55.777064" lon="38.683621">
        <ele>133.336813</ele>
        <time>2025-09-19T14:39:19.030Z</time>
      </trkpt>
      <trkpt lat="55.777208" lon="38.683595">
        <ele>133.437344</ele>
        <time>2025-09-19T14:39:21.760Z</time>
      </trkpt>
      <trkpt lat="55.777250" lon="38.683587">
        <ele>133.466683</ele>
        <time>2025-09-19T14:39:22.581Z</time>
      </trkpt>
      <trkpt lat="55.777427" lon="38.683496">
        <ele>133.594656</ele>
        <time>2025-09-19T14:39:26.153Z</time>
      </trkpt>
      <trkpt lat="55.777604" lon="38.683271">
        <ele>133.745780</ele>
        <time>2025-09-19T14:39:30.304Z</time>
      </trkpt>
      <trkpt lat="55.777718" lon="38.682940">
        <ele>133.897395</ele>
        <time>2025-09-19T14:39:34.371Z</time>
      </trkpt>
      <trkpt lat="55.777838" lon="38.682379">
        <ele>134.131851</ele>
        <time>2025-09-19T14:39:40.458Z</time>
      </trkpt>
      <trkpt lat="55.777948" lon="38.681924">
        <ele>134.325310</ele>
        <time>2025-09-19T14:39:45.540Z</time>
      </trkpt>
      <trkpt lat="55.778224" lon="38.680624">
        <ele>134.600726</ele>
        <time>2025-09-19T14:39:59.462Z</time>
      </trkpt>
      <trkpt lat="55.778881" lon="38.677653">
        <ele>135.126503</ele>
        <time>2025-09-19T14:40:29.106Z</time>
      </trkpt>
      <trkpt lat="55.779144" lon="38.676465">
        <ele>135.445991</ele>
        <time>2025-09-19T14:40:41.143Z</time>
      </trkpt>
      <trkpt lat="55.779190" lon="38.676069">
        <ele>135.547177</ele>
        <time>2025-09-19T14:40:45.272Z</time>
      </trkpt>
      <trkpt lat="55.779194" lon="38.675917">
        <ele>135.585255</ele>
        <time>2025-09-19T14:40:46.909Z</time>
      </trkpt>
      <trkpt lat="55.779134" lon="38.675249">
        <ele>135.938909</ele>
        <time>2025-09-19T14:40:54.329Z</time>
      </trkpt>
      <trkpt lat="55.778733" lon="38.671573">
        <ele>138.077102</ele>
        <time>2025-09-19T14:41:39.791Z</time>
      </trkpt>
      <trkpt lat="55.778728" lon="38.671524">
        <ele>138.061169</ele>
        <time>2025-09-19T14:41:40.222Z</time>
      </trkpt>
      <trkpt lat="55.778719" lon="38.671411">
        <ele>138.024656</ele>
        <time>2025-09-19T14:41:41.241Z</time>
      </trkpt>
      <trkpt lat="55.778838" lon="38.671369">
        <ele>137.955639</ele>
        <time>2025-09-19T14:41:42.591Z</time>
      </trkpt>
      <trkpt lat="55.779467" lon="38.671158">
        <ele>137.591502</ele>
        <time>2025-09-19T14:41:48.490Z</time>
      </trkpt>
      <trkpt lat="55.779561" lon="38.671126">
        <ele>137.537057</ele>
        <time>2025-09-19T14:41:49.332Z</time>
      </trkpt>
      <trkpt lat="55.779794" lon="38.671049">
        <ele>137.402238</ele>
        <time>2025-09-19T14:41:51.338Z</time>
      </trkpt>
      <trkpt lat="55.780157" lon="38.670927">
        <ele>137.166530</ele>
        <time>2025-09-19T14:41:54.633Z</time>
      </trkpt>
      <trkpt lat="55.780380" lon="38.670852">
        <ele>137.013368</ele>
        <time>2025-09-19T14:41:56.641Z</time>
      </trkpt>
      <trkpt lat="55.781050" lon="38.670636">
        <ele>136.553840</ele>
        <time>2025-09-19T14:42:03.033Z</time>
      </trkpt>
      <trkpt lat="55.781154" lon="38.670596">
        <ele>136.482032</ele>
        <time>2025-09-19T14:42:04.159Z</time>
      </trkpt>
      <trkpt lat="55.781136" lon="38.670450">
        <ele>136.425307</ele>
        <time>2025-09-19T14:42:05.307Z</time>
      </trkpt>
      <trkpt lat="55.781011" lon="38.669444">
        <ele>136.256470</ele>
        <time>2025-09-19T14:42:14.307Z</time>
      </trkpt>
      <trkpt lat="55.780980" lon="38.669187">
        <ele>136.430066</ele>
        <time>2025-09-19T14:42:16.762Z</time>
      </trkpt>
      <trkpt lat="55.780808" lon="38.667767">
        <ele>137.389414</ele>
        <time>2025-09-19T14:42:30.116Z</time>
      </trkpt>
      <trkpt lat="55.780799" lon="38.667692">
        <ele>137.440063</ele>
        <time>2025-09-19T14:42:30.844Z</time>
      </trkpt>
      <trkpt lat="55.780501" lon="38.665117">
        <ele>139.184370</ele>
        <time>2025-09-19T14:42:53.393Z</time>
      </trkpt>
      <trkpt lat="55.780383" lon="38.663927">
        <ele>139.989168</ele>
        <time>2025-09-19T14:43:04.066Z</time>
      </trkpt>
      <trkpt lat="55.780365" lon="38.663742">
        <ele>140.114214</ele>
        <time>2025-09-19T14:43:05.721Z</time>
      </trkpt>
      <trkpt lat="55.780351" lon="38.663598">
        <ele>140.211545</ele>
        <time>2025-09-19T14:43:07.000Z</time>
      </trkpt>
      <trkpt lat="55.780315" lon="38.663221">
        <ele>140.458308</ele>
        <time>2025-09-19T14:43:10.575Z</time>
      </trkpt>
      <trkpt lat="55.780251" lon="38.662550">
        <ele>140.878425</ele>
        <time>2025-09-19T14:43:16.813Z</time>
      </trkpt>
      <trkpt lat="55.780235" lon="38.662379">
        <ele>140.985433</ele>
        <time>2025-09-19T14:43:18.358Z</time>
      </trkpt>
      <trkpt lat="55.780144" lon="38.661419">
        <ele>141.586393</ele>
        <time>2025-09-19T14:43:26.924Z</time>
      </trkpt>
      <trkpt lat="55.779839" lon="38.657872">
        <ele>143.172625</ele>
        <time>2025-09-19T14:43:56.146Z</time>
      </trkpt>
      <trkpt lat="55.779778" lon="38.657058">
        <ele>143.460749</ele>
        <time>2025-09-19T14:44:02.214Z</time>
      </trkpt>
      <trkpt lat="55.779757" lon="38.656843">
        <ele>143.395836</ele>
        <time>2025-09-19T14:44:03.774Z</time>
      </trkpt>
      <trkpt lat="55.779742" lon="38.656678">
        <ele>143.346116</ele>
        <time>2025-09-19T14:44:04.842Z</time>
      </trkpt>
      <trkpt lat="55.779646" lon="38.655601">
        <ele>143.021742</ele>
        <time>2025-09-19T14:44:11.815Z</time>
      </trkpt>
      <trkpt lat="55.779616" lon="38.655226">
        <ele>142.909067</ele>
        <time>2025-09-19T14:44:14.053Z</time>
      </trkpt>
      <trkpt lat="55.779563" lon="38.654625">
        <ele>142.728103</ele>
        <time>2025-09-19T14:44:17.462Z</time>
      </trkpt>
      <trkpt lat="55.779473" lon="38.653628">
        <ele>142.350380</ele>
        <time>2025-09-19T14:44:23.003Z</time>
      </trkpt>
      <trkpt lat="55.779461" lon="38.653505">
        <ele>142.278416</ele>
        <time>2025-09-19T14:44:23.599Z</time>
      </trkpt>
      <trkpt lat="55.779384" lon="38.652709">
        <ele>141.812811</ele>
        <time>2025-09-19T14:44:27.575Z</time>
      </trkpt>
      <trkpt lat="55.779357" lon="38.652395">
        <ele>141.629697</ele>
        <time>2025-09-19T14:44:29.213Z</time>
      </trkpt>
      <trkpt lat="55.779348" lon="38.652296">
        <ele>141.571886</ele>
        <time>2025-09-19T14:44:29.746Z</time>
      </trkpt>
      <trkpt lat="55.779363" lon="38.652013">
        <ele>141.408023</ele>
        <time>2025-09-19T14:44:31.225Z</time>
      </trkpt>
      <trkpt lat="55.779404" lon="38.651853">
        <ele>141.306665</ele>
        <time>2025-09-19T14:44:32.155Z</time>
      </trkpt>
      <trkpt lat="55.779473" lon="38.651777">
        <ele>141.223467</ele>
        <time>2025-09-19T14:44:32.927Z</time>
      </trkpt>
      <trkpt lat="55.779569" lon="38.651738">
        <ele>141.122527</ele>
        <time>2025-09-19T14:44:33.931Z</time>
      </trkpt>
      <trkpt lat="55.779879" lon="38.651615">
        <ele>140.796948</ele>
        <time>2025-09-19T14:44:37.497Z</time>
      </trkpt>
      <trkpt lat="55.780186" lon="38.651550">
        <ele>140.666507</ele>
        <time>2025-09-19T14:44:41.292Z</time>
      </trkpt>
      <trkpt lat="55.780327" lon="38.651516">
        <ele>140.666507</ele>
        <time>2025-09-19T14:44:43.079Z</time>
      </trkpt>
      <trkpt lat="55.780346" lon="38.651769">
        <ele>140.666507</ele>
        <time>2025-09-19T14:44:44.951Z</time>
      </trkpt>
      <trkpt lat="55.780402" lon="38.652498">
        <ele>140.666507</ele>
        <time>2025-09-19T14:44:51.471Z</time>
      </trkpt>
      <trkpt lat="55.780424" lon="38.652733">
        <ele>140.666507</ele>
        <time>2025-09-19T14:44:53.613Z</time>
      </trkpt>
    </trkseg>
  </trk>
</gpx>