<?xml version='1.0' encoding='UTF-8'?>
<gpx version="1.1" creator="https://www.komoot.de" xmlns="http://www.topografix.com/GPX/1/1" xmlns:xsi="http://www.w3.org/2001/XMLSchema-instance" xsi:schemaLocation="http://www.topografix.com/GPX/1/1 http://www.topografix.com/GPX/1/1/gpx.xsd">
  <metadata>
    <name>Odintsovo-Podolsk</name>
    <author>
      <link href="https://www.komoot.de">
        <text>komoot</text>
        <type>text/html</type>
      </link>
    </author>
  </metadata>
  <trk>
    <name>Odintsovo-Podolsk</name>
    <trkseg>
      <trkpt lat="55.672943" lon="37.280710">
        <ele>185.842517</ele>
        <time>2024-02-27T16:24:24.028Z</time>
      </trkpt>
      <trkpt lat="55.673351" lon="37.280132">
        <ele>185.842517</ele>
        <time>2024-02-27T16:24:35.531Z</time>
      </trkpt>
      <trkpt lat="55.673622" lon="37.279739">
        <ele>185.842517</ele>
        <time>2024-02-27T16:24:43.253Z</time>
      </trkpt>
      <trkpt lat="55.673706" lon="37.279618">
        <ele>185.853003</ele>
        <time>2024-02-27T16:24:45.638Z</time>
      </trkpt>
      <trkpt lat="55.674241" lon="37.278897">
        <ele>185.939791</ele>
        <time>2024-02-27T16:25:00.501Z</time>
      </trkpt>
      <trkpt lat="55.674583" lon="37.278414">
        <ele>185.996258</ele>
        <time>2024-02-27T16:25:08.544Z</time>
      </trkpt>
      <trkpt lat="55.674627" lon="37.278352">
        <ele>186.003517</ele>
        <time>2024-02-27T16:25:09.445Z</time>
      </trkpt>
      <trkpt lat="55.674936" lon="37.277955">
        <ele>186.052799</ele>
        <time>2024-02-27T16:25:16.848Z</time>
      </trkpt>
      <trkpt lat="55.675024" lon="37.277851">
        <ele>186.066457</ele>
        <time>2024-02-27T16:25:19.439Z</time>
      </trkpt>
      <trkpt lat="55.675089" lon="37.277778">
        <ele>186.080528</ele>
        <time>2024-02-27T16:25:20.921Z</time>
      </trkpt>
      <trkpt lat="55.675214" lon="37.277656">
        <ele>186.147467</ele>
        <time>2024-02-27T16:25:23.243Z</time>
      </trkpt>
      <trkpt lat="55.675937" lon="37.277003">
        <ele>186.528123</ele>
        <time>2024-02-27T16:25:38.146Z</time>
      </trkpt>
      <trkpt lat="55.676825" lon="37.276201">
        <ele>187.086497</ele>
        <time>2024-02-27T16:25:53.250Z</time>
      </trkpt>
      <trkpt lat="55.677151" lon="37.275920">
        <ele>187.457255</ele>
        <time>2024-02-27T16:25:59.935Z</time>
      </trkpt>
      <trkpt lat="55.677378" lon="37.275702">
        <ele>187.721305</ele>
        <time>2024-02-27T16:26:05.077Z</time>
      </trkpt>
      <trkpt lat="55.678167" lon="37.275008">
        <ele>188.622162</ele>
        <time>2024-02-27T16:26:22.626Z</time>
      </trkpt>
      <trkpt lat="55.678791" lon="37.274388">
        <ele>189.900431</ele>
        <time>2024-02-27T16:26:36.483Z</time>
      </trkpt>
      <trkpt lat="55.678957" lon="37.274231">
        <ele>190.269566</ele>
        <time>2024-02-27T16:26:40.930Z</time>
      </trkpt>
      <trkpt lat="55.679151" lon="37.274029">
        <ele>190.710976</ele>
        <time>2024-02-27T16:26:46.536Z</time>
      </trkpt>
      <trkpt lat="55.679946" lon="37.273313">
        <ele>192.513635</ele>
        <time>2024-02-27T16:27:07.945Z</time>
      </trkpt>
      <trkpt lat="55.681365" lon="37.272065">
        <ele>196.577377</ele>
        <time>2024-02-27T16:27:48.389Z</time>
      </trkpt>
      <trkpt lat="55.681554" lon="37.271928">
        <ele>197.072545</ele>
        <time>2024-02-27T16:27:53.029Z</time>
      </trkpt>
      <trkpt lat="55.681892" lon="37.271756">
        <ele>197.844558</ele>
        <time>2024-02-27T16:28:01.567Z</time>
      </trkpt>
      <trkpt lat="55.682465" lon="37.271658">
        <ele>199.108410</ele>
        <time>2024-02-27T16:28:16.016Z</time>
      </trkpt>
      <trkpt lat="55.682979" lon="37.271691">
        <ele>200.237633</ele>
        <time>2024-02-27T16:28:28.236Z</time>
      </trkpt>
      <trkpt lat="55.683698" lon="37.271770">
        <ele>201.225146</ele>
        <time>2024-02-27T16:28:43.511Z</time>
      </trkpt>
      <trkpt lat="55.685199" lon="37.271905">
        <ele>202.371222</ele>
        <time>2024-02-27T16:29:09.422Z</time>
      </trkpt>
      <trkpt lat="55.685521" lon="37.271929">
        <ele>202.359678</ele>
        <time>2024-02-27T16:29:14.087Z</time>
      </trkpt>
      <trkpt lat="55.687247" lon="37.272028">
        <ele>202.462898</ele>
        <time>2024-02-27T16:29:38.389Z</time>
      </trkpt>
      <trkpt lat="55.687924" lon="37.272175">
        <ele>202.723023</ele>
        <time>2024-02-27T16:29:49.564Z</time>
      </trkpt>
      <trkpt lat="55.688254" lon="37.272262">
        <ele>202.850263</ele>
        <time>2024-02-27T16:29:55.319Z</time>
      </trkpt>
      <trkpt lat="55.689197" lon="37.272621">
        <ele>203.437083</ele>
        <time>2024-02-27T16:30:12.781Z</time>
      </trkpt>
      <trkpt lat="55.690140" lon="37.272883">
        <ele>204.163261</ele>
        <time>2024-02-27T16:30:30.343Z</time>
      </trkpt>
      <trkpt lat="55.690932" lon="37.272954">
        <ele>204.354020</ele>
        <time>2024-02-27T16:30:43.552Z</time>
      </trkpt>
      <trkpt lat="55.691378" lon="37.272892">
        <ele>204.343508</ele>
        <time>2024-02-27T16:30:50.266Z</time>
      </trkpt>
      <trkpt lat="55.692254" lon="37.272619">
        <ele>204.295098</ele>
        <time>2024-02-27T16:31:02.419Z</time>
      </trkpt>
      <trkpt lat="55.692936" lon="37.272299">
        <ele>203.976070</ele>
        <time>2024-02-27T16:31:11.230Z</time>
      </trkpt>
      <trkpt lat="55.694428" lon="37.271341">
        <ele>203.840116</ele>
        <time>2024-02-27T16:31:33.164Z</time>
      </trkpt>
      <trkpt lat="55.694691" lon="37.271321">
        <ele>203.995614</ele>
        <time>2024-02-27T16:31:37.896Z</time>
      </trkpt>
      <trkpt lat="55.694926" lon="37.271441">
        <ele>204.140063</ele>
        <time>2024-02-27T16:31:42.416Z</time>
      </trkpt>
      <trkpt lat="55.694995" lon="37.271514">
        <ele>204.187517</ele>
        <time>2024-02-27T16:31:43.977Z</time>
      </trkpt>
      <trkpt lat="55.695109" lon="37.271726">
        <ele>204.285067</ele>
        <time>2024-02-27T16:31:47.034Z</time>
      </trkpt>
      <trkpt lat="55.695205" lon="37.272136">
        <ele>204.432874</ele>
        <time>2024-02-27T16:31:51.860Z</time>
      </trkpt>
      <trkpt lat="55.695202" lon="37.272480">
        <ele>204.547411</ele>
        <time>2024-02-27T16:31:55.485Z</time>
      </trkpt>
      <trkpt lat="55.695155" lon="37.272792">
        <ele>204.674617</ele>
        <time>2024-02-27T16:31:59.055Z</time>
      </trkpt>
      <trkpt lat="55.694859" lon="37.273917">
        <ele>205.187492</ele>
        <time>2024-02-27T16:32:12.944Z</time>
      </trkpt>
      <trkpt lat="55.694646" lon="37.274560">
        <ele>205.495593</ele>
        <time>2024-02-27T16:32:20.944Z</time>
      </trkpt>
      <trkpt lat="55.694503" lon="37.274854">
        <ele>205.656017</ele>
        <time>2024-02-27T16:32:24.054Z</time>
      </trkpt>
      <trkpt lat="55.694322" lon="37.275048">
        <ele>205.811008</ele>
        <time>2024-02-27T16:32:27.606Z</time>
      </trkpt>
      <trkpt lat="55.694128" lon="37.275098">
        <ele>205.849374</ele>
        <time>2024-02-27T16:32:30.103Z</time>
      </trkpt>
      <trkpt lat="55.693920" lon="37.275017">
        <ele>205.745383</ele>
        <time>2024-02-27T16:32:33.429Z</time>
      </trkpt>
      <trkpt lat="55.693793" lon="37.274876">
        <ele>205.672223</ele>
        <time>2024-02-27T16:32:35.215Z</time>
      </trkpt>
      <trkpt lat="55.693733" lon="37.274754">
        <ele>205.627658</ele>
        <time>2024-02-27T16:32:36.572Z</time>
      </trkpt>
      <trkpt lat="55.693687" lon="37.274660">
        <ele>205.593395</ele>
        <time>2024-02-27T16:32:37.585Z</time>
      </trkpt>
      <trkpt lat="55.693547" lon="37.274207">
        <ele>205.451200</ele>
        <time>2024-02-27T16:32:41.294Z</time>
      </trkpt>
      <trkpt lat="55.693506" lon="37.273997">
        <ele>205.390031</ele>
        <time>2024-02-27T16:32:43.172Z</time>
      </trkpt>
      <trkpt lat="55.693506" lon="37.273997">
        <ele>205.390031</ele>
        <time>2024-02-27T16:32:43.202Z</time>
      </trkpt>
      <trkpt lat="55.693506" lon="37.273997">
        <ele>205.390031</ele>
        <time>2024-02-27T16:32:43.202Z</time>
      </trkpt>
      <trkpt lat="55.693298" lon="37.272446">
        <ele>204.935189</ele>
        <time>2024-02-27T16:32:59.855Z</time>
      </trkpt>
      <trkpt lat="55.693090" lon="37.270896">
        <ele>204.383089</ele>
        <time>2024-02-27T16:33:16.498Z</time>
      </trkpt>
      <trkpt lat="55.692882" lon="37.269346">
        <ele>203.854043</ele>
        <time>2024-02-27T16:33:33.141Z</time>
      </trkpt>
      <trkpt lat="55.692674" lon="37.267795">
        <ele>203.468350</ele>
        <time>2024-02-27T16:33:49.796Z</time>
      </trkpt>
      <trkpt lat="55.692465" lon="37.266245">
        <ele>203.055006</ele>
        <time>2024-02-27T16:34:06.442Z</time>
      </trkpt>
      <trkpt lat="55.692257" lon="37.264695">
        <ele>202.465817</ele>
        <time>2024-02-27T16:34:23.087Z</time>
      </trkpt>
      <trkpt lat="55.692049" lon="37.263144">
        <ele>201.835463</ele>
        <time>2024-02-27T16:34:39.740Z</time>
      </trkpt>
      <trkpt lat="55.691841" lon="37.261594">
        <ele>200.942163</ele>
        <time>2024-02-27T16:34:56.383Z</time>
      </trkpt>
      <trkpt lat="55.691627" lon="37.260108">
        <ele>200.056049</ele>
        <time>2024-02-27T16:35:12.406Z</time>
      </trkpt>
      <trkpt lat="55.691413" lon="37.258623">
        <ele>198.928324</ele>
        <time>2024-02-27T16:35:28.417Z</time>
      </trkpt>
      <trkpt lat="55.691200" lon="37.257137">
        <ele>197.789476</ele>
        <time>2024-02-27T16:35:44.435Z</time>
      </trkpt>
      <trkpt lat="55.690986" lon="37.255651">
        <ele>195.995963</ele>
        <time>2024-02-27T16:36:00.458Z</time>
      </trkpt>
      <trkpt lat="55.690772" lon="37.254166">
        <ele>194.203575</ele>
        <time>2024-02-27T16:36:16.473Z</time>
      </trkpt>
      <trkpt lat="55.690772" lon="37.254166">
        <ele>194.203575</ele>
        <time>2024-02-27T16:36:16.473Z</time>
      </trkpt>
      <trkpt lat="55.690772" lon="37.254166">
        <ele>194.203575</ele>
        <time>2024-02-27T16:36:16.473Z</time>
      </trkpt>
      <trkpt lat="55.690422" lon="37.252751">
        <ele>191.885544</ele>
        <time>2024-02-27T16:36:32.621Z</time>
      </trkpt>
      <trkpt lat="55.690071" lon="37.251336">
        <ele>189.531130</ele>
        <time>2024-02-27T16:36:48.774Z</time>
      </trkpt>
      <trkpt lat="55.690071" lon="37.251336">
        <ele>189.531130</ele>
        <time>2024-02-27T16:36:48.781Z</time>
      </trkpt>
      <trkpt lat="55.689736" lon="37.250029">
        <ele>186.930640</ele>
        <time>2024-02-27T16:36:57.148Z</time>
      </trkpt>
      <trkpt lat="55.689475" lon="37.249027">
        <ele>184.880032</ele>
        <time>2024-02-27T16:37:03.414Z</time>
      </trkpt>
      <trkpt lat="55.689458" lon="37.248915">
        <ele>184.664552</ele>
        <time>2024-02-27T16:37:04.070Z</time>
      </trkpt>
      <trkpt lat="55.689392" lon="37.248486">
        <ele>183.838423</ele>
        <time>2024-02-27T16:37:06.551Z</time>
      </trkpt>
      <trkpt lat="55.689362" lon="37.248226">
        <ele>183.345389</ele>
        <time>2024-02-27T16:37:08.024Z</time>
      </trkpt>
      <trkpt lat="55.689311" lon="37.247636">
        <ele>182.019365</ele>
        <time>2024-02-27T16:37:11.304Z</time>
      </trkpt>
      <trkpt lat="55.689312" lon="37.247136">
        <ele>180.900702</ele>
        <time>2024-02-27T16:37:14.029Z</time>
      </trkpt>
      <trkpt lat="55.689355" lon="37.246596">
        <ele>179.680558</ele>
        <time>2024-02-27T16:37:17.008Z</time>
      </trkpt>
      <trkpt lat="55.689459" lon="37.245878">
        <ele>178.021983</ele>
        <time>2024-02-27T16:37:21.057Z</time>
      </trkpt>
      <trkpt lat="55.689618" lon="37.245268">
        <ele>176.518380</ele>
        <time>2024-02-27T16:37:24.725Z</time>
      </trkpt>
      <trkpt lat="55.689848" lon="37.244558">
        <ele>175.813681</ele>
        <time>2024-02-27T16:37:29.218Z</time>
      </trkpt>
      <trkpt lat="55.690483" lon="37.242970">
        <ele>174.789468</ele>
        <time>2024-02-27T16:37:42.207Z</time>
      </trkpt>
      <trkpt lat="55.690571" lon="37.242680">
        <ele>174.616216</ele>
        <time>2024-02-27T16:37:46.072Z</time>
      </trkpt>
      <trkpt lat="55.690711" lon="37.242101">
        <ele>175.726555</ele>
        <time>2024-02-27T16:37:55.633Z</time>
      </trkpt>
      <trkpt lat="55.690962" lon="37.241335">
        <ele>178.673717</ele>
        <time>2024-02-27T16:38:12.758Z</time>
      </trkpt>
      <trkpt lat="55.691061" lon="37.241111">
        <ele>179.620527</ele>
        <time>2024-02-27T16:38:19.105Z</time>
      </trkpt>
      <trkpt lat="55.691966" lon="37.238958">
        <ele>188.276381</ele>
        <time>2024-02-27T16:39:29.656Z</time>
      </trkpt>
      <trkpt lat="55.692222" lon="37.238456">
        <ele>190.347369</ele>
        <time>2024-02-27T16:39:44.373Z</time>
      </trkpt>
      <trkpt lat="55.692333" lon="37.238340">
        <ele>191.046572</ele>
        <time>2024-02-27T16:39:48.912Z</time>
      </trkpt>
      <trkpt lat="55.692537" lon="37.238220">
        <ele>192.213062</ele>
        <time>2024-02-27T16:39:55.873Z</time>
      </trkpt>
      <trkpt lat="55.693313" lon="37.237979">
        <ele>195.287824</ele>
        <time>2024-02-27T16:40:17.049Z</time>
      </trkpt>
      <trkpt lat="55.693530" lon="37.237958">
        <ele>195.598682</ele>
        <time>2024-02-27T16:40:21.837Z</time>
      </trkpt>
      <trkpt lat="55.694087" lon="37.238120">
        <ele>196.406048</ele>
        <time>2024-02-27T16:40:32.307Z</time>
      </trkpt>
      <trkpt lat="55.694362" lon="37.238126">
        <ele>196.799437</ele>
        <time>2024-02-27T16:40:36.967Z</time>
      </trkpt>
      <trkpt lat="55.694443" lon="37.238084">
        <ele>196.920146</ele>
        <time>2024-02-27T16:40:38.399Z</time>
      </trkpt>
      <trkpt lat="55.694623" lon="37.237837">
        <ele>197.245635</ele>
        <time>2024-02-27T16:40:42.435Z</time>
      </trkpt>
      <trkpt lat="55.695141" lon="37.236699">
        <ele>197.784448</ele>
        <time>2024-02-27T16:40:57.421Z</time>
      </trkpt>
      <trkpt lat="55.695585" lon="37.235613">
        <ele>198.169222</ele>
        <time>2024-02-27T16:41:10.718Z</time>
      </trkpt>
      <trkpt lat="55.695802" lon="37.234658">
        <ele>198.085559</ele>
        <time>2024-02-27T16:41:19.228Z</time>
      </trkpt>
      <trkpt lat="55.695869" lon="37.234191">
        <ele>197.781670</ele>
        <time>2024-02-27T16:41:22.801Z</time>
      </trkpt>
      <trkpt lat="55.695865" lon="37.232611">
        <ele>196.785289</ele>
        <time>2024-02-27T16:41:33.736Z</time>
      </trkpt>
      <trkpt lat="55.695886" lon="37.231530">
        <ele>195.758384</ele>
        <time>2024-02-27T16:41:40.274Z</time>
      </trkpt>
      <trkpt lat="55.695920" lon="37.231205">
        <ele>195.237852</ele>
        <time>2024-02-27T16:41:42.175Z</time>
      </trkpt>
      <trkpt lat="55.695971" lon="37.230963">
        <ele>194.830994</ele>
        <time>2024-02-27T16:41:43.627Z</time>
      </trkpt>
      <trkpt lat="55.696123" lon="37.230491">
        <ele>193.974937</ele>
        <time>2024-02-27T16:41:46.679Z</time>
      </trkpt>
      <trkpt lat="55.696261" lon="37.230278">
        <ele>193.463875</ele>
        <time>2024-02-27T16:41:48.554Z</time>
      </trkpt>
      <trkpt lat="55.697043" lon="37.229183">
        <ele>191.270471</ele>
        <time>2024-02-27T16:41:58.786Z</time>
      </trkpt>
      <trkpt lat="55.697315" lon="37.228783">
        <ele>191.211690</ele>
        <time>2024-02-27T16:42:02.904Z</time>
      </trkpt>
      <trkpt lat="55.697796" lon="37.228192">
        <ele>191.114343</ele>
        <time>2024-02-27T16:42:10.932Z</time>
      </trkpt>
      <trkpt lat="55.698628" lon="37.227105">
        <ele>192.029327</ele>
        <time>2024-02-27T16:42:33.904Z</time>
      </trkpt>
      <trkpt lat="55.699002" lon="37.226714">
        <ele>193.144276</ele>
        <time>2024-02-27T16:42:45.733Z</time>
      </trkpt>
      <trkpt lat="55.699222" lon="37.226564">
        <ele>193.749626</ele>
        <time>2024-02-27T16:42:52.513Z</time>
      </trkpt>
      <trkpt lat="55.700556" lon="37.225937">
        <ele>196.774891</ele>
        <time>2024-02-27T16:43:26.802Z</time>
      </trkpt>
      <trkpt lat="55.701456" lon="37.225488">
        <ele>198.427595</ele>
        <time>2024-02-27T16:43:46.151Z</time>
      </trkpt>
      <trkpt lat="55.702294" lon="37.225156">
        <ele>199.265958</ele>
        <time>2024-02-27T16:44:02.667Z</time>
      </trkpt>
      <trkpt lat="55.703848" lon="37.224540">
        <ele>200.080650</ele>
        <time>2024-02-27T16:44:29.194Z</time>
      </trkpt>
      <trkpt lat="55.704765" lon="37.224235">
        <ele>200.064733</ele>
        <time>2024-02-27T16:44:43.217Z</time>
      </trkpt>
      <trkpt lat="55.705411" lon="37.223892">
        <ele>199.756877</ele>
        <time>2024-02-27T16:44:52.141Z</time>
      </trkpt>
      <trkpt lat="55.705645" lon="37.223723">
        <ele>199.447819</ele>
        <time>2024-02-27T16:44:55.259Z</time>
      </trkpt>
      <trkpt lat="55.706204" lon="37.223217">
        <ele>198.680161</ele>
        <time>2024-02-27T16:45:02.674Z</time>
      </trkpt>
      <trkpt lat="55.707022" lon="37.222405">
        <ele>197.391954</ele>
        <time>2024-02-27T16:45:13.268Z</time>
      </trkpt>
      <trkpt lat="55.707191" lon="37.222198">
        <ele>197.030775</ele>
        <time>2024-02-27T16:45:15.574Z</time>
      </trkpt>
      <trkpt lat="55.707382" lon="37.221825">
        <ele>196.531260</ele>
        <time>2024-02-27T16:45:18.758Z</time>
      </trkpt>
      <trkpt lat="55.709052" lon="37.217255">
        <ele>190.588277</ele>
        <time>2024-02-27T16:45:53.049Z</time>
      </trkpt>
      <trkpt lat="55.709561" lon="37.215902">
        <ele>187.816960</ele>
        <time>2024-02-27T16:46:02.458Z</time>
      </trkpt>
      <trkpt lat="55.709722" lon="37.214992">
        <ele>186.192224</ele>
        <time>2024-02-27T16:46:07.832Z</time>
      </trkpt>
      <trkpt lat="55.709735" lon="37.214266">
        <ele>184.678127</ele>
        <time>2024-02-27T16:46:11.832Z</time>
      </trkpt>
      <trkpt lat="55.709371" lon="37.212161">
        <ele>179.742959</ele>
        <time>2024-02-27T16:46:23.843Z</time>
      </trkpt>
      <trkpt lat="55.709311" lon="37.211345">
        <ele>178.190316</ele>
        <time>2024-02-27T16:46:28.396Z</time>
      </trkpt>
      <trkpt lat="55.709316" lon="37.210444">
        <ele>176.928658</ele>
        <time>2024-02-27T16:46:33.516Z</time>
      </trkpt>
      <trkpt lat="55.709707" lon="37.209261">
        <ele>175.008200</ele>
        <time>2024-02-27T16:46:41.728Z</time>
      </trkpt>
      <trkpt lat="55.710056" lon="37.208770">
        <ele>174.250220</ele>
        <time>2024-02-27T16:46:47.144Z</time>
      </trkpt>
      <trkpt lat="55.710322" lon="37.208315">
        <ele>174.384123</ele>
        <time>2024-02-27T16:46:52.532Z</time>
      </trkpt>
      <trkpt lat="55.710559" lon="37.207724">
        <ele>174.532264</ele>
        <time>2024-02-27T16:46:59.707Z</time>
      </trkpt>
      <trkpt lat="55.711216" lon="37.205299">
        <ele>174.826789</ele>
        <time>2024-02-27T16:47:28.051Z</time>
      </trkpt>
      <trkpt lat="55.711953" lon="37.203056">
        <ele>174.133532</ele>
        <time>2024-02-27T16:47:47.746Z</time>
      </trkpt>
      <trkpt lat="55.713224" lon="37.198706">
        <ele>167.206180</ele>
        <time>2024-02-27T16:48:16.486Z</time>
      </trkpt>
      <trkpt lat="55.713334" lon="37.198376">
        <ele>166.595207</ele>
        <time>2024-02-27T16:48:18.690Z</time>
      </trkpt>
      <trkpt lat="55.713402" lon="37.198214">
        <ele>166.273301</ele>
        <time>2024-02-27T16:48:19.840Z</time>
      </trkpt>
      <trkpt lat="55.713866" lon="37.197423">
        <ele>164.506243</ele>
        <time>2024-02-27T16:48:26.429Z</time>
      </trkpt>
      <trkpt lat="55.714229" lon="37.196912">
        <ele>163.254020</ele>
        <time>2024-02-27T16:48:31.200Z</time>
      </trkpt>
      <trkpt lat="55.715684" lon="37.195918">
        <ele>159.433608</ele>
        <time>2024-02-27T16:48:47.743Z</time>
      </trkpt>
      <trkpt lat="55.717151" lon="37.194988">
        <ele>155.949441</ele>
        <time>2024-02-27T16:49:05.080Z</time>
      </trkpt>
      <trkpt lat="55.717722" lon="37.194620">
        <ele>154.334044</ele>
        <time>2024-02-27T16:49:11.547Z</time>
      </trkpt>
      <trkpt lat="55.718169" lon="37.194145">
        <ele>152.948690</ele>
        <time>2024-02-27T16:49:16.835Z</time>
      </trkpt>
      <trkpt lat="55.718758" lon="37.192885">
        <ele>149.985256</ele>
        <time>2024-02-27T16:49:26.072Z</time>
      </trkpt>
      <trkpt lat="55.718889" lon="37.192669">
        <ele>149.370025</ele>
        <time>2024-02-27T16:49:27.825Z</time>
      </trkpt>
      <trkpt lat="55.719089" lon="37.192542">
        <ele>148.639079</ele>
        <time>2024-02-27T16:49:29.889Z</time>
      </trkpt>
      <trkpt lat="55.719350" lon="37.192565">
        <ele>147.739809</ele>
        <time>2024-02-27T16:49:32.411Z</time>
      </trkpt>
      <trkpt lat="55.720206" lon="37.192828">
        <ele>145.983111</ele>
        <time>2024-02-27T16:49:41.258Z</time>
      </trkpt>
      <trkpt lat="55.720369" lon="37.192803">
        <ele>145.956721</ele>
        <time>2024-02-27T16:49:43.799Z</time>
      </trkpt>
      <trkpt lat="55.720417" lon="37.192762">
        <ele>145.948129</ele>
        <time>2024-02-27T16:49:44.332Z</time>
      </trkpt>
      <trkpt lat="55.720483" lon="37.192584">
        <ele>145.928767</ele>
        <time>2024-02-27T16:49:45.700Z</time>
      </trkpt>
      <trkpt lat="55.720498" lon="37.192251">
        <ele>145.898417</ele>
        <time>2024-02-27T16:49:49.776Z</time>
      </trkpt>
      <trkpt lat="55.720467" lon="37.192070">
        <ele>145.881230</ele>
        <time>2024-02-27T16:49:50.927Z</time>
      </trkpt>
      <trkpt lat="55.720375" lon="37.191890">
        <ele>145.859147</ele>
        <time>2024-02-27T16:49:53.623Z</time>
      </trkpt>
      <trkpt lat="55.720174" lon="37.191709">
        <ele>145.822793</ele>
        <time>2024-02-27T16:49:57.848Z</time>
      </trkpt>
      <trkpt lat="55.719773" lon="37.191563">
        <ele>145.756764</ele>
        <time>2024-02-27T16:50:06.644Z</time>
      </trkpt>
      <trkpt lat="55.719696" lon="37.191481">
        <ele>145.943969</ele>
        <time>2024-02-27T16:50:08.820Z</time>
      </trkpt>
      <trkpt lat="55.719646" lon="37.191369">
        <ele>146.162132</ele>
        <time>2024-02-27T16:50:11.345Z</time>
      </trkpt>
      <trkpt lat="55.719611" lon="37.191093">
        <ele>146.594003</ele>
        <time>2024-02-27T16:50:14.138Z</time>
      </trkpt>
      <trkpt lat="55.719672" lon="37.190768">
        <ele>147.116949</ele>
        <time>2024-02-27T16:50:19.848Z</time>
      </trkpt>
      <trkpt lat="55.719854" lon="37.190373">
        <ele>147.895986</ele>
        <time>2024-02-27T16:50:26.672Z</time>
      </trkpt>
      <trkpt lat="55.719900" lon="37.190222">
        <ele>148.158047</ele>
        <time>2024-02-27T16:50:29.906Z</time>
      </trkpt>
      <trkpt lat="55.719901" lon="37.190070">
        <ele>148.390095</ele>
        <time>2024-02-27T16:50:32.853Z</time>
      </trkpt>
      <trkpt lat="55.719829" lon="37.189797">
        <ele>148.850261</ele>
        <time>2024-02-27T16:50:38.047Z</time>
      </trkpt>
      <trkpt lat="55.719156" lon="37.188149">
        <ele>151.462029</ele>
        <time>2024-02-27T16:51:06.998Z</time>
      </trkpt>
      <trkpt lat="55.719053" lon="37.187615">
        <ele>152.002401</ele>
        <time>2024-02-27T16:51:13.552Z</time>
      </trkpt>
      <trkpt lat="55.719027" lon="37.187252">
        <ele>152.352719</ele>
        <time>2024-02-27T16:51:17.718Z</time>
      </trkpt>
      <trkpt lat="55.718844" lon="37.184592">
        <ele>154.398288</ele>
        <time>2024-02-27T16:51:47.712Z</time>
      </trkpt>
      <trkpt lat="55.718840" lon="37.184134">
        <ele>154.651846</ele>
        <time>2024-02-27T16:51:52.493Z</time>
      </trkpt>
      <trkpt lat="55.718846" lon="37.184066">
        <ele>154.689946</ele>
        <time>2024-02-27T16:51:53.460Z</time>
      </trkpt>
      <trkpt lat="55.718900" lon="37.183733">
        <ele>154.881767</ele>
        <time>2024-02-27T16:51:57.294Z</time>
      </trkpt>
      <trkpt lat="55.719321" lon="37.182309">
        <ele>155.289874</ele>
        <time>2024-02-27T16:52:12.547Z</time>
      </trkpt>
      <trkpt lat="55.719419" lon="37.182049">
        <ele>155.201143</ele>
        <time>2024-02-27T16:52:15.169Z</time>
      </trkpt>
      <trkpt lat="55.718969" lon="37.182381">
        <ele>154.955760</ele>
        <time>2024-02-27T16:52:22.498Z</time>
      </trkpt>
      <trkpt lat="55.718561" lon="37.182752">
        <ele>154.724932</ele>
        <time>2024-02-27T16:52:28.230Z</time>
      </trkpt>
      <trkpt lat="55.717879" lon="37.183305">
        <ele>154.090311</ele>
        <time>2024-02-27T16:52:36.534Z</time>
      </trkpt>
      <trkpt lat="55.717403" lon="37.183563">
        <ele>153.517760</ele>
        <time>2024-02-27T16:52:41.991Z</time>
      </trkpt>
      <trkpt lat="55.716924" lon="37.183766">
        <ele>152.951227</ele>
        <time>2024-02-27T16:52:48.087Z</time>
      </trkpt>
      <trkpt lat="55.716823" lon="37.183740">
        <ele>152.833820</ele>
        <time>2024-02-27T16:52:49.593Z</time>
      </trkpt>
      <trkpt lat="55.716755" lon="37.183655">
        <ele>152.738146</ele>
        <time>2024-02-27T16:52:50.554Z</time>
      </trkpt>
      <trkpt lat="55.716712" lon="37.183523">
        <ele>152.639334</ele>
        <time>2024-02-27T16:52:51.657Z</time>
      </trkpt>
      <trkpt lat="55.716631" lon="37.181902">
        <ele>153.227737</ele>
        <time>2024-02-27T16:53:06.705Z</time>
      </trkpt>
      <trkpt lat="55.716534" lon="37.179538">
        <ele>154.480550</ele>
        <time>2024-02-27T16:53:35.279Z</time>
      </trkpt>
      <trkpt lat="55.716525" lon="37.179480">
        <ele>154.509416</ele>
        <time>2024-02-27T16:53:35.965Z</time>
      </trkpt>
      <trkpt lat="55.716428" lon="37.178831">
        <ele>154.831595</ele>
        <time>2024-02-27T16:53:43.243Z</time>
      </trkpt>
      <trkpt lat="55.716247" lon="37.177963">
        <ele>155.275702</ele>
        <time>2024-02-27T16:53:52.281Z</time>
      </trkpt>
      <trkpt lat="55.715739" lon="37.175701">
        <ele>156.396694</ele>
        <time>2024-02-27T16:54:14.294Z</time>
      </trkpt>
      <trkpt lat="55.715570" lon="37.175097">
        <ele>156.698303</ele>
        <time>2024-02-27T16:54:21.154Z</time>
      </trkpt>
      <trkpt lat="55.715416" lon="37.174831">
        <ele>156.868892</ele>
        <time>2024-02-27T16:54:25.358Z</time>
      </trkpt>
      <trkpt lat="55.715077" lon="37.174428">
        <ele>157.211412</ele>
        <time>2024-02-27T16:54:33.600Z</time>
      </trkpt>
      <trkpt lat="55.714744" lon="37.174179">
        <ele>157.780104</ele>
        <time>2024-02-27T16:54:41.223Z</time>
      </trkpt>
      <trkpt lat="55.714460" lon="37.174051">
        <ele>158.241262</ele>
        <time>2024-02-27T16:54:47.667Z</time>
      </trkpt>
      <trkpt lat="55.714033" lon="37.173844">
        <ele>158.937911</ele>
        <time>2024-02-27T16:54:57.679Z</time>
      </trkpt>
      <trkpt lat="55.713830" lon="37.173673">
        <ele>159.291551</ele>
        <time>2024-02-27T16:55:02.781Z</time>
      </trkpt>
      <trkpt lat="55.713733" lon="37.173484">
        <ele>159.518235</ele>
        <time>2024-02-27T16:55:05.996Z</time>
      </trkpt>
      <trkpt lat="55.713651" lon="37.173132">
        <ele>159.855951</ele>
        <time>2024-02-27T16:55:10.546Z</time>
      </trkpt>
      <trkpt lat="55.713745" lon="37.170811">
        <ele>161.345166</ele>
        <time>2024-02-27T16:55:33.799Z</time>
      </trkpt>
      <trkpt lat="55.713799" lon="37.169467">
        <ele>162.470211</ele>
        <time>2024-02-27T16:55:48.822Z</time>
      </trkpt>
      <trkpt lat="55.713864" lon="37.167448">
        <ele>165.585519</ele>
        <time>2024-02-27T16:56:16.756Z</time>
      </trkpt>
      <trkpt lat="55.713860" lon="37.167175">
        <ele>166.006213</ele>
        <time>2024-02-27T16:56:21.276Z</time>
      </trkpt>
      <trkpt lat="55.713816" lon="37.166901">
        <ele>166.445120</ele>
        <time>2024-02-27T16:56:26.070Z</time>
      </trkpt>
      <trkpt lat="55.713725" lon="37.166609">
        <ele>166.997971</ele>
        <time>2024-02-27T16:56:32.162Z</time>
      </trkpt>
      <trkpt lat="55.713481" lon="37.166107">
        <ele>168.756828</ele>
        <time>2024-02-27T16:56:44.557Z</time>
      </trkpt>
      <trkpt lat="55.713279" lon="37.165896">
        <ele>169.860518</ele>
        <time>2024-02-27T16:56:52.496Z</time>
      </trkpt>
      <trkpt lat="55.712933" lon="37.165755">
        <ele>171.532229</ele>
        <time>2024-02-27T16:57:04.792Z</time>
      </trkpt>
      <trkpt lat="55.710829" lon="37.165253">
        <ele>180.604419</ele>
        <time>2024-02-27T16:58:18.557Z</time>
      </trkpt>
      <trkpt lat="55.709937" lon="37.165051">
        <ele>182.636747</ele>
        <time>2024-02-27T16:58:38.529Z</time>
      </trkpt>
      <trkpt lat="55.709428" lon="37.164901">
        <ele>182.718155</ele>
        <time>2024-02-27T16:58:46.667Z</time>
      </trkpt>
      <trkpt lat="55.709232" lon="37.164797">
        <ele>182.750432</ele>
        <time>2024-02-27T16:58:49.403Z</time>
      </trkpt>
      <trkpt lat="55.708937" lon="37.164598">
        <ele>182.800225</ele>
        <time>2024-02-27T16:58:53.493Z</time>
      </trkpt>
      <trkpt lat="55.708569" lon="37.164257">
        <ele>182.795201</ele>
        <time>2024-02-27T16:58:58.439Z</time>
      </trkpt>
      <trkpt lat="55.707614" lon="37.163074">
        <ele>181.610228</ele>
        <time>2024-02-27T16:59:11.783Z</time>
      </trkpt>
      <trkpt lat="55.706870" lon="37.162151">
        <ele>180.989504</ele>
        <time>2024-02-27T16:59:24.549Z</time>
      </trkpt>
      <trkpt lat="55.705661" lon="37.160598">
        <ele>180.815960</ele>
        <time>2024-02-27T16:59:46.363Z</time>
      </trkpt>
      <trkpt lat="55.705375" lon="37.160240">
        <ele>180.653447</ele>
        <time>2024-02-27T16:59:51.631Z</time>
      </trkpt>
      <trkpt lat="55.705117" lon="37.159892">
        <ele>180.502972</ele>
        <time>2024-02-27T16:59:56.314Z</time>
      </trkpt>
      <trkpt lat="55.704966" lon="37.159714">
        <ele>180.418797</ele>
        <time>2024-02-27T16:59:58.768Z</time>
      </trkpt>
      <trkpt lat="55.702860" lon="37.157030">
        <ele>178.411918</ele>
        <time>2024-02-27T17:00:31.393Z</time>
      </trkpt>
      <trkpt lat="55.702150" lon="37.156139">
        <ele>177.148736</ele>
        <time>2024-02-27T17:00:41.121Z</time>
      </trkpt>
      <trkpt lat="55.701815" lon="37.155735">
        <ele>176.526781</ele>
        <time>2024-02-27T17:00:45.644Z</time>
      </trkpt>
      <trkpt lat="55.701192" lon="37.154938">
        <ele>175.467632</ele>
        <time>2024-02-27T17:00:54.539Z</time>
      </trkpt>
      <trkpt lat="55.700532" lon="37.154093">
        <ele>175.018129</ele>
        <time>2024-02-27T17:01:04.366Z</time>
      </trkpt>
      <trkpt lat="55.699963" lon="37.153385">
        <ele>174.634297</ele>
        <time>2024-02-27T17:01:14.042Z</time>
      </trkpt>
      <trkpt lat="55.699645" lon="37.152989">
        <ele>174.779819</ele>
        <time>2024-02-27T17:01:20.937Z</time>
      </trkpt>
      <trkpt lat="55.699489" lon="37.152794">
        <ele>174.985550</ele>
        <time>2024-02-27T17:01:24.483Z</time>
      </trkpt>
      <trkpt lat="55.699181" lon="37.152421">
        <ele>175.387584</ele>
        <time>2024-02-27T17:01:32.044Z</time>
      </trkpt>
      <trkpt lat="55.698909" lon="37.152092">
        <ele>175.742489</ele>
        <time>2024-02-27T17:01:38.677Z</time>
      </trkpt>
      <trkpt lat="55.698639" lon="37.151747">
        <ele>176.101208</ele>
        <time>2024-02-27T17:01:45.202Z</time>
      </trkpt>
      <trkpt lat="55.698025" lon="37.150857">
        <ele>176.963517</ele>
        <time>2024-02-27T17:02:01.328Z</time>
      </trkpt>
      <trkpt lat="55.696184" lon="37.148090">
        <ele>179.600329</ele>
        <time>2024-02-27T17:02:46.511Z</time>
      </trkpt>
      <trkpt lat="55.696103" lon="37.147946">
        <ele>179.725297</ele>
        <time>2024-02-27T17:02:48.651Z</time>
      </trkpt>
      <trkpt lat="55.695526" lon="37.146948">
        <ele>180.695146</ele>
        <time>2024-02-27T17:03:04.613Z</time>
      </trkpt>
      <trkpt lat="55.695359" lon="37.146551">
        <ele>181.144428</ele>
        <time>2024-02-27T17:03:10.348Z</time>
      </trkpt>
      <trkpt lat="55.695086" lon="37.145772">
        <ele>181.976375</ele>
        <time>2024-02-27T17:03:20.799Z</time>
      </trkpt>
      <trkpt lat="55.694854" lon="37.145000">
        <ele>182.769846</ele>
        <time>2024-02-27T17:03:31.914Z</time>
      </trkpt>
      <trkpt lat="55.694611" lon="37.144175">
        <ele>183.680791</ele>
        <time>2024-02-27T17:03:44.062Z</time>
      </trkpt>
      <trkpt lat="55.694532" lon="37.143904">
        <ele>184.017322</ele>
        <time>2024-02-27T17:03:47.804Z</time>
      </trkpt>
      <trkpt lat="55.694062" lon="37.142377">
        <ele>185.936412</ele>
        <time>2024-02-27T17:04:10.641Z</time>
      </trkpt>
      <trkpt lat="55.693962" lon="37.142037">
        <ele>186.359431</ele>
        <time>2024-02-27T17:04:14.789Z</time>
      </trkpt>
      <trkpt lat="55.693673" lon="37.141101">
        <ele>187.464463</ele>
        <time>2024-02-27T17:04:28.435Z</time>
      </trkpt>
      <trkpt lat="55.693448" lon="37.140440">
        <ele>188.229769</ele>
        <time>2024-02-27T17:04:38.055Z</time>
      </trkpt>
      <trkpt lat="55.693344" lon="37.140210">
        <ele>188.522009</ele>
        <time>2024-02-27T17:04:41.937Z</time>
      </trkpt>
      <trkpt lat="55.693122" lon="37.139750">
        <ele>189.122203</ele>
        <time>2024-02-27T17:04:49.097Z</time>
      </trkpt>
      <trkpt lat="55.692039" lon="37.137488">
        <ele>192.074341</ele>
        <time>2024-02-27T17:05:25.013Z</time>
      </trkpt>
      <trkpt lat="55.691867" lon="37.137127">
        <ele>192.545234</ele>
        <time>2024-02-27T17:05:31.292Z</time>
      </trkpt>
      <trkpt lat="55.691303" lon="37.135949">
        <ele>193.737530</ele>
        <time>2024-02-27T17:05:51.023Z</time>
      </trkpt>
      <trkpt lat="55.691154" lon="37.135543">
        <ele>194.037438</ele>
        <time>2024-02-27T17:05:56.960Z</time>
      </trkpt>
      <trkpt lat="55.691015" lon="37.135092">
        <ele>194.355636</ele>
        <time>2024-02-27T17:06:02.154Z</time>
      </trkpt>
      <trkpt lat="55.690616" lon="37.133772">
        <ele>195.049463</ele>
        <time>2024-02-27T17:06:16.904Z</time>
      </trkpt>
      <trkpt lat="55.689249" lon="37.135082">
        <ele>193.915133</ele>
        <time>2024-02-27T17:06:36.251Z</time>
      </trkpt>
      <trkpt lat="55.688888" lon="37.135489">
        <ele>193.550248</ele>
        <time>2024-02-27T17:06:41.105Z</time>
      </trkpt>
      <trkpt lat="55.688576" lon="37.135980">
        <ele>193.175078</ele>
        <time>2024-02-27T17:06:46.031Z</time>
      </trkpt>
      <trkpt lat="55.687962" lon="37.137122">
        <ele>192.374841</ele>
        <time>2024-02-27T17:06:57.393Z</time>
      </trkpt>
      <trkpt lat="55.687871" lon="37.137292">
        <ele>192.255964</ele>
        <time>2024-02-27T17:06:59.363Z</time>
      </trkpt>
      <trkpt lat="55.687692" lon="37.137618">
        <ele>191.932526</ele>
        <time>2024-02-27T17:07:02.616Z</time>
      </trkpt>
      <trkpt lat="55.687467" lon="37.137857">
        <ele>191.579294</ele>
        <time>2024-02-27T17:07:06.060Z</time>
      </trkpt>
      <trkpt lat="55.687301" lon="37.137962">
        <ele>191.341917</ele>
        <time>2024-02-27T17:07:08.559Z</time>
      </trkpt>
      <trkpt lat="55.685919" lon="37.138899">
        <ele>189.110519</ele>
        <time>2024-02-27T17:07:25.157Z</time>
      </trkpt>
      <trkpt lat="55.685282" lon="37.139266">
        <ele>187.718900</ele>
        <time>2024-02-27T17:07:32.182Z</time>
      </trkpt>
      <trkpt lat="55.684958" lon="37.139358">
        <ele>187.037121</ele>
        <time>2024-02-27T17:07:35.700Z</time>
      </trkpt>
      <trkpt lat="55.684649" lon="37.139338">
        <ele>186.394654</ele>
        <time>2024-02-27T17:07:39.097Z</time>
      </trkpt>
      <trkpt lat="55.684489" lon="37.139325">
        <ele>186.061857</ele>
        <time>2024-02-27T17:07:40.977Z</time>
      </trkpt>
      <trkpt lat="55.684380" lon="37.139313">
        <ele>186.065873</ele>
        <time>2024-02-27T17:07:42.126Z</time>
      </trkpt>
      <trkpt lat="55.684320" lon="37.139304">
        <ele>186.074065</ele>
        <time>2024-02-27T17:07:42.778Z</time>
      </trkpt>
      <trkpt lat="55.684283" lon="37.139299">
        <ele>186.079113</ele>
        <time>2024-02-27T17:07:43.258Z</time>
      </trkpt>
      <trkpt lat="55.683878" lon="37.139184">
        <ele>186.134913</ele>
        <time>2024-02-27T17:07:48.289Z</time>
      </trkpt>
      <trkpt lat="55.683859" lon="37.139159">
        <ele>186.138132</ele>
        <time>2024-02-27T17:07:48.684Z</time>
      </trkpt>
      <trkpt lat="55.683827" lon="37.138965">
        <ele>186.153635</ele>
        <time>2024-02-27T17:07:50.185Z</time>
      </trkpt>
      <trkpt lat="55.683831" lon="37.138722">
        <ele>186.172280</ele>
        <time>2024-02-27T17:07:51.983Z</time>
      </trkpt>
      <trkpt lat="55.683913" lon="37.138370">
        <ele>186.201491</ele>
        <time>2024-02-27T17:07:55.774Z</time>
      </trkpt>
      <trkpt lat="55.683977" lon="37.138093">
        <ele>186.224451</ele>
        <time>2024-02-27T17:07:58.708Z</time>
      </trkpt>
      <trkpt lat="55.684038" lon="37.137830">
        <ele>186.246263</ele>
        <time>2024-02-27T17:08:01.672Z</time>
      </trkpt>
      <trkpt lat="55.684646" lon="37.135145">
        <ele>188.847745</ele>
        <time>2024-02-27T17:08:39.653Z</time>
      </trkpt>
      <trkpt lat="55.684717" lon="37.134833">
        <ele>189.230960</ele>
        <time>2024-02-27T17:08:43.998Z</time>
      </trkpt>
      <trkpt lat="55.684754" lon="37.134667">
        <ele>189.434269</ele>
        <time>2024-02-27T17:08:46.554Z</time>
      </trkpt>
      <trkpt lat="55.684842" lon="37.134099">
        <ele>190.035884</ele>
        <time>2024-02-27T17:08:54.291Z</time>
      </trkpt>
      <trkpt lat="55.684932" lon="37.131864">
        <ele>191.576919</ele>
        <time>2024-02-27T17:09:21.281Z</time>
      </trkpt>
      <trkpt lat="55.685013" lon="37.129668">
        <ele>192.041785</ele>
        <time>2024-02-27T17:09:39.088Z</time>
      </trkpt>
      <trkpt lat="55.685055" lon="37.128146">
        <ele>191.951996</ele>
        <time>2024-02-27T17:09:51.113Z</time>
      </trkpt>
      <trkpt lat="55.684998" lon="37.125806">
        <ele>191.744676</ele>
        <time>2024-02-27T17:10:10.468Z</time>
      </trkpt>
      <trkpt lat="55.684913" lon="37.124024">
        <ele>191.495606</ele>
        <time>2024-02-27T17:10:24.307Z</time>
      </trkpt>
      <trkpt lat="55.684884" lon="37.122733">
        <ele>191.216095</ele>
        <time>2024-02-27T17:10:34.133Z</time>
      </trkpt>
      <trkpt lat="55.684868" lon="37.121864">
        <ele>191.027999</ele>
        <time>2024-02-27T17:10:40.858Z</time>
      </trkpt>
      <trkpt lat="55.684848" lon="37.120786">
        <ele>190.609766</ele>
        <time>2024-02-27T17:10:48.955Z</time>
      </trkpt>
      <trkpt lat="55.684834" lon="37.120016">
        <ele>190.247239</ele>
        <time>2024-02-27T17:10:54.582Z</time>
      </trkpt>
      <trkpt lat="55.684823" lon="37.119413">
        <ele>189.963337</ele>
        <time>2024-02-27T17:10:58.861Z</time>
      </trkpt>
      <trkpt lat="55.684820" lon="37.119227">
        <ele>189.875775</ele>
        <time>2024-02-27T17:11:00.154Z</time>
      </trkpt>
      <trkpt lat="55.684818" lon="37.119130">
        <ele>189.830100</ele>
        <time>2024-02-27T17:11:00.838Z</time>
      </trkpt>
      <trkpt lat="55.684813" lon="37.118844">
        <ele>189.695452</ele>
        <time>2024-02-27T17:11:02.810Z</time>
      </trkpt>
      <trkpt lat="55.684811" lon="37.118753">
        <ele>189.652597</ele>
        <time>2024-02-27T17:11:03.445Z</time>
      </trkpt>
      <trkpt lat="55.684794" lon="37.117822">
        <ele>188.990597</ele>
        <time>2024-02-27T17:11:09.585Z</time>
      </trkpt>
      <trkpt lat="55.684782" lon="37.116816">
        <ele>188.069028</ele>
        <time>2024-02-27T17:11:15.909Z</time>
      </trkpt>
      <trkpt lat="55.684758" lon="37.114837">
        <ele>186.305719</ele>
        <time>2024-02-27T17:11:28.450Z</time>
      </trkpt>
      <trkpt lat="55.684736" lon="37.112955">
        <ele>184.895657</ele>
        <time>2024-02-27T17:11:40.740Z</time>
      </trkpt>
      <trkpt lat="55.684717" lon="37.112638">
        <ele>184.656862</ele>
        <time>2024-02-27T17:11:42.847Z</time>
      </trkpt>
      <trkpt lat="55.684731" lon="37.112324">
        <ele>184.420918</ele>
        <time>2024-02-27T17:11:45.118Z</time>
      </trkpt>
      <trkpt lat="55.684787" lon="37.111732">
        <ele>183.952732</ele>
        <time>2024-02-27T17:11:49.376Z</time>
      </trkpt>
      <trkpt lat="55.684812" lon="37.111528">
        <ele>183.779031</ele>
        <time>2024-02-27T17:11:50.852Z</time>
      </trkpt>
      <trkpt lat="55.684840" lon="37.111305">
        <ele>183.588939</ele>
        <time>2024-02-27T17:11:52.384Z</time>
      </trkpt>
      <trkpt lat="55.684889" lon="37.110911">
        <ele>183.253231</ele>
        <time>2024-02-27T17:11:55.284Z</time>
      </trkpt>
      <trkpt lat="55.684974" lon="37.110226">
        <ele>182.669639</ele>
        <time>2024-02-27T17:11:59.955Z</time>
      </trkpt>
      <trkpt lat="55.685238" lon="37.108171">
        <ele>180.457944</ele>
        <time>2024-02-27T17:12:13.080Z</time>
      </trkpt>
      <trkpt lat="55.685523" lon="37.105963">
        <ele>177.053444</ele>
        <time>2024-02-27T17:12:26.381Z</time>
      </trkpt>
      <trkpt lat="55.685646" lon="37.105044">
        <ele>175.934130</ele>
        <time>2024-02-27T17:12:31.656Z</time>
      </trkpt>
      <trkpt lat="55.685508" lon="37.104796">
        <ele>175.559523</ele>
        <time>2024-02-27T17:12:33.605Z</time>
      </trkpt>
      <trkpt lat="55.685432" lon="37.104733">
        <ele>175.399552</ele>
        <time>2024-02-27T17:12:34.416Z</time>
      </trkpt>
      <trkpt lat="55.684832" lon="37.104395">
        <ele>174.199070</ele>
        <time>2024-02-27T17:12:41.421Z</time>
      </trkpt>
      <trkpt lat="55.684255" lon="37.104055">
        <ele>173.443958</ele>
        <time>2024-02-27T17:12:49.626Z</time>
      </trkpt>
      <trkpt lat="55.683975" lon="37.103816">
        <ele>173.945639</ele>
        <time>2024-02-27T17:12:55.074Z</time>
      </trkpt>
      <trkpt lat="55.683684" lon="37.103469">
        <ele>174.511755</ele>
        <time>2024-02-27T17:13:02.157Z</time>
      </trkpt>
      <trkpt lat="55.683463" lon="37.103118">
        <ele>174.990691</ele>
        <time>2024-02-27T17:13:08.529Z</time>
      </trkpt>
      <trkpt lat="55.683314" lon="37.102721">
        <ele>175.424795</ele>
        <time>2024-02-27T17:13:14.712Z</time>
      </trkpt>
      <trkpt lat="55.683127" lon="37.101630">
        <ele>176.605504</ele>
        <time>2024-02-27T17:13:33.185Z</time>
      </trkpt>
      <trkpt lat="55.682758" lon="37.098818">
        <ele>180.468512</ele>
        <time>2024-02-27T17:14:13.039Z</time>
      </trkpt>
      <trkpt lat="55.682678" lon="37.098315">
        <ele>180.877366</ele>
        <time>2024-02-27T17:14:18.610Z</time>
      </trkpt>
      <trkpt lat="55.682544" lon="37.097678">
        <ele>181.409250</ele>
        <time>2024-02-27T17:14:25.608Z</time>
      </trkpt>
      <trkpt lat="55.682439" lon="37.097308">
        <ele>181.733303</ele>
        <time>2024-02-27T17:14:30.077Z</time>
      </trkpt>
      <trkpt lat="55.682210" lon="37.096715">
        <ele>182.295604</ele>
        <time>2024-02-27T17:14:38.180Z</time>
      </trkpt>
      <trkpt lat="55.681843" lon="37.095984">
        <ele>183.135759</ele>
        <time>2024-02-27T17:14:49.435Z</time>
      </trkpt>
      <trkpt lat="55.681690" lon="37.095701">
        <ele>183.636173</ele>
        <time>2024-02-27T17:14:54.243Z</time>
      </trkpt>
      <trkpt lat="55.681037" lon="37.095002">
        <ele>185.362737</ele>
        <time>2024-02-27T17:15:11.939Z</time>
      </trkpt>
      <trkpt lat="55.679866" lon="37.093792">
        <ele>187.401116</ele>
        <time>2024-02-27T17:15:47.866Z</time>
      </trkpt>
      <trkpt lat="55.679740" lon="37.093702">
        <ele>187.484959</ele>
        <time>2024-02-27T17:15:50.368Z</time>
      </trkpt>
      <trkpt lat="55.679483" lon="37.093604">
        <ele>187.647216</ele>
        <time>2024-02-27T17:15:54.962Z</time>
      </trkpt>
      <trkpt lat="55.679194" lon="37.093624">
        <ele>187.825736</ele>
        <time>2024-02-27T17:15:59.184Z</time>
      </trkpt>
      <trkpt lat="55.677409" lon="37.093889">
        <ele>185.825066</ele>
        <time>2024-02-27T17:16:18.901Z</time>
      </trkpt>
      <trkpt lat="55.676355" lon="37.094051">
        <ele>184.859218</ele>
        <time>2024-02-27T17:16:31.080Z</time>
      </trkpt>
      <trkpt lat="55.676247" lon="37.094068">
        <ele>184.840482</ele>
        <time>2024-02-27T17:16:32.574Z</time>
      </trkpt>
      <trkpt lat="55.675943" lon="37.094111">
        <ele>184.787783</ele>
        <time>2024-02-27T17:16:36.853Z</time>
      </trkpt>
      <trkpt lat="55.675496" lon="37.094158">
        <ele>184.710405</ele>
        <time>2024-02-27T17:16:44.597Z</time>
      </trkpt>
      <trkpt lat="55.675168" lon="37.094051">
        <ele>184.652774</ele>
        <time>2024-02-27T17:16:50.664Z</time>
      </trkpt>
      <trkpt lat="55.675056" lon="37.093968">
        <ele>184.736776</ele>
        <time>2024-02-27T17:16:52.883Z</time>
      </trkpt>
      <trkpt lat="55.674972" lon="37.093906">
        <ele>184.836787</ele>
        <time>2024-02-27T17:16:54.600Z</time>
      </trkpt>
      <trkpt lat="55.674607" lon="37.093517">
        <ele>185.304875</ele>
        <time>2024-02-27T17:17:03.046Z</time>
      </trkpt>
      <trkpt lat="55.674558" lon="37.093465">
        <ele>185.367644</ele>
        <time>2024-02-27T17:17:04.314Z</time>
      </trkpt>
      <trkpt lat="55.673036" lon="37.091870">
        <ele>187.323822</ele>
        <time>2024-02-27T17:17:38.169Z</time>
      </trkpt>
      <trkpt lat="55.672709" lon="37.091663">
        <ele>187.712633</ele>
        <time>2024-02-27T17:17:44.781Z</time>
      </trkpt>
      <trkpt lat="55.672510" lon="37.091583">
        <ele>187.941130</ele>
        <time>2024-02-27T17:17:48.733Z</time>
      </trkpt>
      <trkpt lat="55.672320" lon="37.091529">
        <ele>188.156610</ele>
        <time>2024-02-27T17:17:52.458Z</time>
      </trkpt>
      <trkpt lat="55.671949" lon="37.091513">
        <ele>188.572184</ele>
        <time>2024-02-27T17:17:59.771Z</time>
      </trkpt>
      <trkpt lat="55.671688" lon="37.091578">
        <ele>188.956730</ele>
        <time>2024-02-27T17:18:05.013Z</time>
      </trkpt>
      <trkpt lat="55.671293" lon="37.091799">
        <ele>189.600821</ele>
        <time>2024-02-27T17:18:13.477Z</time>
      </trkpt>
      <trkpt lat="55.670450" lon="37.092349">
        <ele>190.997641</ele>
        <time>2024-02-27T17:18:32.649Z</time>
      </trkpt>
      <trkpt lat="55.670089" lon="37.092544">
        <ele>191.539507</ele>
        <time>2024-02-27T17:18:41.238Z</time>
      </trkpt>
      <trkpt lat="55.669822" lon="37.092624">
        <ele>191.834523</ele>
        <time>2024-02-27T17:18:47.149Z</time>
      </trkpt>
      <trkpt lat="55.669584" lon="37.092647">
        <ele>192.094206</ele>
        <time>2024-02-27T17:18:52.126Z</time>
      </trkpt>
      <trkpt lat="55.669198" lon="37.092548">
        <ele>192.519124</ele>
        <time>2024-02-27T17:18:59.830Z</time>
      </trkpt>
      <trkpt lat="55.668815" lon="37.092365">
        <ele>192.951282</ele>
        <time>2024-02-27T17:19:07.037Z</time>
      </trkpt>
      <trkpt lat="55.668363" lon="37.092020">
        <ele>193.396074</ele>
        <time>2024-02-27T17:19:15.179Z</time>
      </trkpt>
      <trkpt lat="55.668094" lon="37.091658">
        <ele>193.404800</ele>
        <time>2024-02-27T17:19:20.480Z</time>
      </trkpt>
      <trkpt lat="55.667507" lon="37.090541">
        <ele>193.427047</ele>
        <time>2024-02-27T17:19:32.856Z</time>
      </trkpt>
      <trkpt lat="55.667161" lon="37.089882">
        <ele>193.440167</ele>
        <time>2024-02-27T17:19:40.103Z</time>
      </trkpt>
      <trkpt lat="55.666243" lon="37.091561">
        <ele>193.340707</ele>
        <time>2024-02-27T17:19:59.503Z</time>
      </trkpt>
      <trkpt lat="55.665967" lon="37.092041">
        <ele>193.311367</ele>
        <time>2024-02-27T17:20:05.003Z</time>
      </trkpt>
      <trkpt lat="55.665683" lon="37.092459">
        <ele>193.260376</ele>
        <time>2024-02-27T17:20:10.297Z</time>
      </trkpt>
      <trkpt lat="55.665526" lon="37.092628">
        <ele>193.230791</ele>
        <time>2024-02-27T17:20:12.940Z</time>
      </trkpt>
      <trkpt lat="55.665283" lon="37.092815">
        <ele>193.188123</ele>
        <time>2024-02-27T17:20:16.782Z</time>
      </trkpt>
      <trkpt lat="55.665045" lon="37.092918">
        <ele>193.148662</ele>
        <time>2024-02-27T17:20:20.271Z</time>
      </trkpt>
      <trkpt lat="55.664690" lon="37.092998">
        <ele>193.091021</ele>
        <time>2024-02-27T17:20:25.297Z</time>
      </trkpt>
      <trkpt lat="55.663853" lon="37.093136">
        <ele>193.053803</ele>
        <time>2024-02-27T17:20:37.192Z</time>
      </trkpt>
      <trkpt lat="55.662712" lon="37.093334">
        <ele>193.179094</ele>
        <time>2024-02-27T17:20:54.559Z</time>
      </trkpt>
      <trkpt lat="55.662111" lon="37.093440">
        <ele>193.695861</ele>
        <time>2024-02-27T17:21:04.148Z</time>
      </trkpt>
      <trkpt lat="55.661837" lon="37.093493">
        <ele>194.120490</ele>
        <time>2024-02-27T17:21:09.552Z</time>
      </trkpt>
      <trkpt lat="55.661612" lon="37.093590">
        <ele>194.477227</ele>
        <time>2024-02-27T17:21:14.480Z</time>
      </trkpt>
      <trkpt lat="55.660993" lon="37.094193">
        <ele>195.565349</ele>
        <time>2024-02-27T17:21:31.207Z</time>
      </trkpt>
      <trkpt lat="55.660955" lon="37.094231">
        <ele>195.632564</ele>
        <time>2024-02-27T17:21:32.286Z</time>
      </trkpt>
      <trkpt lat="55.660063" lon="37.095043">
        <ele>197.262004</ele>
        <time>2024-02-27T17:21:54.866Z</time>
      </trkpt>
      <trkpt lat="55.659243" lon="37.095787">
        <ele>198.781599</ele>
        <time>2024-02-27T17:22:15.103Z</time>
      </trkpt>
      <trkpt lat="55.658896" lon="37.096048">
        <ele>198.930426</ele>
        <time>2024-02-27T17:22:22.057Z</time>
      </trkpt>
      <trkpt lat="55.658470" lon="37.096450">
        <ele>198.898268</ele>
        <time>2024-02-27T17:22:28.921Z</time>
      </trkpt>
      <trkpt lat="55.658159" lon="37.096757">
        <ele>198.874547</ele>
        <time>2024-02-27T17:22:33.651Z</time>
      </trkpt>
      <trkpt lat="55.657916" lon="37.097059">
        <ele>198.854771</ele>
        <time>2024-02-27T17:22:37.554Z</time>
      </trkpt>
      <trkpt lat="55.657672" lon="37.097510">
        <ele>198.831281</ele>
        <time>2024-02-27T17:22:42.213Z</time>
      </trkpt>
      <trkpt lat="55.657559" lon="37.097837">
        <ele>198.675529</ele>
        <time>2024-02-27T17:22:45.090Z</time>
      </trkpt>
      <trkpt lat="55.657486" lon="37.098030">
        <ele>198.564514</ele>
        <time>2024-02-27T17:22:46.771Z</time>
      </trkpt>
      <trkpt lat="55.657065" lon="37.099500">
        <ele>197.776882</ele>
        <time>2024-02-27T17:22:58.141Z</time>
      </trkpt>
      <trkpt lat="55.656885" lon="37.099914">
        <ele>197.527161</ele>
        <time>2024-02-27T17:23:01.712Z</time>
      </trkpt>
      <trkpt lat="55.656775" lon="37.100101">
        <ele>197.398085</ele>
        <time>2024-02-27T17:23:03.590Z</time>
      </trkpt>
      <trkpt lat="55.656586" lon="37.100358">
        <ele>197.243667</ele>
        <time>2024-02-27T17:23:06.546Z</time>
      </trkpt>
      <trkpt lat="55.656403" lon="37.100544">
        <ele>197.142327</ele>
        <time>2024-02-27T17:23:09.304Z</time>
      </trkpt>
      <trkpt lat="55.656098" lon="37.100740">
        <ele>196.986473</ele>
        <time>2024-02-27T17:23:13.542Z</time>
      </trkpt>
      <trkpt lat="55.655887" lon="37.100809">
        <ele>196.883398</ele>
        <time>2024-02-27T17:23:16.332Z</time>
      </trkpt>
      <trkpt lat="55.655017" lon="37.100829">
        <ele>196.465414</ele>
        <time>2024-02-27T17:23:28.394Z</time>
      </trkpt>
      <trkpt lat="55.654167" lon="37.100711">
        <ele>196.315656</ele>
        <time>2024-02-27T17:23:40.761Z</time>
      </trkpt>
      <trkpt lat="55.653991" lon="37.100696">
        <ele>196.288018</ele>
        <time>2024-02-27T17:23:43.534Z</time>
      </trkpt>
      <trkpt lat="55.652277" lon="37.100759">
        <ele>195.897094</ele>
        <time>2024-02-27T17:24:07.245Z</time>
      </trkpt>
      <trkpt lat="55.652186" lon="37.100763">
        <ele>195.870405</ele>
        <time>2024-02-27T17:24:08.748Z</time>
      </trkpt>
      <trkpt lat="55.651846" lon="37.100779">
        <ele>195.770686</ele>
        <time>2024-02-27T17:24:13.508Z</time>
      </trkpt>
      <trkpt lat="55.651186" lon="37.100792">
        <ele>195.601842</ele>
        <time>2024-02-27T17:24:22.504Z</time>
      </trkpt>
      <trkpt lat="55.650336" lon="37.100808">
        <ele>195.464447</ele>
        <time>2024-02-27T17:24:33.889Z</time>
      </trkpt>
      <trkpt lat="55.649220" lon="37.100831">
        <ele>195.603860</ele>
        <time>2024-02-27T17:24:50.715Z</time>
      </trkpt>
      <trkpt lat="55.647099" lon="37.100855">
        <ele>197.576700</ele>
        <time>2024-02-27T17:25:29.958Z</time>
      </trkpt>
      <trkpt lat="55.646554" lon="37.100864">
        <ele>198.305443</ele>
        <time>2024-02-27T17:25:41.886Z</time>
      </trkpt>
      <trkpt lat="55.646391" lon="37.100867">
        <ele>198.523399</ele>
        <time>2024-02-27T17:25:45.450Z</time>
      </trkpt>
      <trkpt lat="55.646180" lon="37.100870">
        <ele>198.805533</ele>
        <time>2024-02-27T17:25:50.225Z</time>
      </trkpt>
      <trkpt lat="55.646133" lon="37.100871">
        <ele>198.868381</ele>
        <time>2024-02-27T17:25:51.297Z</time>
      </trkpt>
      <trkpt lat="55.645843" lon="37.100881">
        <ele>199.099080</ele>
        <time>2024-02-27T17:25:57.388Z</time>
      </trkpt>
      <trkpt lat="55.645639" lon="37.100888">
        <ele>199.134209</ele>
        <time>2024-02-27T17:26:01.363Z</time>
      </trkpt>
      <trkpt lat="55.644681" lon="37.100908">
        <ele>199.299159</ele>
        <time>2024-02-27T17:26:17.210Z</time>
      </trkpt>
      <trkpt lat="55.644390" lon="37.100914">
        <ele>199.349263</ele>
        <time>2024-02-27T17:26:20.718Z</time>
      </trkpt>
      <trkpt lat="55.643961" lon="37.101055">
        <ele>198.915158</ele>
        <time>2024-02-27T17:26:25.985Z</time>
      </trkpt>
      <trkpt lat="55.643817" lon="37.101184">
        <ele>198.578858</ele>
        <time>2024-02-27T17:26:27.763Z</time>
      </trkpt>
      <trkpt lat="55.643631" lon="37.101438">
        <ele>198.089432</ele>
        <time>2024-02-27T17:26:30.457Z</time>
      </trkpt>
      <trkpt lat="55.643171" lon="37.102050">
        <ele>196.890538</ele>
        <time>2024-02-27T17:26:36.560Z</time>
      </trkpt>
      <trkpt lat="55.642960" lon="37.102232">
        <ele>196.401433</ele>
        <time>2024-02-27T17:26:39.011Z</time>
      </trkpt>
      <trkpt lat="55.642768" lon="37.102332">
        <ele>195.984335</ele>
        <time>2024-02-27T17:26:41.111Z</time>
      </trkpt>
      <trkpt lat="55.642499" lon="37.102362">
        <ele>195.447769</ele>
        <time>2024-02-27T17:26:43.906Z</time>
      </trkpt>
      <trkpt lat="55.642252" lon="37.102314">
        <ele>194.990802</ele>
        <time>2024-02-27T17:26:46.519Z</time>
      </trkpt>
      <trkpt lat="55.641772" lon="37.102053">
        <ele>194.067431</ele>
        <time>2024-02-27T17:26:51.917Z</time>
      </trkpt>
      <trkpt lat="55.640853" lon="37.101476">
        <ele>192.309020</ele>
        <time>2024-02-27T17:27:03.156Z</time>
      </trkpt>
      <trkpt lat="55.638781" lon="37.100253">
        <ele>191.100618</ele>
        <time>2024-02-27T17:27:31.878Z</time>
      </trkpt>
      <trkpt lat="55.638754" lon="37.100236">
        <ele>191.099318</ele>
        <time>2024-02-27T17:27:32.253Z</time>
      </trkpt>
      <trkpt lat="55.638418" lon="37.099981">
        <ele>191.082736</ele>
        <time>2024-02-27T17:27:36.929Z</time>
      </trkpt>
      <trkpt lat="55.638256" lon="37.099765">
        <ele>191.073538</ele>
        <time>2024-02-27T17:27:40.248Z</time>
      </trkpt>
      <trkpt lat="55.638117" lon="37.099453">
        <ele>191.063361</ele>
        <time>2024-02-27T17:27:43.628Z</time>
      </trkpt>
      <trkpt lat="55.637874" lon="37.098817">
        <ele>191.043696</ele>
        <time>2024-02-27T17:27:50.924Z</time>
      </trkpt>
      <trkpt lat="55.637712" lon="37.098616">
        <ele>191.100933</ele>
        <time>2024-02-27T17:27:53.689Z</time>
      </trkpt>
      <trkpt lat="55.637400" lon="37.098488">
        <ele>191.394196</ele>
        <time>2024-02-27T17:27:59.621Z</time>
      </trkpt>
      <trkpt lat="55.637367" lon="37.098487">
        <ele>191.424419</ele>
        <time>2024-02-27T17:28:00.126Z</time>
      </trkpt>
      <trkpt lat="55.637323" lon="37.098489">
        <ele>191.464724</ele>
        <time>2024-02-27T17:28:01.131Z</time>
      </trkpt>
      <trkpt lat="55.637213" lon="37.098492">
        <ele>191.565465</ele>
        <time>2024-02-27T17:28:03.562Z</time>
      </trkpt>
      <trkpt lat="55.635894" lon="37.098517">
        <ele>192.891313</ele>
        <time>2024-02-27T17:28:27.302Z</time>
      </trkpt>
      <trkpt lat="55.635121" lon="37.098540">
        <ele>194.543137</ele>
        <time>2024-02-27T17:28:45.434Z</time>
      </trkpt>
      <trkpt lat="55.634472" lon="37.098566">
        <ele>195.930145</ele>
        <time>2024-02-27T17:29:01.458Z</time>
      </trkpt>
      <trkpt lat="55.632834" lon="37.098596">
        <ele>199.529822</ele>
        <time>2024-02-27T17:29:42.485Z</time>
      </trkpt>
      <trkpt lat="55.631616" lon="37.098631">
        <ele>201.020612</ele>
        <time>2024-02-27T17:30:07.082Z</time>
      </trkpt>
      <trkpt lat="55.631489" lon="37.098634">
        <ele>201.105142</ele>
        <time>2024-02-27T17:30:09.189Z</time>
      </trkpt>
      <trkpt lat="55.631429" lon="37.098636">
        <ele>201.145081</ele>
        <time>2024-02-27T17:30:10.189Z</time>
      </trkpt>
      <trkpt lat="55.629666" lon="37.098696">
        <ele>201.568945</ele>
        <time>2024-02-27T17:30:36.403Z</time>
      </trkpt>
      <trkpt lat="55.628911" lon="37.098716">
        <ele>201.462497</ele>
        <time>2024-02-27T17:30:47.361Z</time>
      </trkpt>
      <trkpt lat="55.628209" lon="37.098735">
        <ele>200.859648</ele>
        <time>2024-02-27T17:30:56.350Z</time>
      </trkpt>
      <trkpt lat="55.627186" lon="37.098763">
        <ele>199.838783</ele>
        <time>2024-02-27T17:31:08.727Z</time>
      </trkpt>
      <trkpt lat="55.627159" lon="37.098764">
        <ele>199.811836</ele>
        <time>2024-02-27T17:31:09.001Z</time>
      </trkpt>
      <trkpt lat="55.622708" lon="37.098889">
        <ele>192.680199</ele>
        <time>2024-02-27T17:31:59.070Z</time>
      </trkpt>
      <trkpt lat="55.621701" lon="37.098835">
        <ele>191.477065</ele>
        <time>2024-02-27T17:32:11.465Z</time>
      </trkpt>
      <trkpt lat="55.620759" lon="37.098688">
        <ele>190.990591</ele>
        <time>2024-02-27T17:32:24.177Z</time>
      </trkpt>
      <trkpt lat="55.619825" lon="37.098484">
        <ele>190.579885</ele>
        <time>2024-02-27T17:32:37.432Z</time>
      </trkpt>
      <trkpt lat="55.618090" lon="37.098152">
        <ele>189.397034</ele>
        <time>2024-02-27T17:32:59.516Z</time>
      </trkpt>
      <trkpt lat="55.617543" lon="37.098116">
        <ele>188.873731</ele>
        <time>2024-02-27T17:33:06.664Z</time>
      </trkpt>
      <trkpt lat="55.617032" lon="37.098140">
        <ele>188.366686</ele>
        <time>2024-02-27T17:33:13.001Z</time>
      </trkpt>
      <trkpt lat="55.616566" lon="37.098228">
        <ele>187.901834</ele>
        <time>2024-02-27T17:33:18.572Z</time>
      </trkpt>
      <trkpt lat="55.616103" lon="37.098339">
        <ele>187.328838</ele>
        <time>2024-02-27T17:33:24.019Z</time>
      </trkpt>
      <trkpt lat="55.615184" lon="37.098686">
        <ele>185.622619</ele>
        <time>2024-02-27T17:33:35.149Z</time>
      </trkpt>
      <trkpt lat="55.614585" lon="37.099006">
        <ele>184.486542</ele>
        <time>2024-02-27T17:33:41.868Z</time>
      </trkpt>
      <trkpt lat="55.614153" lon="37.099280">
        <ele>183.403884</ele>
        <time>2024-02-27T17:33:46.498Z</time>
      </trkpt>
      <trkpt lat="55.613924" lon="37.099415">
        <ele>182.797716</ele>
        <time>2024-02-27T17:33:48.980Z</time>
      </trkpt>
      <trkpt lat="55.613630" lon="37.099620">
        <ele>182.004149</ele>
        <time>2024-02-27T17:33:52.235Z</time>
      </trkpt>
      <trkpt lat="55.612682" lon="37.100297">
        <ele>179.731274</ele>
        <time>2024-02-27T17:34:03.202Z</time>
      </trkpt>
      <trkpt lat="55.612573" lon="37.100373">
        <ele>179.684385</ele>
        <time>2024-02-27T17:34:04.557Z</time>
      </trkpt>
      <trkpt lat="55.612369" lon="37.100514">
        <ele>179.596733</ele>
        <time>2024-02-27T17:34:06.952Z</time>
      </trkpt>
      <trkpt lat="55.610762" lon="37.101616">
        <ele>179.875167</ele>
        <time>2024-02-27T17:34:33.848Z</time>
      </trkpt>
      <trkpt lat="55.610710" lon="37.101651">
        <ele>179.987471</ele>
        <time>2024-02-27T17:34:35.034Z</time>
      </trkpt>
      <trkpt lat="55.610607" lon="37.101722">
        <ele>180.210604</ele>
        <time>2024-02-27T17:34:37.503Z</time>
      </trkpt>
      <trkpt lat="55.609409" lon="37.102511">
        <ele>182.857955</ele>
        <time>2024-02-27T17:35:09.820Z</time>
      </trkpt>
      <trkpt lat="55.609328" lon="37.102564">
        <ele>183.158139</ele>
        <time>2024-02-27T17:35:12.220Z</time>
      </trkpt>
      <trkpt lat="55.609234" lon="37.102624">
        <ele>183.505486</ele>
        <time>2024-02-27T17:35:15.051Z</time>
      </trkpt>
      <trkpt lat="55.607927" lon="37.103463">
        <ele>188.338268</ele>
        <time>2024-02-27T17:35:55.801Z</time>
      </trkpt>
      <trkpt lat="55.607765" lon="37.103563">
        <ele>188.934656</ele>
        <time>2024-02-27T17:36:00.945Z</time>
      </trkpt>
      <trkpt lat="55.607367" lon="37.103819">
        <ele>190.496711</ele>
        <time>2024-02-27T17:36:13.409Z</time>
      </trkpt>
      <trkpt lat="55.607124" lon="37.103975">
        <ele>191.450814</ele>
        <time>2024-02-27T17:36:21.085Z</time>
      </trkpt>
      <trkpt lat="55.606553" lon="37.104343">
        <ele>193.693781</ele>
        <time>2024-02-27T17:36:39.034Z</time>
      </trkpt>
      <trkpt lat="55.606471" lon="37.104396">
        <ele>194.015998</ele>
        <time>2024-02-27T17:36:41.733Z</time>
      </trkpt>
      <trkpt lat="55.605313" lon="37.105157">
        <ele>198.128702</ele>
        <time>2024-02-27T17:37:18.345Z</time>
      </trkpt>
      <trkpt lat="55.605160" lon="37.105256">
        <ele>198.640041</ele>
        <time>2024-02-27T17:37:22.856Z</time>
      </trkpt>
      <trkpt lat="55.604517" lon="37.105707">
        <ele>200.811054</ele>
        <time>2024-02-27T17:37:40.837Z</time>
      </trkpt>
      <trkpt lat="55.604012" lon="37.106252">
        <ele>201.519050</ele>
        <time>2024-02-27T17:37:54.993Z</time>
      </trkpt>
      <trkpt lat="55.603777" lon="37.106537">
        <ele>201.696109</ele>
        <time>2024-02-27T17:38:00.781Z</time>
      </trkpt>
      <trkpt lat="55.603510" lon="37.106876">
        <ele>201.900341</ele>
        <time>2024-02-27T17:38:06.470Z</time>
      </trkpt>
      <trkpt lat="55.602930" lon="37.107621">
        <ele>202.345758</ele>
        <time>2024-02-27T17:38:16.335Z</time>
      </trkpt>
      <trkpt lat="55.602221" lon="37.108537">
        <ele>199.973857</ele>
        <time>2024-02-27T17:38:25.855Z</time>
      </trkpt>
      <trkpt lat="55.602144" lon="37.108641">
        <ele>199.707536</ele>
        <time>2024-02-27T17:38:26.838Z</time>
      </trkpt>
      <trkpt lat="55.601861" lon="37.109020">
        <ele>198.731759</ele>
        <time>2024-02-27T17:38:30.383Z</time>
      </trkpt>
      <trkpt lat="55.601731" lon="37.109194">
        <ele>198.283614</ele>
        <time>2024-02-27T17:38:31.985Z</time>
      </trkpt>
      <trkpt lat="55.601419" lon="37.109608">
        <ele>197.148193</ele>
        <time>2024-02-27T17:38:35.763Z</time>
      </trkpt>
      <trkpt lat="55.600507" lon="37.110796">
        <ele>193.031759</ele>
        <time>2024-02-27T17:38:46.886Z</time>
      </trkpt>
      <trkpt lat="55.600408" lon="37.110928">
        <ele>192.581179</ele>
        <time>2024-02-27T17:38:48.105Z</time>
      </trkpt>
      <trkpt lat="55.599601" lon="37.111965">
        <ele>189.717933</ele>
        <time>2024-02-27T17:38:58.287Z</time>
      </trkpt>
      <trkpt lat="55.599245" lon="37.112425">
        <ele>188.753814</ele>
        <time>2024-02-27T17:39:03.093Z</time>
      </trkpt>
      <trkpt lat="55.599001" lon="37.112740">
        <ele>188.093216</ele>
        <time>2024-02-27T17:39:06.439Z</time>
      </trkpt>
      <trkpt lat="55.598776" lon="37.113034">
        <ele>187.481476</ele>
        <time>2024-02-27T17:39:09.600Z</time>
      </trkpt>
      <trkpt lat="55.598348" lon="37.113588">
        <ele>186.555402</ele>
        <time>2024-02-27T17:39:15.860Z</time>
      </trkpt>
      <trkpt lat="55.598226" lon="37.113746">
        <ele>186.350786</ele>
        <time>2024-02-27T17:39:17.623Z</time>
      </trkpt>
      <trkpt lat="55.597597" lon="37.114566">
        <ele>185.293394</ele>
        <time>2024-02-27T17:39:26.761Z</time>
      </trkpt>
      <trkpt lat="55.597459" lon="37.114730">
        <ele>185.068406</ele>
        <time>2024-02-27T17:39:28.852Z</time>
      </trkpt>
      <trkpt lat="55.597257" lon="37.114924">
        <ele>184.757333</ele>
        <time>2024-02-27T17:39:31.603Z</time>
      </trkpt>
      <trkpt lat="55.597210" lon="37.114946">
        <ele>184.691529</ele>
        <time>2024-02-27T17:39:32.169Z</time>
      </trkpt>
      <trkpt lat="55.596896" lon="37.115099">
        <ele>184.189904</ele>
        <time>2024-02-27T17:39:35.921Z</time>
      </trkpt>
      <trkpt lat="55.596837" lon="37.115112">
        <ele>184.089826</ele>
        <time>2024-02-27T17:39:36.600Z</time>
      </trkpt>
      <trkpt lat="55.596635" lon="37.115133">
        <ele>183.749225</ele>
        <time>2024-02-27T17:39:38.825Z</time>
      </trkpt>
      <trkpt lat="55.596641" lon="37.115298">
        <ele>183.591975</ele>
        <time>2024-02-27T17:39:39.990Z</time>
      </trkpt>
      <trkpt lat="55.596664" lon="37.115509">
        <ele>183.387602</ele>
        <time>2024-02-27T17:39:41.363Z</time>
      </trkpt>
      <trkpt lat="55.596764" lon="37.115931">
        <ele>182.952388</ele>
        <time>2024-02-27T17:39:44.301Z</time>
      </trkpt>
      <trkpt lat="55.596819" lon="37.116157">
        <ele>182.718360</ele>
        <time>2024-02-27T17:39:45.860Z</time>
      </trkpt>
      <trkpt lat="55.596897" lon="37.116464">
        <ele>182.398225</ele>
        <time>2024-02-27T17:39:48.042Z</time>
      </trkpt>
      <trkpt lat="55.597007" lon="37.116896">
        <ele>181.947577</ele>
        <time>2024-02-27T17:39:50.934Z</time>
      </trkpt>
      <trkpt lat="55.597158" lon="37.117486">
        <ele>181.299520</ele>
        <time>2024-02-27T17:39:54.975Z</time>
      </trkpt>
      <trkpt lat="55.597178" lon="37.117565">
        <ele>181.198496</ele>
        <time>2024-02-27T17:39:55.570Z</time>
      </trkpt>
      <trkpt lat="55.597460" lon="37.118676">
        <ele>179.777160</ele>
        <time>2024-02-27T17:40:03.153Z</time>
      </trkpt>
      <trkpt lat="55.597527" lon="37.118934">
        <ele>179.445802</ele>
        <time>2024-02-27T17:40:04.904Z</time>
      </trkpt>
      <trkpt lat="55.597708" lon="37.119646">
        <ele>178.534690</ele>
        <time>2024-02-27T17:40:09.610Z</time>
      </trkpt>
      <trkpt lat="55.597966" lon="37.120659">
        <ele>177.236846</ele>
        <time>2024-02-27T17:40:16.463Z</time>
      </trkpt>
      <trkpt lat="55.598187" lon="37.121542">
        <ele>176.107344</ele>
        <time>2024-02-27T17:40:22.414Z</time>
      </trkpt>
      <trkpt lat="55.598490" lon="37.122758">
        <ele>174.553014</ele>
        <time>2024-02-27T17:40:30.549Z</time>
      </trkpt>
      <trkpt lat="55.598586" lon="37.123513">
        <ele>173.762696</ele>
        <time>2024-02-27T17:40:35.358Z</time>
      </trkpt>
      <trkpt lat="55.598594" lon="37.123720">
        <ele>173.592063</ele>
        <time>2024-02-27T17:40:36.685Z</time>
      </trkpt>
      <trkpt lat="55.598624" lon="37.125420">
        <ele>172.193319</ele>
        <time>2024-02-27T17:40:47.871Z</time>
      </trkpt>
      <trkpt lat="55.598628" lon="37.125658">
        <ele>171.997504</ele>
        <time>2024-02-27T17:40:49.468Z</time>
      </trkpt>
      <trkpt lat="55.598643" lon="37.126569">
        <ele>171.305988</ele>
        <time>2024-02-27T17:40:55.559Z</time>
      </trkpt>
      <trkpt lat="55.598689" lon="37.129655">
        <ele>169.687040</ele>
        <time>2024-02-27T17:41:17.136Z</time>
      </trkpt>
      <trkpt lat="55.598738" lon="37.131180">
        <ele>169.510648</ele>
        <time>2024-02-27T17:41:28.169Z</time>
      </trkpt>
      <trkpt lat="55.598783" lon="37.131543">
        <ele>169.467732</ele>
        <time>2024-02-27T17:41:31.090Z</time>
      </trkpt>
      <trkpt lat="55.598944" lon="37.132189">
        <ele>169.386196</ele>
        <time>2024-02-27T17:41:37.427Z</time>
      </trkpt>
      <trkpt lat="55.599040" lon="37.132539">
        <ele>169.341267</ele>
        <time>2024-02-27T17:41:41.358Z</time>
      </trkpt>
      <trkpt lat="55.599290" lon="37.133390">
        <ele>169.822474</ele>
        <time>2024-02-27T17:41:50.873Z</time>
      </trkpt>
      <trkpt lat="55.599515" lon="37.134320">
        <ele>170.387501</ele>
        <time>2024-02-27T17:42:01.677Z</time>
      </trkpt>
      <trkpt lat="55.599580" lon="37.134665">
        <ele>170.590616</ele>
        <time>2024-02-27T17:42:05.641Z</time>
      </trkpt>
      <trkpt lat="55.600235" lon="37.138636">
        <ele>173.627930</ele>
        <time>2024-02-27T17:42:52.610Z</time>
      </trkpt>
      <trkpt lat="55.600439" lon="37.139905">
        <ele>175.007815</ele>
        <time>2024-02-27T17:43:09.207Z</time>
      </trkpt>
      <trkpt lat="55.600608" lon="37.141026">
        <ele>176.221249</ele>
        <time>2024-02-27T17:43:24.031Z</time>
      </trkpt>
      <trkpt lat="55.600633" lon="37.141208">
        <ele>176.417141</ele>
        <time>2024-02-27T17:43:26.386Z</time>
      </trkpt>
      <trkpt lat="55.600722" lon="37.142055">
        <ele>177.211066</ele>
        <time>2024-02-27T17:43:37.733Z</time>
      </trkpt>
      <trkpt lat="55.600770" lon="37.142534">
        <ele>177.578267</ele>
        <time>2024-02-27T17:43:43.833Z</time>
      </trkpt>
      <trkpt lat="55.600843" lon="37.143268">
        <ele>178.140821</ele>
        <time>2024-02-27T17:43:52.424Z</time>
      </trkpt>
      <trkpt lat="55.600852" lon="37.143357">
        <ele>178.209067</ele>
        <time>2024-02-27T17:43:53.320Z</time>
      </trkpt>
      <trkpt lat="55.600900" lon="37.143862">
        <ele>178.595605</ele>
        <time>2024-02-27T17:43:59.067Z</time>
      </trkpt>
      <trkpt lat="55.600904" lon="37.143905">
        <ele>178.628499</ele>
        <time>2024-02-27T17:43:59.542Z</time>
      </trkpt>
      <trkpt lat="55.600952" lon="37.144283">
        <ele>178.920937</ele>
        <time>2024-02-27T17:44:03.516Z</time>
      </trkpt>
      <trkpt lat="55.601055" lon="37.144460">
        <ele>179.112737</ele>
        <time>2024-02-27T17:44:06.337Z</time>
      </trkpt>
      <trkpt lat="55.601268" lon="37.144618">
        <ele>179.392158</ele>
        <time>2024-02-27T17:44:10.388Z</time>
      </trkpt>
      <trkpt lat="55.601359" lon="37.144686">
        <ele>179.478844</ele>
        <time>2024-02-27T17:44:12.279Z</time>
      </trkpt>
      <trkpt lat="55.601749" lon="37.144976">
        <ele>179.850081</ele>
        <time>2024-02-27T17:44:19.610Z</time>
      </trkpt>
      <trkpt lat="55.601793" lon="37.145189">
        <ele>179.962523</ele>
        <time>2024-02-27T17:44:21.786Z</time>
      </trkpt>
      <trkpt lat="55.601785" lon="37.145549">
        <ele>180.141146</ele>
        <time>2024-02-27T17:44:25.582Z</time>
      </trkpt>
      <trkpt lat="55.601717" lon="37.147085">
        <ele>180.905016</ele>
        <time>2024-02-27T17:44:40.689Z</time>
      </trkpt>
      <trkpt lat="55.601674" lon="37.147808">
        <ele>181.439718</ele>
        <time>2024-02-27T17:44:49.786Z</time>
      </trkpt>
      <trkpt lat="55.601551" lon="37.148650">
        <ele>182.085233</ele>
        <time>2024-02-27T17:45:00.766Z</time>
      </trkpt>
      <trkpt lat="55.601424" lon="37.149503">
        <ele>182.739977</ele>
        <time>2024-02-27T17:45:10.416Z</time>
      </trkpt>
      <trkpt lat="55.601332" lon="37.150137">
        <ele>183.225830</ele>
        <time>2024-02-27T17:45:17.358Z</time>
      </trkpt>
      <trkpt lat="55.601240" lon="37.150794">
        <ele>183.621961</ele>
        <time>2024-02-27T17:45:24.646Z</time>
      </trkpt>
      <trkpt lat="55.601236" lon="37.150836">
        <ele>183.646113</ele>
        <time>2024-02-27T17:45:25.151Z</time>
      </trkpt>
      <trkpt lat="55.601227" lon="37.150921">
        <ele>183.695152</ele>
        <time>2024-02-27T17:45:26.159Z</time>
      </trkpt>
      <trkpt lat="55.601173" lon="37.151734">
        <ele>184.159344</ele>
        <time>2024-02-27T17:45:35.692Z</time>
      </trkpt>
      <trkpt lat="55.601109" lon="37.153054">
        <ele>184.910610</ele>
        <time>2024-02-27T17:45:49.641Z</time>
      </trkpt>
      <trkpt lat="55.601046" lon="37.154355">
        <ele>185.801424</ele>
        <time>2024-02-27T17:46:01.501Z</time>
      </trkpt>
      <trkpt lat="55.601003" lon="37.155121">
        <ele>186.353536</ele>
        <time>2024-02-27T17:46:10.292Z</time>
      </trkpt>
      <trkpt lat="55.601003" lon="37.155210">
        <ele>186.417371</ele>
        <time>2024-02-27T17:46:11.253Z</time>
      </trkpt>
      <trkpt lat="55.601076" lon="37.156687">
        <ele>187.456409</ele>
        <time>2024-02-27T17:46:30.389Z</time>
      </trkpt>
      <trkpt lat="55.601052" lon="37.157877">
        <ele>188.127868</ele>
        <time>2024-02-27T17:46:43.761Z</time>
      </trkpt>
      <trkpt lat="55.600996" lon="37.158452">
        <ele>188.456888</ele>
        <time>2024-02-27T17:46:50.299Z</time>
      </trkpt>
      <trkpt lat="55.600918" lon="37.158730">
        <ele>188.631919</ele>
        <time>2024-02-27T17:46:53.616Z</time>
      </trkpt>
      <trkpt lat="55.600845" lon="37.158893">
        <ele>188.749211</ele>
        <time>2024-02-27T17:46:55.861Z</time>
      </trkpt>
      <trkpt lat="55.600663" lon="37.159201">
        <ele>189.000536</ele>
        <time>2024-02-27T17:47:00.088Z</time>
      </trkpt>
      <trkpt lat="55.600647" lon="37.159229">
        <ele>189.022994</ele>
        <time>2024-02-27T17:47:00.491Z</time>
      </trkpt>
      <trkpt lat="55.600628" lon="37.159300">
        <ele>189.067295</ele>
        <time>2024-02-27T17:47:01.274Z</time>
      </trkpt>
      <trkpt lat="55.600597" lon="37.159436">
        <ele>189.149992</ele>
        <time>2024-02-27T17:47:02.529Z</time>
      </trkpt>
      <trkpt lat="55.600134" lon="37.159328">
        <ele>188.538391</ele>
        <time>2024-02-27T17:47:09.184Z</time>
      </trkpt>
      <trkpt lat="55.599558" lon="37.159288">
        <ele>187.748119</ele>
        <time>2024-02-27T17:47:16.131Z</time>
      </trkpt>
      <trkpt lat="55.597983" lon="37.159194">
        <ele>184.801851</ele>
        <time>2024-02-27T17:47:32.682Z</time>
      </trkpt>
      <trkpt lat="55.597715" lon="37.159134">
        <ele>184.168994</ele>
        <time>2024-02-27T17:47:35.554Z</time>
      </trkpt>
      <trkpt lat="55.597447" lon="37.159007">
        <ele>183.519026</ele>
        <time>2024-02-27T17:47:38.524Z</time>
      </trkpt>
      <trkpt lat="55.597251" lon="37.158878">
        <ele>183.029129</ele>
        <time>2024-02-27T17:47:40.794Z</time>
      </trkpt>
      <trkpt lat="55.596979" lon="37.158637">
        <ele>182.385051</ele>
        <time>2024-02-27T17:47:44.146Z</time>
      </trkpt>
      <trkpt lat="55.596656" lon="37.158242">
        <ele>181.845138</ele>
        <time>2024-02-27T17:47:48.536Z</time>
      </trkpt>
      <trkpt lat="55.596625" lon="37.158185">
        <ele>181.783664</ele>
        <time>2024-02-27T17:47:49.028Z</time>
      </trkpt>
      <trkpt lat="55.596444" lon="37.157810">
        <ele>181.400441</ele>
        <time>2024-02-27T17:47:52.248Z</time>
      </trkpt>
      <trkpt lat="55.596211" lon="37.157237">
        <ele>180.851894</ele>
        <time>2024-02-27T17:47:56.932Z</time>
      </trkpt>
      <trkpt lat="55.596097" lon="37.156823">
        <ele>180.494038</ele>
        <time>2024-02-27T17:48:00.161Z</time>
      </trkpt>
      <trkpt lat="55.596003" lon="37.156351">
        <ele>180.105167</ele>
        <time>2024-02-27T17:48:03.733Z</time>
      </trkpt>
      <trkpt lat="55.595922" lon="37.155615">
        <ele>179.513150</ele>
        <time>2024-02-27T17:48:09.287Z</time>
      </trkpt>
      <trkpt lat="55.595756" lon="37.152986">
        <ele>177.372698</ele>
        <time>2024-02-27T17:48:26.523Z</time>
      </trkpt>
      <trkpt lat="55.595658" lon="37.152320">
        <ele>176.473698</ele>
        <time>2024-02-27T17:48:30.677Z</time>
      </trkpt>
      <trkpt lat="55.595531" lon="37.151823">
        <ele>175.761170</ele>
        <time>2024-02-27T17:48:33.930Z</time>
      </trkpt>
      <trkpt lat="55.595278" lon="37.151129">
        <ele>174.682293</ele>
        <time>2024-02-27T17:48:38.835Z</time>
      </trkpt>
      <trkpt lat="55.594960" lon="37.150571">
        <ele>173.647013</ele>
        <time>2024-02-27T17:48:43.539Z</time>
      </trkpt>
      <trkpt lat="55.594736" lon="37.150286">
        <ele>173.180177</ele>
        <time>2024-02-27T17:48:46.462Z</time>
      </trkpt>
      <trkpt lat="55.594504" lon="37.150056">
        <ele>172.893541</ele>
        <time>2024-02-27T17:48:49.332Z</time>
      </trkpt>
      <trkpt lat="55.594041" lon="37.149767">
        <ele>172.364340</ele>
        <time>2024-02-27T17:48:54.967Z</time>
      </trkpt>
      <trkpt lat="55.593605" lon="37.149636">
        <ele>171.887650</ele>
        <time>2024-02-27T17:49:00.585Z</time>
      </trkpt>
      <trkpt lat="55.593075" lon="37.149640">
        <ele>171.473064</ele>
        <time>2024-02-27T17:49:08.462Z</time>
      </trkpt>
      <trkpt lat="55.592624" lon="37.149780">
        <ele>172.019124</ele>
        <time>2024-02-27T17:49:16.544Z</time>
      </trkpt>
      <trkpt lat="55.592087" lon="37.150112">
        <ele>172.697490</ele>
        <time>2024-02-27T17:49:28.023Z</time>
      </trkpt>
      <trkpt lat="55.591785" lon="37.150401">
        <ele>173.106932</ele>
        <time>2024-02-27T17:49:35.508Z</time>
      </trkpt>
      <trkpt lat="55.591397" lon="37.150905">
        <ele>173.677337</ele>
        <time>2024-02-27T17:49:46.051Z</time>
      </trkpt>
      <trkpt lat="55.591081" lon="37.151454">
        <ele>174.192393</ele>
        <time>2024-02-27T17:49:55.618Z</time>
      </trkpt>
      <trkpt lat="55.590793" lon="37.152083">
        <ele>174.724481</ele>
        <time>2024-02-27T17:50:05.126Z</time>
      </trkpt>
      <trkpt lat="55.589579" lon="37.154847">
        <ele>175.819832</ele>
        <time>2024-02-27T17:50:39.034Z</time>
      </trkpt>
      <trkpt lat="55.588168" lon="37.158175">
        <ele>174.872347</ele>
        <time>2024-02-27T17:51:09.644Z</time>
      </trkpt>
      <trkpt lat="55.588094" lon="37.158355">
        <ele>174.740209</ele>
        <time>2024-02-27T17:51:11.248Z</time>
      </trkpt>
      <trkpt lat="55.588004" lon="37.158562">
        <ele>174.548414</ele>
        <time>2024-02-27T17:51:13.220Z</time>
      </trkpt>
      <trkpt lat="55.587464" lon="37.159818">
        <ele>173.389468</ele>
        <time>2024-02-27T17:51:24.146Z</time>
      </trkpt>
      <trkpt lat="55.587081" lon="37.160638">
        <ele>172.608232</ele>
        <time>2024-02-27T17:51:30.983Z</time>
      </trkpt>
      <trkpt lat="55.587017" lon="37.160748">
        <ele>172.472417</ele>
        <time>2024-02-27T17:51:31.942Z</time>
      </trkpt>
      <trkpt lat="55.586604" lon="37.161454">
        <ele>170.821741</ele>
        <time>2024-02-27T17:51:37.944Z</time>
      </trkpt>
      <trkpt lat="55.586082" lon="37.162141">
        <ele>168.951717</ele>
        <time>2024-02-27T17:51:44.508Z</time>
      </trkpt>
      <trkpt lat="55.585670" lon="37.162573">
        <ele>167.575110</ele>
        <time>2024-02-27T17:51:49.340Z</time>
      </trkpt>
      <trkpt lat="55.585358" lon="37.162830">
        <ele>166.897524</ele>
        <time>2024-02-27T17:51:52.876Z</time>
      </trkpt>
      <trkpt lat="55.585270" lon="37.162902">
        <ele>166.734229</ele>
        <time>2024-02-27T17:51:53.871Z</time>
      </trkpt>
      <trkpt lat="55.584786" lon="37.163200">
        <ele>165.871102</ele>
        <time>2024-02-27T17:51:59.378Z</time>
      </trkpt>
      <trkpt lat="55.584277" lon="37.163403">
        <ele>164.992305</ele>
        <time>2024-02-27T17:52:05.348Z</time>
      </trkpt>
      <trkpt lat="55.583107" lon="37.163665">
        <ele>164.923619</ele>
        <time>2024-02-27T17:52:22.784Z</time>
      </trkpt>
      <trkpt lat="55.582530" lon="37.163767">
        <ele>165.384098</ele>
        <time>2024-02-27T17:52:34.493Z</time>
      </trkpt>
      <trkpt lat="55.582105" lon="37.163792">
        <ele>165.721778</ele>
        <time>2024-02-27T17:52:43.460Z</time>
      </trkpt>
      <trkpt lat="55.581811" lon="37.163755">
        <ele>166.347003</ele>
        <time>2024-02-27T17:52:49.952Z</time>
      </trkpt>
      <trkpt lat="55.581585" lon="37.163682">
        <ele>166.856279</ele>
        <time>2024-02-27T17:52:55.195Z</time>
      </trkpt>
      <trkpt lat="55.581130" lon="37.163462">
        <ele>167.901908</ele>
        <time>2024-02-27T17:53:07.003Z</time>
      </trkpt>
      <trkpt lat="55.580475" lon="37.163153">
        <ele>169.404639</ele>
        <time>2024-02-27T17:53:24.299Z</time>
      </trkpt>
      <trkpt lat="55.580117" lon="37.163057">
        <ele>169.921605</ele>
        <time>2024-02-27T17:53:32.613Z</time>
      </trkpt>
      <trkpt lat="55.579772" lon="37.163038">
        <ele>170.233785</ele>
        <time>2024-02-27T17:53:39.702Z</time>
      </trkpt>
      <trkpt lat="55.579585" lon="37.163158">
        <ele>170.413696</ele>
        <time>2024-02-27T17:53:43.886Z</time>
      </trkpt>
      <trkpt lat="55.579608" lon="37.163319">
        <ele>170.498594</ele>
        <time>2024-02-27T17:53:45.202Z</time>
      </trkpt>
      <trkpt lat="55.579660" lon="37.163590">
        <ele>170.644905</ele>
        <time>2024-02-27T17:53:48.077Z</time>
      </trkpt>
      <trkpt lat="55.579705" lon="37.163850">
        <ele>170.783918</ele>
        <time>2024-02-27T17:53:50.932Z</time>
      </trkpt>
      <trkpt lat="55.579754" lon="37.164084">
        <ele>170.911492</ele>
        <time>2024-02-27T17:53:52.962Z</time>
      </trkpt>
      <trkpt lat="55.579880" lon="37.164679">
        <ele>171.236324</ele>
        <time>2024-02-27T17:53:58.801Z</time>
      </trkpt>
      <trkpt lat="55.580108" lon="37.165763">
        <ele>171.122824</ele>
        <time>2024-02-27T17:54:07.692Z</time>
      </trkpt>
      <trkpt lat="55.581033" lon="37.170091">
        <ele>170.576184</ele>
        <time>2024-02-27T17:54:41.921Z</time>
      </trkpt>
      <trkpt lat="55.581043" lon="37.170138">
        <ele>170.576306</ele>
        <time>2024-02-27T17:54:42.409Z</time>
      </trkpt>
      <trkpt lat="55.581178" lon="37.170741">
        <ele>170.577888</ele>
        <time>2024-02-27T17:54:49.608Z</time>
      </trkpt>
      <trkpt lat="55.581242" lon="37.170980">
        <ele>170.719814</ele>
        <time>2024-02-27T17:54:52.835Z</time>
      </trkpt>
      <trkpt lat="55.581997" lon="37.173343">
        <ele>173.159327</ele>
        <time>2024-02-27T17:55:27.065Z</time>
      </trkpt>
      <trkpt lat="55.582314" lon="37.174251">
        <ele>173.282502</ele>
        <time>2024-02-27T17:55:39.032Z</time>
      </trkpt>
      <trkpt lat="55.582546" lon="37.174788">
        <ele>173.143659</ele>
        <time>2024-02-27T17:55:44.930Z</time>
      </trkpt>
      <trkpt lat="55.582897" lon="37.175490">
        <ele>172.951131</ele>
        <time>2024-02-27T17:55:51.194Z</time>
      </trkpt>
      <trkpt lat="55.583067" lon="37.175832">
        <ele>172.857576</ele>
        <time>2024-02-27T17:55:54.001Z</time>
      </trkpt>
      <trkpt lat="55.583423" lon="37.176539">
        <ele>172.559416</ele>
        <time>2024-02-27T17:56:00.238Z</time>
      </trkpt>
      <trkpt lat="55.583523" lon="37.176737">
        <ele>172.458251</ele>
        <time>2024-02-27T17:56:02.069Z</time>
      </trkpt>
      <trkpt lat="55.583598" lon="37.176886">
        <ele>172.382235</ele>
        <time>2024-02-27T17:56:03.427Z</time>
      </trkpt>
      <trkpt lat="55.583879" lon="37.177547">
        <ele>172.067119</ele>
        <time>2024-02-27T17:56:09.095Z</time>
      </trkpt>
      <trkpt lat="55.583955" lon="37.177841">
        <ele>171.943949</ele>
        <time>2024-02-27T17:56:11.638Z</time>
      </trkpt>
      <trkpt lat="55.584010" lon="37.178315">
        <ele>171.759596</ele>
        <time>2024-02-27T17:56:15.713Z</time>
      </trkpt>
      <trkpt lat="55.584108" lon="37.179902">
        <ele>171.981593</ele>
        <time>2024-02-27T17:56:30.292Z</time>
      </trkpt>
      <trkpt lat="55.584158" lon="37.180684">
        <ele>172.273660</ele>
        <time>2024-02-27T17:56:39.299Z</time>
      </trkpt>
      <trkpt lat="55.584247" lon="37.182024">
        <ele>172.711055</ele>
        <time>2024-02-27T17:56:53.157Z</time>
      </trkpt>
      <trkpt lat="55.584292" lon="37.182626">
        <ele>172.270298</ele>
        <time>2024-02-27T17:56:58.865Z</time>
      </trkpt>
      <trkpt lat="55.584313" lon="37.182869">
        <ele>172.091870</ele>
        <time>2024-02-27T17:57:00.837Z</time>
      </trkpt>
      <trkpt lat="55.584405" lon="37.183693">
        <ele>171.482226</ele>
        <time>2024-02-27T17:57:06.378Z</time>
      </trkpt>
      <trkpt lat="55.584499" lon="37.184354">
        <ele>170.987498</ele>
        <time>2024-02-27T17:57:10.514Z</time>
      </trkpt>
      <trkpt lat="55.584567" lon="37.184826">
        <ele>170.633951</ele>
        <time>2024-02-27T17:57:13.534Z</time>
      </trkpt>
      <trkpt lat="55.584583" lon="37.184936">
        <ele>170.551509</ele>
        <time>2024-02-27T17:57:14.210Z</time>
      </trkpt>
      <trkpt lat="55.584619" lon="37.185197">
        <ele>170.271159</ele>
        <time>2024-02-27T17:57:15.786Z</time>
      </trkpt>
      <trkpt lat="55.584733" lon="37.186003">
        <ele>169.073697</ele>
        <time>2024-02-27T17:57:20.613Z</time>
      </trkpt>
      <trkpt lat="55.584743" lon="37.186091">
        <ele>168.944329</ele>
        <time>2024-02-27T17:57:21.146Z</time>
      </trkpt>
      <trkpt lat="55.584775" lon="37.186658">
        <ele>168.123083</ele>
        <time>2024-02-27T17:57:24.375Z</time>
      </trkpt>
      <trkpt lat="55.584755" lon="37.186944">
        <ele>167.707746</ele>
        <time>2024-02-27T17:57:26.036Z</time>
      </trkpt>
      <trkpt lat="55.584686" lon="37.187382">
        <ele>167.052420</ele>
        <time>2024-02-27T17:57:28.891Z</time>
      </trkpt>
      <trkpt lat="55.584458" lon="37.188115">
        <ele>165.857674</ele>
        <time>2024-02-27T17:57:33.810Z</time>
      </trkpt>
      <trkpt lat="55.584300" lon="37.188641">
        <ele>165.957457</ele>
        <time>2024-02-27T17:57:37.618Z</time>
      </trkpt>
      <trkpt lat="55.584152" lon="37.189170">
        <ele>166.056335</ele>
        <time>2024-02-27T17:57:42.077Z</time>
      </trkpt>
      <trkpt lat="55.584103" lon="37.189369">
        <ele>166.092697</ele>
        <time>2024-02-27T17:57:44.394Z</time>
      </trkpt>
      <trkpt lat="55.584056" lon="37.189676">
        <ele>166.145977</ele>
        <time>2024-02-27T17:57:47.317Z</time>
      </trkpt>
      <trkpt lat="55.584054" lon="37.189856">
        <ele>166.176136</ele>
        <time>2024-02-27T17:57:48.809Z</time>
      </trkpt>
      <trkpt lat="55.584153" lon="37.190525">
        <ele>166.291982</ele>
        <time>2024-02-27T17:57:56.371Z</time>
      </trkpt>
      <trkpt lat="55.584208" lon="37.190898">
        <ele>166.356556</ele>
        <time>2024-02-27T17:58:01.363Z</time>
      </trkpt>
      <trkpt lat="55.584629" lon="37.193220">
        <ele>169.739820</ele>
        <time>2024-02-27T17:58:36.759Z</time>
      </trkpt>
      <trkpt lat="55.584673" lon="37.193435">
        <ele>170.081620</ele>
        <time>2024-02-27T17:58:40.041Z</time>
      </trkpt>
      <trkpt lat="55.585086" lon="37.195415">
        <ele>173.075018</ele>
        <time>2024-02-27T17:59:11.990Z</time>
      </trkpt>
      <trkpt lat="55.585199" lon="37.195949">
        <ele>173.861514</ele>
        <time>2024-02-27T17:59:19.715Z</time>
      </trkpt>
      <trkpt lat="55.585474" lon="37.197260">
        <ele>175.661119</ele>
        <time>2024-02-27T17:59:37.549Z</time>
      </trkpt>
      <trkpt lat="55.585506" lon="37.197405">
        <ele>175.766653</ele>
        <time>2024-02-27T17:59:39.547Z</time>
      </trkpt>
      <trkpt lat="55.585881" lon="37.199056">
        <ele>176.972984</ele>
        <time>2024-02-27T18:00:01.235Z</time>
      </trkpt>
      <trkpt lat="55.586264" lon="37.200452">
        <ele>177.625257</ele>
        <time>2024-02-27T18:00:15.429Z</time>
      </trkpt>
      <trkpt lat="55.586592" lon="37.201622">
        <ele>177.441996</ele>
        <time>2024-02-27T18:00:25.389Z</time>
      </trkpt>
      <trkpt lat="55.587062" lon="37.203308">
        <ele>177.195078</ele>
        <time>2024-02-27T18:00:39.481Z</time>
      </trkpt>
      <trkpt lat="55.587198" lon="37.203830">
        <ele>177.134133</ele>
        <time>2024-02-27T18:00:43.797Z</time>
      </trkpt>
      <trkpt lat="55.587499" lon="37.205288">
        <ele>176.969554</ele>
        <time>2024-02-27T18:00:55.799Z</time>
      </trkpt>
      <trkpt lat="55.587537" lon="37.205531">
        <ele>176.942821</ele>
        <time>2024-02-27T18:00:58.093Z</time>
      </trkpt>
      <trkpt lat="55.587657" lon="37.206340">
        <ele>177.094057</ele>
        <time>2024-02-27T18:01:05.940Z</time>
      </trkpt>
      <trkpt lat="55.587735" lon="37.206967">
        <ele>177.319387</ele>
        <time>2024-02-27T18:01:12.506Z</time>
      </trkpt>
      <trkpt lat="55.587778" lon="37.206972">
        <ele>177.346150</ele>
        <time>2024-02-27T18:01:13.309Z</time>
      </trkpt>
      <trkpt lat="55.587879" lon="37.206986">
        <ele>177.409066</ele>
        <time>2024-02-27T18:01:15.177Z</time>
      </trkpt>
      <trkpt lat="55.588002" lon="37.206993">
        <ele>177.485493</ele>
        <time>2024-02-27T18:01:17.388Z</time>
      </trkpt>
      <trkpt lat="55.589306" lon="37.207073">
        <ele>178.460262</ele>
        <time>2024-02-27T18:01:40.126Z</time>
      </trkpt>
      <trkpt lat="55.591370" lon="37.207195">
        <ele>180.935947</ele>
        <time>2024-02-27T18:02:20.092Z</time>
      </trkpt>
      <trkpt lat="55.591801" lon="37.207586">
        <ele>181.703801</ele>
        <time>2024-02-27T18:02:30.506Z</time>
      </trkpt>
      <trkpt lat="55.591340" lon="37.209181">
        <ele>183.513513</ele>
        <time>2024-02-27T18:02:53.713Z</time>
      </trkpt>
      <trkpt lat="55.591282" lon="37.209379">
        <ele>183.778190</ele>
        <time>2024-02-27T18:02:56.625Z</time>
      </trkpt>
      <trkpt lat="55.591031" lon="37.210190">
        <ele>184.875573</ele>
        <time>2024-02-27T18:03:09.060Z</time>
      </trkpt>
      <trkpt lat="55.590936" lon="37.210684">
        <ele>185.494866</ele>
        <time>2024-02-27T18:03:16.042Z</time>
      </trkpt>
      <trkpt lat="55.590846" lon="37.211312">
        <ele>186.263767</ele>
        <time>2024-02-27T18:03:24.631Z</time>
      </trkpt>
      <trkpt lat="55.590545" lon="37.213656">
        <ele>188.348461</ele>
        <time>2024-02-27T18:03:54.202Z</time>
      </trkpt>
      <trkpt lat="55.590308" lon="37.215584">
        <ele>189.513888</ele>
        <time>2024-02-27T18:04:14.539Z</time>
      </trkpt>
      <trkpt lat="55.590084" lon="37.217195">
        <ele>190.110406</ele>
        <time>2024-02-27T18:04:31.498Z</time>
      </trkpt>
      <trkpt lat="55.589982" lon="37.217928">
        <ele>190.188190</ele>
        <time>2024-02-27T18:04:38.057Z</time>
      </trkpt>
      <trkpt lat="55.589880" lon="37.218163">
        <ele>190.076845</ele>
        <time>2024-02-27T18:04:40.263Z</time>
      </trkpt>
      <trkpt lat="55.589499" lon="37.218278">
        <ele>189.819844</ele>
        <time>2024-02-27T18:04:45.406Z</time>
      </trkpt>
      <trkpt lat="55.589322" lon="37.218361">
        <ele>189.698088</ele>
        <time>2024-02-27T18:04:47.858Z</time>
      </trkpt>
      <trkpt lat="55.589303" lon="37.218358">
        <ele>189.685404</ele>
        <time>2024-02-27T18:04:48.111Z</time>
      </trkpt>
      <trkpt lat="55.589201" lon="37.218306">
        <ele>189.614821</ele>
        <time>2024-02-27T18:04:49.404Z</time>
      </trkpt>
      <trkpt lat="55.589101" lon="37.218095">
        <ele>189.511342</ele>
        <time>2024-02-27T18:04:51.477Z</time>
      </trkpt>
      <trkpt lat="55.588873" lon="37.217150">
        <ele>189.125228</ele>
        <time>2024-02-27T18:04:58.528Z</time>
      </trkpt>
      <trkpt lat="55.588492" lon="37.216106">
        <ele>187.943312</ele>
        <time>2024-02-27T18:05:06.524Z</time>
      </trkpt>
      <trkpt lat="55.588287" lon="37.215659">
        <ele>187.369765</ele>
        <time>2024-02-27T18:05:09.990Z</time>
      </trkpt>
      <trkpt lat="55.588017" lon="37.215089">
        <ele>186.628758</ele>
        <time>2024-02-27T18:05:14.542Z</time>
      </trkpt>
      <trkpt lat="55.587739" lon="37.214577">
        <ele>185.921350</ele>
        <time>2024-02-27T18:05:19.080Z</time>
      </trkpt>
      <trkpt lat="55.587304" lon="37.213927">
        <ele>185.405998</ele>
        <time>2024-02-27T18:05:25.702Z</time>
      </trkpt>
      <trkpt lat="55.586732" lon="37.213175">
        <ele>184.761685</ele>
        <time>2024-02-27T18:05:34.493Z</time>
      </trkpt>
      <trkpt lat="55.584713" lon="37.210921">
        <ele>183.547865</ele>
        <time>2024-02-27T18:06:07.876Z</time>
      </trkpt>
      <trkpt lat="55.582798" lon="37.208871">
        <ele>180.790226</ele>
        <time>2024-02-27T18:06:34.429Z</time>
      </trkpt>
      <trkpt lat="55.581877" lon="37.208104">
        <ele>179.133895</ele>
        <time>2024-02-27T18:06:45.871Z</time>
      </trkpt>
      <trkpt lat="55.581103" lon="37.207662">
        <ele>177.716959</ele>
        <time>2024-02-27T18:06:54.758Z</time>
      </trkpt>
      <trkpt lat="55.580301" lon="37.207338">
        <ele>176.236821</ele>
        <time>2024-02-27T18:07:03.797Z</time>
      </trkpt>
      <trkpt lat="55.579217" lon="37.207104">
        <ele>175.204965</ele>
        <time>2024-02-27T18:07:16.653Z</time>
      </trkpt>
      <trkpt lat="55.578382" lon="37.207125">
        <ele>174.883706</ele>
        <time>2024-02-27T18:07:28.199Z</time>
      </trkpt>
      <trkpt lat="55.577624" lon="37.207252">
        <ele>175.359668</ele>
        <time>2024-02-27T18:07:42.664Z</time>
      </trkpt>
      <trkpt lat="55.576929" lon="37.207432">
        <ele>176.270161</ele>
        <time>2024-02-27T18:07:57.212Z</time>
      </trkpt>
      <trkpt lat="55.576487" lon="37.207626">
        <ele>176.860473</ele>
        <time>2024-02-27T18:08:06.741Z</time>
      </trkpt>
      <trkpt lat="55.575118" lon="37.208071">
        <ele>179.074403</ele>
        <time>2024-02-27T18:08:36.182Z</time>
      </trkpt>
      <trkpt lat="55.574443" lon="37.208324">
        <ele>180.283619</ele>
        <time>2024-02-27T18:08:50.832Z</time>
      </trkpt>
      <trkpt lat="55.574180" lon="37.208491">
        <ele>180.967063</ele>
        <time>2024-02-27T18:08:57.189Z</time>
      </trkpt>
      <trkpt lat="55.574036" lon="37.208623">
        <ele>181.363747</ele>
        <time>2024-02-27T18:09:00.978Z</time>
      </trkpt>
      <trkpt lat="55.573862" lon="37.208819">
        <ele>181.868290</ele>
        <time>2024-02-27T18:09:05.981Z</time>
      </trkpt>
      <trkpt lat="55.573693" lon="37.209069">
        <ele>182.407134</ele>
        <time>2024-02-27T18:09:11.467Z</time>
      </trkpt>
      <trkpt lat="55.573538" lon="37.209373">
        <ele>182.973188</ele>
        <time>2024-02-27T18:09:17.427Z</time>
      </trkpt>
      <trkpt lat="55.573401" lon="37.209740">
        <ele>183.581302</ele>
        <time>2024-02-27T18:09:23.914Z</time>
      </trkpt>
      <trkpt lat="55.573305" lon="37.210112">
        <ele>184.146741</ele>
        <time>2024-02-27T18:09:30.054Z</time>
      </trkpt>
      <trkpt lat="55.573236" lon="37.210536">
        <ele>184.762278</ele>
        <time>2024-02-27T18:09:36.771Z</time>
      </trkpt>
      <trkpt lat="55.573203" lon="37.211358">
        <ele>185.921258</ele>
        <time>2024-02-27T18:09:49.088Z</time>
      </trkpt>
      <trkpt lat="55.573300" lon="37.212214">
        <ele>187.149089</ele>
        <time>2024-02-27T18:10:01.352Z</time>
      </trkpt>
      <trkpt lat="55.573397" lon="37.212748">
        <ele>187.937923</ele>
        <time>2024-02-27T18:10:08.837Z</time>
      </trkpt>
      <trkpt lat="55.573515" lon="37.213223">
        <ele>188.667612</ele>
        <time>2024-02-27T18:10:15.583Z</time>
      </trkpt>
      <trkpt lat="55.574159" lon="37.215337">
        <ele>191.145894</ele>
        <time>2024-02-27T18:10:47.044Z</time>
      </trkpt>
      <trkpt lat="55.574530" lon="37.216657">
        <ele>192.117161</ele>
        <time>2024-02-27T18:11:03.223Z</time>
      </trkpt>
      <trkpt lat="55.574737" lon="37.217243">
        <ele>192.135870</ele>
        <time>2024-02-27T18:11:10.100Z</time>
      </trkpt>
      <trkpt lat="55.574801" lon="37.217533">
        <ele>192.144300</ele>
        <time>2024-02-27T18:11:12.838Z</time>
      </trkpt>
      <trkpt lat="55.575159" lon="37.219087">
        <ele>192.170121</ele>
        <time>2024-02-27T18:11:26.113Z</time>
      </trkpt>
      <trkpt lat="55.576389" lon="37.224414">
        <ele>185.864055</ele>
        <time>2024-02-27T18:12:01.551Z</time>
      </trkpt>
      <trkpt lat="55.577539" lon="37.229503">
        <ele>180.216971</ele>
        <time>2024-02-27T18:12:35.926Z</time>
      </trkpt>
      <trkpt lat="55.577558" lon="37.229585">
        <ele>180.138015</ele>
        <time>2024-02-27T18:12:36.442Z</time>
      </trkpt>
      <trkpt lat="55.577866" lon="37.231515">
        <ele>178.416709</ele>
        <time>2024-02-27T18:12:50.121Z</time>
      </trkpt>
      <trkpt lat="55.578240" lon="37.233253">
        <ele>176.955958</ele>
        <time>2024-02-27T18:13:01.850Z</time>
      </trkpt>
      <trkpt lat="55.578238" lon="37.233696">
        <ele>176.607978</ele>
        <time>2024-02-27T18:13:04.814Z</time>
      </trkpt>
      <trkpt lat="55.578175" lon="37.233980">
        <ele>176.417010</ele>
        <time>2024-02-27T18:13:06.972Z</time>
      </trkpt>
      <trkpt lat="55.577959" lon="37.234667">
        <ele>176.628809</ele>
        <time>2024-02-27T18:13:12.669Z</time>
      </trkpt>
      <trkpt lat="55.577332" lon="37.236613">
        <ele>177.232302</ele>
        <time>2024-02-27T18:13:34.123Z</time>
      </trkpt>
      <trkpt lat="55.577099" lon="37.237355">
        <ele>178.468633</ele>
        <time>2024-02-27T18:13:47.195Z</time>
      </trkpt>
      <trkpt lat="55.575979" lon="37.240766">
        <ele>183.947422</ele>
        <time>2024-02-27T18:14:48.746Z</time>
      </trkpt>
      <trkpt lat="55.575809" lon="37.241485">
        <ele>184.720887</ele>
        <time>2024-02-27T18:14:57.182Z</time>
      </trkpt>
      <trkpt lat="55.575685" lon="37.242241">
        <ele>185.502121</ele>
        <time>2024-02-27T18:15:04.828Z</time>
      </trkpt>
      <trkpt lat="55.575576" lon="37.243298">
        <ele>185.396744</ele>
        <time>2024-02-27T18:15:12.934Z</time>
      </trkpt>
      <trkpt lat="55.575570" lon="37.244725">
        <ele>185.073659</ele>
        <time>2024-02-27T18:15:22.824Z</time>
      </trkpt>
      <trkpt lat="55.575658" lon="37.245777">
        <ele>184.926313</ele>
        <time>2024-02-27T18:15:31.437Z</time>
      </trkpt>
      <trkpt lat="55.575791" lon="37.246630">
        <ele>185.031955</ele>
        <time>2024-02-27T18:15:39.965Z</time>
      </trkpt>
      <trkpt lat="55.576034" lon="37.247654">
        <ele>185.164545</ele>
        <time>2024-02-27T18:15:51.003Z</time>
      </trkpt>
      <trkpt lat="55.576346" lon="37.248668">
        <ele>185.071732</ele>
        <time>2024-02-27T18:16:00.814Z</time>
      </trkpt>
      <trkpt lat="55.576759" lon="37.249785">
        <ele>183.939671</ele>
        <time>2024-02-27T18:16:09.899Z</time>
      </trkpt>
      <trkpt lat="55.577577" lon="37.252002">
        <ele>181.982260</ele>
        <time>2024-02-27T18:16:25.980Z</time>
      </trkpt>
      <trkpt lat="55.580454" lon="37.259947">
        <ele>177.353137</ele>
        <time>2024-02-27T18:17:33.656Z</time>
      </trkpt>
      <trkpt lat="55.580683" lon="37.260660">
        <ele>177.152071</ele>
        <time>2024-02-27T18:17:39.151Z</time>
      </trkpt>
      <trkpt lat="55.580840" lon="37.261323">
        <ele>176.975826</ele>
        <time>2024-02-27T18:17:44.383Z</time>
      </trkpt>
      <trkpt lat="55.580968" lon="37.262017">
        <ele>176.826600</ele>
        <time>2024-02-27T18:17:50.386Z</time>
      </trkpt>
      <trkpt lat="55.581041" lon="37.262564">
        <ele>177.777570</ele>
        <time>2024-02-27T18:17:55.575Z</time>
      </trkpt>
      <trkpt lat="55.581809" lon="37.272140">
        <ele>194.119372</ele>
        <time>2024-02-27T18:20:30.852Z</time>
      </trkpt>
      <trkpt lat="55.582073" lon="37.275740">
        <ele>196.600257</ele>
        <time>2024-02-27T18:21:09.110Z</time>
      </trkpt>
      <trkpt lat="55.582159" lon="37.277448">
        <ele>196.971781</ele>
        <time>2024-02-27T18:21:24.014Z</time>
      </trkpt>
      <trkpt lat="55.582155" lon="37.278760">
        <ele>196.901217</ele>
        <time>2024-02-27T18:21:34.592Z</time>
      </trkpt>
      <trkpt lat="55.582117" lon="37.279782">
        <ele>196.758100</ele>
        <time>2024-02-27T18:21:42.633Z</time>
      </trkpt>
      <trkpt lat="55.582050" lon="37.280747">
        <ele>196.622242</ele>
        <time>2024-02-27T18:21:50.136Z</time>
      </trkpt>
      <trkpt lat="55.581950" lon="37.281649">
        <ele>196.351180</ele>
        <time>2024-02-27T18:21:56.901Z</time>
      </trkpt>
      <trkpt lat="55.581642" lon="37.283616">
        <ele>195.666697</ele>
        <time>2024-02-27T18:22:12.031Z</time>
      </trkpt>
      <trkpt lat="55.581567" lon="37.284100">
        <ele>195.496462</ele>
        <time>2024-02-27T18:22:15.684Z</time>
      </trkpt>
      <trkpt lat="55.581233" lon="37.285543">
        <ele>194.939984</ele>
        <time>2024-02-27T18:22:26.937Z</time>
      </trkpt>
      <trkpt lat="55.580777" lon="37.287034">
        <ele>194.357234</ele>
        <time>2024-02-27T18:22:39.465Z</time>
      </trkpt>
      <trkpt lat="55.580249" lon="37.288386">
        <ele>193.996071</ele>
        <time>2024-02-27T18:22:51.797Z</time>
      </trkpt>
      <trkpt lat="55.579549" lon="37.289797">
        <ele>193.656473</ele>
        <time>2024-02-27T18:23:06.639Z</time>
      </trkpt>
      <trkpt lat="55.579078" lon="37.290520">
        <ele>193.574795</ele>
        <time>2024-02-27T18:23:15.501Z</time>
      </trkpt>
      <trkpt lat="55.577383" lon="37.292780">
        <ele>193.808860</ele>
        <time>2024-02-27T18:23:46.352Z</time>
      </trkpt>
      <trkpt lat="55.576825" lon="37.293356">
        <ele>194.059457</ele>
        <time>2024-02-27T18:23:58.149Z</time>
      </trkpt>
      <trkpt lat="55.576419" lon="37.293729">
        <ele>194.579006</ele>
        <time>2024-02-27T18:24:07.256Z</time>
      </trkpt>
      <trkpt lat="55.575609" lon="37.294389">
        <ele>195.591780</ele>
        <time>2024-02-27T18:24:25.723Z</time>
      </trkpt>
      <trkpt lat="55.574794" lon="37.294893">
        <ele>195.688176</ele>
        <time>2024-02-27T18:24:41.621Z</time>
      </trkpt>
      <trkpt lat="55.573835" lon="37.295306">
        <ele>195.035762</ele>
        <time>2024-02-27T18:24:53.672Z</time>
      </trkpt>
      <trkpt lat="55.573165" lon="37.295489">
        <ele>194.214591</ele>
        <time>2024-02-27T18:25:01.090Z</time>
      </trkpt>
      <trkpt lat="55.572835" lon="37.295522">
        <ele>193.652061</ele>
        <time>2024-02-27T18:25:04.610Z</time>
      </trkpt>
      <trkpt lat="55.570123" lon="37.295591">
        <ele>189.566846</ele>
        <time>2024-02-27T18:25:35.868Z</time>
      </trkpt>
      <trkpt lat="55.569740" lon="37.295690">
        <ele>189.043855</ele>
        <time>2024-02-27T18:25:40.728Z</time>
      </trkpt>
      <trkpt lat="55.569591" lon="37.295740">
        <ele>188.841976</ele>
        <time>2024-02-27T18:25:42.699Z</time>
      </trkpt>
      <trkpt lat="55.569310" lon="37.295837">
        <ele>188.460868</ele>
        <time>2024-02-27T18:25:46.105Z</time>
      </trkpt>
      <trkpt lat="55.568591" lon="37.296213">
        <ele>187.462816</ele>
        <time>2024-02-27T18:25:54.899Z</time>
      </trkpt>
      <trkpt lat="55.567836" lon="37.296830">
        <ele>186.233084</ele>
        <time>2024-02-27T18:26:04.324Z</time>
      </trkpt>
      <trkpt lat="55.567138" lon="37.297602">
        <ele>184.892068</ele>
        <time>2024-02-27T18:26:13.453Z</time>
      </trkpt>
      <trkpt lat="55.565726" lon="37.299397">
        <ele>182.555598</ele>
        <time>2024-02-27T18:26:33.801Z</time>
      </trkpt>
      <trkpt lat="55.564166" lon="37.301786">
        <ele>180.317804</ele>
        <time>2024-02-27T18:26:59.263Z</time>
      </trkpt>
      <trkpt lat="55.562925" lon="37.303943">
        <ele>178.051916</ele>
        <time>2024-02-27T18:27:19.922Z</time>
      </trkpt>
      <trkpt lat="55.562151" lon="37.305638">
        <ele>176.224005</ele>
        <time>2024-02-27T18:27:33.626Z</time>
      </trkpt>
      <trkpt lat="55.561493" lon="37.307591">
        <ele>174.706774</ele>
        <time>2024-02-27T18:27:48.430Z</time>
      </trkpt>
      <trkpt lat="55.560999" lon="37.309629">
        <ele>174.698301</ele>
        <time>2024-02-27T18:28:07.863Z</time>
      </trkpt>
      <trkpt lat="55.560686" lon="37.311555">
        <ele>175.056931</ele>
        <time>2024-02-27T18:28:29.753Z</time>
      </trkpt>
      <trkpt lat="55.560452" lon="37.313481">
        <ele>175.009842</ele>
        <time>2024-02-27T18:28:46.651Z</time>
      </trkpt>
      <trkpt lat="55.560346" lon="37.314913">
        <ele>173.368042</ele>
        <time>2024-02-27T18:28:55.773Z</time>
      </trkpt>
      <trkpt lat="55.560310" lon="37.316512">
        <ele>171.389773</ele>
        <time>2024-02-27T18:29:05.067Z</time>
      </trkpt>
      <trkpt lat="55.560314" lon="37.317856">
        <ele>168.926443</ele>
        <time>2024-02-27T18:29:12.679Z</time>
      </trkpt>
      <trkpt lat="55.560307" lon="37.318985">
        <ele>166.857077</ele>
        <time>2024-02-27T18:29:19.085Z</time>
      </trkpt>
      <trkpt lat="55.560355" lon="37.321801">
        <ele>162.519716</ele>
        <time>2024-02-27T18:29:35.521Z</time>
      </trkpt>
      <trkpt lat="55.560320" lon="37.323130">
        <ele>160.929679</ele>
        <time>2024-02-27T18:29:43.802Z</time>
      </trkpt>
      <trkpt lat="55.560161" lon="37.324644">
        <ele>159.844059</ele>
        <time>2024-02-27T18:29:53.990Z</time>
      </trkpt>
      <trkpt lat="55.559961" lon="37.326001">
        <ele>159.004312</ele>
        <time>2024-02-27T18:30:03.978Z</time>
      </trkpt>
      <trkpt lat="55.559679" lon="37.327305">
        <ele>158.850455</ele>
        <time>2024-02-27T18:30:15.001Z</time>
      </trkpt>
      <trkpt lat="55.559362" lon="37.328547">
        <ele>158.700285</ele>
        <time>2024-02-27T18:30:26.269Z</time>
      </trkpt>
      <trkpt lat="55.558905" lon="37.329488">
        <ele>159.010987</ele>
        <time>2024-02-27T18:30:37.503Z</time>
      </trkpt>
      <trkpt lat="55.558633" lon="37.330240">
        <ele>159.286194</ele>
        <time>2024-02-27T18:30:45.955Z</time>
      </trkpt>
      <trkpt lat="55.558494" lon="37.330646">
        <ele>159.432515</ele>
        <time>2024-02-27T18:30:51.350Z</time>
      </trkpt>
      <trkpt lat="55.558409" lon="37.330894">
        <ele>159.521920</ele>
        <time>2024-02-27T18:30:54.677Z</time>
      </trkpt>
      <trkpt lat="55.557966" lon="37.332154">
        <ele>159.707915</ele>
        <time>2024-02-27T18:31:08.993Z</time>
      </trkpt>
      <trkpt lat="55.557854" lon="37.332464">
        <ele>159.724353</ele>
        <time>2024-02-27T18:31:12.195Z</time>
      </trkpt>
      <trkpt lat="55.557676" lon="37.333017">
        <ele>159.752788</ele>
        <time>2024-02-27T18:31:17.689Z</time>
      </trkpt>
      <trkpt lat="55.557621" lon="37.333192">
        <ele>159.761735</ele>
        <time>2024-02-27T18:31:19.264Z</time>
      </trkpt>
      <trkpt lat="55.557096" lon="37.334619">
        <ele>159.249844</ele>
        <time>2024-02-27T18:31:32.187Z</time>
      </trkpt>
      <trkpt lat="55.556632" lon="37.335982">
        <ele>158.083770</ele>
        <time>2024-02-27T18:31:42.519Z</time>
      </trkpt>
      <trkpt lat="55.555403" lon="37.339786">
        <ele>154.138142</ele>
        <time>2024-02-27T18:32:10.368Z</time>
      </trkpt>
      <trkpt lat="55.555330" lon="37.340702">
        <ele>153.504237</ele>
        <time>2024-02-27T18:32:16.373Z</time>
      </trkpt>
      <trkpt lat="55.555096" lon="37.341406">
        <ele>152.944671</ele>
        <time>2024-02-27T18:32:21.810Z</time>
      </trkpt>
      <trkpt lat="55.554261" lon="37.343918">
        <ele>151.681585</ele>
        <time>2024-02-27T18:32:42.852Z</time>
      </trkpt>
      <trkpt lat="55.553134" lon="37.347293">
        <ele>151.193097</ele>
        <time>2024-02-27T18:33:13.804Z</time>
      </trkpt>
      <trkpt lat="55.552831" lon="37.347991">
        <ele>151.307271</ele>
        <time>2024-02-27T18:33:21.865Z</time>
      </trkpt>
      <trkpt lat="55.552581" lon="37.348459">
        <ele>151.622853</ele>
        <time>2024-02-27T18:33:28.401Z</time>
      </trkpt>
      <trkpt lat="55.551526" lon="37.350061">
        <ele>152.825830</ele>
        <time>2024-02-27T18:33:55.123Z</time>
      </trkpt>
      <trkpt lat="55.549480" lon="37.352951">
        <ele>154.444385</ele>
        <time>2024-02-27T18:34:42.317Z</time>
      </trkpt>
      <trkpt lat="55.549127" lon="37.353472">
        <ele>154.540191</ele>
        <time>2024-02-27T18:34:48.470Z</time>
      </trkpt>
      <trkpt lat="55.548810" lon="37.353977">
        <ele>154.619775</ele>
        <time>2024-02-27T18:34:54.008Z</time>
      </trkpt>
      <trkpt lat="55.546137" lon="37.358224">
        <ele>154.318881</ele>
        <time>2024-02-27T18:35:45.595Z</time>
      </trkpt>
      <trkpt lat="55.545150" lon="37.359878">
        <ele>155.568914</ele>
        <time>2024-02-27T18:36:10.434Z</time>
      </trkpt>
      <trkpt lat="55.544967" lon="37.360300">
        <ele>155.845392</ele>
        <time>2024-02-27T18:36:16.661Z</time>
      </trkpt>
      <trkpt lat="55.544862" lon="37.360720">
        <ele>156.189791</ele>
        <time>2024-02-27T18:36:22.049Z</time>
      </trkpt>
      <trkpt lat="55.544692" lon="37.361766">
        <ele>157.210777</ele>
        <time>2024-02-27T18:36:35.674Z</time>
      </trkpt>
      <trkpt lat="55.544385" lon="37.364767">
        <ele>159.381032</ele>
        <time>2024-02-27T18:37:12.871Z</time>
      </trkpt>
      <trkpt lat="55.544279" lon="37.365521">
        <ele>159.666891</ele>
        <time>2024-02-27T18:37:20.572Z</time>
      </trkpt>
      <trkpt lat="55.544161" lon="37.366143">
        <ele>159.908270</ele>
        <time>2024-02-27T18:37:26.143Z</time>
      </trkpt>
      <trkpt lat="55.543980" lon="37.366822">
        <ele>159.983278</ele>
        <time>2024-02-27T18:37:31.695Z</time>
      </trkpt>
      <trkpt lat="55.543825" lon="37.367310">
        <ele>159.667709</ele>
        <time>2024-02-27T18:37:35.667Z</time>
      </trkpt>
      <trkpt lat="55.543493" lon="37.367949">
        <ele>159.178509</ele>
        <time>2024-02-27T18:37:41.511Z</time>
      </trkpt>
      <trkpt lat="55.543073" lon="37.368654">
        <ele>158.601224</ele>
        <time>2024-02-27T18:37:48.383Z</time>
      </trkpt>
      <trkpt lat="55.542607" lon="37.369228">
        <ele>158.211244</ele>
        <time>2024-02-27T18:37:55.195Z</time>
      </trkpt>
      <trkpt lat="55.541502" lon="37.370253">
        <ele>157.757505</ele>
        <time>2024-02-27T18:38:11.412Z</time>
      </trkpt>
      <trkpt lat="55.540346" lon="37.371470">
        <ele>158.904710</ele>
        <time>2024-02-27T18:38:36.876Z</time>
      </trkpt>
      <trkpt lat="55.539423" lon="37.372504">
        <ele>160.026672</ele>
        <time>2024-02-27T18:39:00.416Z</time>
      </trkpt>
      <trkpt lat="55.538436" lon="37.373798">
        <ele>160.961157</ele>
        <time>2024-02-27T18:39:23.253Z</time>
      </trkpt>
      <trkpt lat="55.537125" lon="37.375767">
        <ele>159.746501</ele>
        <time>2024-02-27T18:39:44.213Z</time>
      </trkpt>
      <trkpt lat="55.535328" lon="37.379072">
        <ele>157.380261</ele>
        <time>2024-02-27T18:40:15.572Z</time>
      </trkpt>
      <trkpt lat="55.534611" lon="37.380617">
        <ele>156.921755</ele>
        <time>2024-02-27T18:40:31.233Z</time>
      </trkpt>
      <trkpt lat="55.534029" lon="37.381577">
        <ele>157.221132</ele>
        <time>2024-02-27T18:40:44.236Z</time>
      </trkpt>
      <trkpt lat="55.533660" lon="37.382397">
        <ele>157.554773</ele>
        <time>2024-02-27T18:40:54.524Z</time>
      </trkpt>
      <trkpt lat="55.533603" lon="37.382544">
        <ele>157.611523</ele>
        <time>2024-02-27T18:40:56.416Z</time>
      </trkpt>
      <trkpt lat="55.532643" lon="37.385281">
        <ele>159.007845</ele>
        <time>2024-02-27T18:41:30.434Z</time>
      </trkpt>
      <trkpt lat="55.531749" lon="37.388295">
        <ele>159.758779</ele>
        <time>2024-02-27T18:42:02.711Z</time>
      </trkpt>
      <trkpt lat="55.531654" lon="37.388615">
        <ele>159.811654</ele>
        <time>2024-02-27T18:42:05.585Z</time>
      </trkpt>
      <trkpt lat="55.531536" lon="37.388942">
        <ele>159.726858</ele>
        <time>2024-02-27T18:42:08.490Z</time>
      </trkpt>
      <trkpt lat="55.531425" lon="37.389108">
        <ele>159.581596</ele>
        <time>2024-02-27T18:42:10.368Z</time>
      </trkpt>
      <trkpt lat="55.531286" lon="37.389189">
        <ele>159.435392</ele>
        <time>2024-02-27T18:42:12.200Z</time>
      </trkpt>
      <trkpt lat="55.531050" lon="37.389214">
        <ele>159.199227</ele>
        <time>2024-02-27T18:42:15.120Z</time>
      </trkpt>
      <trkpt lat="55.530546" lon="37.388946">
        <ele>158.673474</ele>
        <time>2024-02-27T18:42:21.469Z</time>
      </trkpt>
      <trkpt lat="55.530206" lon="37.388764">
        <ele>158.318603</ele>
        <time>2024-02-27T18:42:25.746Z</time>
      </trkpt>
      <trkpt lat="55.529975" lon="37.388641">
        <ele>158.077605</ele>
        <time>2024-02-27T18:42:28.503Z</time>
      </trkpt>
      <trkpt lat="55.529674" lon="37.388408">
        <ele>157.553313</ele>
        <time>2024-02-27T18:42:32.255Z</time>
      </trkpt>
      <trkpt lat="55.529231" lon="37.388028">
        <ele>156.732606</ele>
        <time>2024-02-27T18:42:37.893Z</time>
      </trkpt>
      <trkpt lat="55.528913" lon="37.387630">
        <ele>156.083135</ele>
        <time>2024-02-27T18:42:42.286Z</time>
      </trkpt>
      <trkpt lat="55.528612" lon="37.387252">
        <ele>155.467686</ele>
        <time>2024-02-27T18:42:46.365Z</time>
      </trkpt>
      <trkpt lat="55.528160" lon="37.386682">
        <ele>154.346814</ele>
        <time>2024-02-27T18:42:52.694Z</time>
      </trkpt>
      <trkpt lat="55.527513" lon="37.385718">
        <ele>152.388245</ele>
        <time>2024-02-27T18:43:01.761Z</time>
      </trkpt>
      <trkpt lat="55.527232" lon="37.385184">
        <ele>151.433224</ele>
        <time>2024-02-27T18:43:06.100Z</time>
      </trkpt>
      <trkpt lat="55.526142" lon="37.383029">
        <ele>147.150995</ele>
        <time>2024-02-27T18:43:23.057Z</time>
      </trkpt>
      <trkpt lat="55.525856" lon="37.382434">
        <ele>146.017875</ele>
        <time>2024-02-27T18:43:27.621Z</time>
      </trkpt>
      <trkpt lat="55.525665" lon="37.381980">
        <ele>145.523622</ele>
        <time>2024-02-27T18:43:31.205Z</time>
      </trkpt>
      <trkpt lat="55.525627" lon="37.381637">
        <ele>145.218237</ele>
        <time>2024-02-27T18:43:33.319Z</time>
      </trkpt>
      <trkpt lat="55.525657" lon="37.381376">
        <ele>144.985532</ele>
        <time>2024-02-27T18:43:35.406Z</time>
      </trkpt>
      <trkpt lat="55.525885" lon="37.380530">
        <ele>144.166826</ele>
        <time>2024-02-27T18:43:41.421Z</time>
      </trkpt>
      <trkpt lat="55.525895" lon="37.380209">
        <ele>143.885928</ele>
        <time>2024-02-27T18:43:44.151Z</time>
      </trkpt>
      <trkpt lat="55.525871" lon="37.379851">
        <ele>143.570939</ele>
        <time>2024-02-27T18:43:46.299Z</time>
      </trkpt>
      <trkpt lat="55.525816" lon="37.379645">
        <ele>143.371927</ele>
        <time>2024-02-27T18:43:48.074Z</time>
      </trkpt>
      <trkpt lat="55.525771" lon="37.379472">
        <ele>143.355203</ele>
        <time>2024-02-27T18:43:49.279Z</time>
      </trkpt>
      <trkpt lat="55.525636" lon="37.379222">
        <ele>143.507805</ele>
        <time>2024-02-27T18:43:51.620Z</time>
      </trkpt>
      <trkpt lat="55.525459" lon="37.379031">
        <ele>143.669638</ele>
        <time>2024-02-27T18:43:54.247Z</time>
      </trkpt>
      <trkpt lat="55.524725" lon="37.378254">
        <ele>144.337303</ele>
        <time>2024-02-27T18:44:11.515Z</time>
      </trkpt>
      <trkpt lat="55.523965" lon="37.377446">
        <ele>145.842636</ele>
        <time>2024-02-27T18:44:30.881Z</time>
      </trkpt>
      <trkpt lat="55.523178" lon="37.376608">
        <ele>148.375956</ele>
        <time>2024-02-27T18:44:55.539Z</time>
      </trkpt>
      <trkpt lat="55.522603" lon="37.375946">
        <ele>150.260143</ele>
        <time>2024-02-27T18:45:15.488Z</time>
      </trkpt>
      <trkpt lat="55.521787" lon="37.374593">
        <ele>153.304621</ele>
        <time>2024-02-27T18:45:44.498Z</time>
      </trkpt>
      <trkpt lat="55.521588" lon="37.374285">
        <ele>154.024368</ele>
        <time>2024-02-27T18:45:50.860Z</time>
      </trkpt>
      <trkpt lat="55.519967" lon="37.371583">
        <ele>158.396530</ele>
        <time>2024-02-27T18:46:40.973Z</time>
      </trkpt>
      <trkpt lat="55.519238" lon="37.370427">
        <ele>159.938207</ele>
        <time>2024-02-27T18:47:01.695Z</time>
      </trkpt>
      <trkpt lat="55.518490" lon="37.369183">
        <ele>161.270456</ele>
        <time>2024-02-27T18:47:22.667Z</time>
      </trkpt>
      <trkpt lat="55.518232" lon="37.368750">
        <ele>161.601224</ele>
        <time>2024-02-27T18:47:29.126Z</time>
      </trkpt>
      <trkpt lat="55.517792" lon="37.368009">
        <ele>162.166252</ele>
        <time>2024-02-27T18:47:39.552Z</time>
      </trkpt>
      <trkpt lat="55.517453" lon="37.367447">
        <ele>162.566115</ele>
        <time>2024-02-27T18:47:48.113Z</time>
      </trkpt>
      <trkpt lat="55.516991" lon="37.366645">
        <ele>162.876948</ele>
        <time>2024-02-27T18:47:59.687Z</time>
      </trkpt>
      <trkpt lat="55.516768" lon="37.366233">
        <ele>163.031798</ele>
        <time>2024-02-27T18:48:05.039Z</time>
      </trkpt>
      <trkpt lat="55.516584" lon="37.365618">
        <ele>163.220771</ele>
        <time>2024-02-27T18:48:11.286Z</time>
      </trkpt>
      <trkpt lat="55.516347" lon="37.364947">
        <ele>163.399751</ele>
        <time>2024-02-27T18:48:18.567Z</time>
      </trkpt>
      <trkpt lat="55.514516" lon="37.360817">
        <ele>163.585248</ele>
        <time>2024-02-27T18:49:02.805Z</time>
      </trkpt>
      <trkpt lat="55.514407" lon="37.360567">
        <ele>163.597371</ele>
        <time>2024-02-27T18:49:05.656Z</time>
      </trkpt>
      <trkpt lat="55.514076" lon="37.359820">
        <ele>163.578725</ele>
        <time>2024-02-27T18:49:14.263Z</time>
      </trkpt>
      <trkpt lat="55.513726" lon="37.360489">
        <ele>163.449978</ele>
        <time>2024-02-27T18:49:21.853Z</time>
      </trkpt>
      <trkpt lat="55.513641" lon="37.360653">
        <ele>163.418551</ele>
        <time>2024-02-27T18:49:23.475Z</time>
      </trkpt>
      <trkpt lat="55.513610" lon="37.360713">
        <ele>163.407070</ele>
        <time>2024-02-27T18:49:24.087Z</time>
      </trkpt>
      <trkpt lat="55.513514" lon="37.360964">
        <ele>163.364256</ele>
        <time>2024-02-27T18:49:26.294Z</time>
      </trkpt>
      <trkpt lat="55.513463" lon="37.361173">
        <ele>163.332087</ele>
        <time>2024-02-27T18:49:27.875Z</time>
      </trkpt>
      <trkpt lat="55.513423" lon="37.361656">
        <ele>163.263090</ele>
        <time>2024-02-27T18:49:31.307Z</time>
      </trkpt>
      <trkpt lat="55.513434" lon="37.361844">
        <ele>163.236375</ele>
        <time>2024-02-27T18:49:32.692Z</time>
      </trkpt>
      <trkpt lat="55.513499" lon="37.362205">
        <ele>163.182830</ele>
        <time>2024-02-27T18:49:35.526Z</time>
      </trkpt>
      <trkpt lat="55.513627" lon="37.362484">
        <ele>163.198179</ele>
        <time>2024-02-27T18:49:38.417Z</time>
      </trkpt>
      <trkpt lat="55.513769" lon="37.362980">
        <ele>163.246421</ele>
        <time>2024-02-27T18:49:43.669Z</time>
      </trkpt>
      <trkpt lat="55.513829" lon="37.363475">
        <ele>163.290359</ele>
        <time>2024-02-27T18:49:48.875Z</time>
      </trkpt>
      <trkpt lat="55.513823" lon="37.363922">
        <ele>163.329168</ele>
        <time>2024-02-27T18:49:52.850Z</time>
      </trkpt>
      <trkpt lat="55.513724" lon="37.364523">
        <ele>163.383496</ele>
        <time>2024-02-27T18:49:58.052Z</time>
      </trkpt>
      <trkpt lat="55.513607" lon="37.364821">
        <ele>163.414972</ele>
        <time>2024-02-27T18:50:01.455Z</time>
      </trkpt>
      <trkpt lat="55.513443" lon="37.365133">
        <ele>163.456716</ele>
        <time>2024-02-27T18:50:04.996Z</time>
      </trkpt>
      <trkpt lat="55.513365" lon="37.365233">
        <ele>163.493829</ele>
        <time>2024-02-27T18:50:06.659Z</time>
      </trkpt>
      <trkpt lat="55.513010" lon="37.365697">
        <ele>163.663887</ele>
        <time>2024-02-27T18:50:13.340Z</time>
      </trkpt>
      <trkpt lat="55.512855" lon="37.365899">
        <ele>163.738061</ele>
        <time>2024-02-27T18:50:16.475Z</time>
      </trkpt>
      <trkpt lat="55.512679" lon="37.366062">
        <ele>163.814584</ele>
        <time>2024-02-27T18:50:20.176Z</time>
      </trkpt>
      <trkpt lat="55.512553" lon="37.366124">
        <ele>163.864949</ele>
        <time>2024-02-27T18:50:22.371Z</time>
      </trkpt>
      <trkpt lat="55.512217" lon="37.366239">
        <ele>163.996735</ele>
        <time>2024-02-27T18:50:28.231Z</time>
      </trkpt>
      <trkpt lat="55.511781" lon="37.366396">
        <ele>164.166401</ele>
        <time>2024-02-27T18:50:35.412Z</time>
      </trkpt>
      <trkpt lat="55.511670" lon="37.366413">
        <ele>164.206619</ele>
        <time>2024-02-27T18:50:37.279Z</time>
      </trkpt>
      <trkpt lat="55.511557" lon="37.366441">
        <ele>164.247808</ele>
        <time>2024-02-27T18:50:39.059Z</time>
      </trkpt>
      <trkpt lat="55.511344" lon="37.366538">
        <ele>164.327209</ele>
        <time>2024-02-27T18:50:42.702Z</time>
      </trkpt>
      <trkpt lat="55.511333" lon="37.366545">
        <ele>164.331429</ele>
        <time>2024-02-27T18:50:42.911Z</time>
      </trkpt>
      <trkpt lat="55.510753" lon="37.366915">
        <ele>164.554030</ele>
        <time>2024-02-27T18:50:52.386Z</time>
      </trkpt>
      <trkpt lat="55.510592" lon="37.367009">
        <ele>164.615239</ele>
        <time>2024-02-27T18:50:55.358Z</time>
      </trkpt>
      <trkpt lat="55.510366" lon="37.366799">
        <ele>164.707421</ele>
        <time>2024-02-27T18:51:00.381Z</time>
      </trkpt>
      <trkpt lat="55.510179" lon="37.366685">
        <ele>164.778831</ele>
        <time>2024-02-27T18:51:04.825Z</time>
      </trkpt>
      <trkpt lat="55.509565" lon="37.366710">
        <ele>165.448770</ele>
        <time>2024-02-27T18:51:19.743Z</time>
      </trkpt>
      <trkpt lat="55.509472" lon="37.366715">
        <ele>165.554064</ele>
        <time>2024-02-27T18:51:21.633Z</time>
      </trkpt>
      <trkpt lat="55.509383" lon="37.366721">
        <ele>165.654856</ele>
        <time>2024-02-27T18:51:23.245Z</time>
      </trkpt>
      <trkpt lat="55.509388" lon="37.367815">
        <ele>166.355949</ele>
        <time>2024-02-27T18:51:35.679Z</time>
      </trkpt>
      <trkpt lat="55.509336" lon="37.368013">
        <ele>166.495816</ele>
        <time>2024-02-27T18:51:37.554Z</time>
      </trkpt>
      <trkpt lat="55.509281" lon="37.368099">
        <ele>166.578951</ele>
        <time>2024-02-27T18:51:39.411Z</time>
      </trkpt>
      <trkpt lat="55.509214" lon="37.368142">
        <ele>166.659624</ele>
        <time>2024-02-27T18:51:41.276Z</time>
      </trkpt>
      <trkpt lat="55.507559" lon="37.368271">
        <ele>170.062780</ele>
        <time>2024-02-27T18:52:20.051Z</time>
      </trkpt>
      <trkpt lat="55.506534" lon="37.368352">
        <ele>171.765402</ele>
        <time>2024-02-27T18:52:45.069Z</time>
      </trkpt>
      <trkpt lat="55.504469" lon="37.368296">
        <ele>173.720807</ele>
        <time>2024-02-27T18:53:22.965Z</time>
      </trkpt>
      <trkpt lat="55.503950" lon="37.368384">
        <ele>173.926269</ele>
        <time>2024-02-27T18:53:30.297Z</time>
      </trkpt>
      <trkpt lat="55.503392" lon="37.368565">
        <ele>174.048664</ele>
        <time>2024-02-27T18:53:38.236Z</time>
      </trkpt>
      <trkpt lat="55.503108" lon="37.368605">
        <ele>174.062762</ele>
        <time>2024-02-27T18:53:42.189Z</time>
      </trkpt>
      <trkpt lat="55.502764" lon="37.368585">
        <ele>174.079793</ele>
        <time>2024-02-27T18:53:46.975Z</time>
      </trkpt>
      <trkpt lat="55.501350" lon="37.368276">
        <ele>174.435936</ele>
        <time>2024-02-27T18:54:10.161Z</time>
      </trkpt>
      <trkpt lat="55.500733" lon="37.368221">
        <ele>174.788024</ele>
        <time>2024-02-27T18:54:21.200Z</time>
      </trkpt>
      <trkpt lat="55.500622" lon="37.368268">
        <ele>174.853079</ele>
        <time>2024-02-27T18:54:23.227Z</time>
      </trkpt>
      <trkpt lat="55.500500" lon="37.368375">
        <ele>174.930716</ele>
        <time>2024-02-27T18:54:25.616Z</time>
      </trkpt>
      <trkpt lat="55.500350" lon="37.368673">
        <ele>175.059408</ele>
        <time>2024-02-27T18:54:29.552Z</time>
      </trkpt>
      <trkpt lat="55.500244" lon="37.369201">
        <ele>175.175349</ele>
        <time>2024-02-27T18:54:35.019Z</time>
      </trkpt>
      <trkpt lat="55.500226" lon="37.369455">
        <ele>175.199712</ele>
        <time>2024-02-27T18:54:37.501Z</time>
      </trkpt>
      <trkpt lat="55.500074" lon="37.372464">
        <ele>175.412444</ele>
        <time>2024-02-27T18:55:03.317Z</time>
      </trkpt>
      <trkpt lat="55.499810" lon="37.376323">
        <ele>174.939242</ele>
        <time>2024-02-27T18:55:34.123Z</time>
      </trkpt>
      <trkpt lat="55.499651" lon="37.380115">
        <ele>173.483752</ele>
        <time>2024-02-27T18:56:03.381Z</time>
      </trkpt>
      <trkpt lat="55.499639" lon="37.380355">
        <ele>173.333011</ele>
        <time>2024-02-27T18:56:05.136Z</time>
      </trkpt>
      <trkpt lat="55.499460" lon="37.384040">
        <ele>169.417956</ele>
        <time>2024-02-27T18:56:27.763Z</time>
      </trkpt>
      <trkpt lat="55.499350" lon="37.384721">
        <ele>168.538865</ele>
        <time>2024-02-27T18:56:31.866Z</time>
      </trkpt>
      <trkpt lat="55.499253" lon="37.384978">
        <ele>168.428731</ele>
        <time>2024-02-27T18:56:33.572Z</time>
      </trkpt>
      <trkpt lat="55.492140" lon="37.399832">
        <ele>161.549604</ele>
        <time>2024-02-27T18:58:58.715Z</time>
      </trkpt>
      <trkpt lat="55.491877" lon="37.400382">
        <ele>161.196413</ele>
        <time>2024-02-27T18:59:03.797Z</time>
      </trkpt>
      <trkpt lat="55.491622" lon="37.400854">
        <ele>160.876352</ele>
        <time>2024-02-27T18:59:08.386Z</time>
      </trkpt>
      <trkpt lat="55.491385" lon="37.401208">
        <ele>160.607424</ele>
        <time>2024-02-27T18:59:12.246Z</time>
      </trkpt>
      <trkpt lat="55.490955" lon="37.401689">
        <ele>160.262060</ele>
        <time>2024-02-27T18:59:18.276Z</time>
      </trkpt>
      <trkpt lat="55.490777" lon="37.401833">
        <ele>160.181044</ele>
        <time>2024-02-27T18:59:20.625Z</time>
      </trkpt>
      <trkpt lat="55.490440" lon="37.402010">
        <ele>160.035565</ele>
        <time>2024-02-27T18:59:24.667Z</time>
      </trkpt>
      <trkpt lat="55.490020" lon="37.402056">
        <ele>159.861453</ele>
        <time>2024-02-27T18:59:29.835Z</time>
      </trkpt>
      <trkpt lat="55.489995" lon="37.402053">
        <ele>159.851085</ele>
        <time>2024-02-27T18:59:30.123Z</time>
      </trkpt>
      <trkpt lat="55.488848" lon="37.401754">
        <ele>160.468114</ele>
        <time>2024-02-27T18:59:51.993Z</time>
      </trkpt>
      <trkpt lat="55.487804" lon="37.401469">
        <ele>162.080349</ele>
        <time>2024-02-27T19:00:15.651Z</time>
      </trkpt>
      <trkpt lat="55.487593" lon="37.401410">
        <ele>162.378476</ele>
        <time>2024-02-27T19:00:20.756Z</time>
      </trkpt>
      <trkpt lat="55.487613" lon="37.401019">
        <ele>162.549134</ele>
        <time>2024-02-27T19:00:26.075Z</time>
      </trkpt>
      <trkpt lat="55.487956" lon="37.393715">
        <ele>165.211529</ele>
        <time>2024-02-27T19:01:34.488Z</time>
      </trkpt>
      <trkpt lat="55.487969" lon="37.392575">
        <ele>165.801629</ele>
        <time>2024-02-27T19:01:46.656Z</time>
      </trkpt>
      <trkpt lat="55.487945" lon="37.392174">
        <ele>166.010312</ele>
        <time>2024-02-27T19:01:51.391Z</time>
      </trkpt>
      <trkpt lat="55.487885" lon="37.391680">
        <ele>166.501225</ele>
        <time>2024-02-27T19:01:57.590Z</time>
      </trkpt>
      <trkpt lat="55.487797" lon="37.391238">
        <ele>167.088706</ele>
        <time>2024-02-27T19:02:03.644Z</time>
      </trkpt>
      <trkpt lat="55.487666" lon="37.390767">
        <ele>167.746655</ele>
        <time>2024-02-27T19:02:10.778Z</time>
      </trkpt>
      <trkpt lat="55.487465" lon="37.390210">
        <ele>168.574760</ele>
        <time>2024-02-27T19:02:20.159Z</time>
      </trkpt>
      <trkpt lat="55.486577" lon="37.388080">
        <ele>171.659950</ele>
        <time>2024-02-27T19:02:56.985Z</time>
      </trkpt>
      <trkpt lat="55.486164" lon="37.386944">
        <ele>173.135309</ele>
        <time>2024-02-27T19:03:13.689Z</time>
      </trkpt>
      <trkpt lat="55.485925" lon="37.386140">
        <ele>173.940591</ele>
        <time>2024-02-27T19:03:23.666Z</time>
      </trkpt>
      <trkpt lat="55.485703" lon="37.385228">
        <ele>174.667147</ele>
        <time>2024-02-27T19:03:33.947Z</time>
      </trkpt>
      <trkpt lat="55.485317" lon="37.383173">
        <ele>176.294731</ele>
        <time>2024-02-27T19:03:59.197Z</time>
      </trkpt>
      <trkpt lat="55.484923" lon="37.380774">
        <ele>178.336574</ele>
        <time>2024-02-27T19:04:28.555Z</time>
      </trkpt>
      <trkpt lat="55.484628" lon="37.378999">
        <ele>179.319462</ele>
        <time>2024-02-27T19:04:49.488Z</time>
      </trkpt>
      <trkpt lat="55.484463" lon="37.378010">
        <ele>179.836431</ele>
        <time>2024-02-27T19:04:59.442Z</time>
      </trkpt>
      <trkpt lat="55.484352" lon="37.377372">
        <ele>180.094269</ele>
        <time>2024-02-27T19:05:05.491Z</time>
      </trkpt>
      <trkpt lat="55.484124" lon="37.376243">
        <ele>180.231965</ele>
        <time>2024-02-27T19:05:16.508Z</time>
      </trkpt>
      <trkpt lat="55.483831" lon="37.375086">
        <ele>180.377558</ele>
        <time>2024-02-27T19:05:27.608Z</time>
      </trkpt>
      <trkpt lat="55.483433" lon="37.373815">
        <ele>180.316425</ele>
        <time>2024-02-27T19:05:39.590Z</time>
      </trkpt>
      <trkpt lat="55.483108" lon="37.372943">
        <ele>180.183884</ele>
        <time>2024-02-27T19:05:47.934Z</time>
      </trkpt>
      <trkpt lat="55.483022" lon="37.372732">
        <ele>180.150877</ele>
        <time>2024-02-27T19:05:49.929Z</time>
      </trkpt>
      <trkpt lat="55.482705" lon="37.371956">
        <ele>180.030366</ele>
        <time>2024-02-27T19:05:57.217Z</time>
      </trkpt>
      <trkpt lat="55.482559" lon="37.371524">
        <ele>179.983586</ele>
        <time>2024-02-27T19:06:01.013Z</time>
      </trkpt>
      <trkpt lat="55.482468" lon="37.371170">
        <ele>179.947435</ele>
        <time>2024-02-27T19:06:03.970Z</time>
      </trkpt>
      <trkpt lat="55.482334" lon="37.370387">
        <ele>179.871366</ele>
        <time>2024-02-27T19:06:10.468Z</time>
      </trkpt>
      <trkpt lat="55.482299" lon="37.369872">
        <ele>179.823127</ele>
        <time>2024-02-27T19:06:14.707Z</time>
      </trkpt>
      <trkpt lat="55.482296" lon="37.369314">
        <ele>179.771230</ele>
        <time>2024-02-27T19:06:19.208Z</time>
      </trkpt>
      <trkpt lat="55.483089" lon="37.357183">
        <ele>181.894517</ele>
        <time>2024-02-27T19:08:10.399Z</time>
      </trkpt>
      <trkpt lat="55.483150" lon="37.356239">
        <ele>182.107781</ele>
        <time>2024-02-27T19:08:19.587Z</time>
      </trkpt>
      <trkpt lat="55.483183" lon="37.355726">
        <ele>182.239049</ele>
        <time>2024-02-27T19:08:24.712Z</time>
      </trkpt>
      <trkpt lat="55.483208" lon="37.355310">
        <ele>182.345410</ele>
        <time>2024-02-27T19:08:28.718Z</time>
      </trkpt>
      <trkpt lat="55.483468" lon="37.351401">
        <ele>183.189328</ele>
        <time>2024-02-27T19:09:05.424Z</time>
      </trkpt>
      <trkpt lat="55.483956" lon="37.343434">
        <ele>183.877043</ele>
        <time>2024-02-27T19:10:15.588Z</time>
      </trkpt>
      <trkpt lat="55.484004" lon="37.342376">
        <ele>183.787927</ele>
        <time>2024-02-27T19:10:23.822Z</time>
      </trkpt>
      <trkpt lat="55.484047" lon="37.340797">
        <ele>183.655200</ele>
        <time>2024-02-27T19:10:35.967Z</time>
      </trkpt>
      <trkpt lat="55.483962" lon="37.336899">
        <ele>184.343342</ele>
        <time>2024-02-27T19:11:11.444Z</time>
      </trkpt>
      <trkpt lat="55.483983" lon="37.335963">
        <ele>184.775103</ele>
        <time>2024-02-27T19:11:21.725Z</time>
      </trkpt>
      <trkpt lat="55.483998" lon="37.335617">
        <ele>184.935048</ele>
        <time>2024-02-27T19:11:25.708Z</time>
      </trkpt>
      <trkpt lat="55.484010" lon="37.335412">
        <ele>185.030040</ele>
        <time>2024-02-27T19:11:27.861Z</time>
      </trkpt>
      <trkpt lat="55.483878" lon="37.335387">
        <ele>185.138029</ele>
        <time>2024-02-27T19:11:30.574Z</time>
      </trkpt>
      <trkpt lat="55.483678" lon="37.335335">
        <ele>185.302472</ele>
        <time>2024-02-27T19:11:34.557Z</time>
      </trkpt>
      <trkpt lat="55.482241" lon="37.335031">
        <ele>185.479861</ele>
        <time>2024-02-27T19:11:58.141Z</time>
      </trkpt>
      <trkpt lat="55.482088" lon="37.335045">
        <ele>185.465722</ele>
        <time>2024-02-27T19:12:00.049Z</time>
      </trkpt>
      <trkpt lat="55.481892" lon="37.335108">
        <ele>185.447337</ele>
        <time>2024-02-27T19:12:02.562Z</time>
      </trkpt>
      <trkpt lat="55.481730" lon="37.335211">
        <ele>185.431446</ele>
        <time>2024-02-27T19:12:04.685Z</time>
      </trkpt>
      <trkpt lat="55.480816" lon="37.336061">
        <ele>184.656588</ele>
        <time>2024-02-27T19:12:17.274Z</time>
      </trkpt>
      <trkpt lat="55.479060" lon="37.337571">
        <ele>183.200731</ele>
        <time>2024-02-27T19:12:41.845Z</time>
      </trkpt>
      <trkpt lat="55.478719" lon="37.338000">
        <ele>182.940296</ele>
        <time>2024-02-27T19:12:47.409Z</time>
      </trkpt>
      <trkpt lat="55.477952" lon="37.339286">
        <ele>182.667548</ele>
        <time>2024-02-27T19:13:02.047Z</time>
      </trkpt>
      <trkpt lat="55.477571" lon="37.339837">
        <ele>182.633834</ele>
        <time>2024-02-27T19:13:09.241Z</time>
      </trkpt>
      <trkpt lat="55.477250" lon="37.340163">
        <ele>182.608486</ele>
        <time>2024-02-27T19:13:14.960Z</time>
      </trkpt>
      <trkpt lat="55.475244" lon="37.341837">
        <ele>183.089525</ele>
        <time>2024-02-27T19:13:50.536Z</time>
      </trkpt>
      <trkpt lat="55.474391" lon="37.342549">
        <ele>183.046903</ele>
        <time>2024-02-27T19:14:04.672Z</time>
      </trkpt>
      <trkpt lat="55.473028" lon="37.343656">
        <ele>182.754673</ele>
        <time>2024-02-27T19:14:25.547Z</time>
      </trkpt>
      <trkpt lat="55.472742" lon="37.343946">
        <ele>182.650163</ele>
        <time>2024-02-27T19:14:29.990Z</time>
      </trkpt>
      <trkpt lat="55.472488" lon="37.344292">
        <ele>182.548496</ele>
        <time>2024-02-27T19:14:34.358Z</time>
      </trkpt>
      <trkpt lat="55.471953" lon="37.345571">
        <ele>182.069479</ele>
        <time>2024-02-27T19:14:46.610Z</time>
      </trkpt>
      <trkpt lat="55.471598" lon="37.346257">
        <ele>181.726761</ele>
        <time>2024-02-27T19:14:53.590Z</time>
      </trkpt>
      <trkpt lat="55.471335" lon="37.346609">
        <ele>181.511881</ele>
        <time>2024-02-27T19:14:57.789Z</time>
      </trkpt>
      <trkpt lat="55.470678" lon="37.347356">
        <ele>180.671289</ele>
        <time>2024-02-27T19:15:07.305Z</time>
      </trkpt>
      <trkpt lat="55.468401" lon="37.349826">
        <ele>176.797204</ele>
        <time>2024-02-27T19:15:37.720Z</time>
      </trkpt>
      <trkpt lat="55.467773" lon="37.350557">
        <ele>175.903343</ele>
        <time>2024-02-27T19:15:46.733Z</time>
      </trkpt>
      <trkpt lat="55.467545" lon="37.350978">
        <ele>175.692222</ele>
        <time>2024-02-27T19:15:50.817Z</time>
      </trkpt>
      <trkpt lat="55.466698" lon="37.352995">
        <ele>174.904022</ele>
        <time>2024-02-27T19:16:09.797Z</time>
      </trkpt>
      <trkpt lat="55.466163" lon="37.354205">
        <ele>174.874322</ele>
        <time>2024-02-27T19:16:22.062Z</time>
      </trkpt>
      <trkpt lat="55.465683" lon="37.355371">
        <ele>174.818290</ele>
        <time>2024-02-27T19:16:35.495Z</time>
      </trkpt>
      <trkpt lat="55.465530" lon="37.355819">
        <ele>174.715051</ele>
        <time>2024-02-27T19:16:40.246Z</time>
      </trkpt>
      <trkpt lat="55.465471" lon="37.356070">
        <ele>174.661415</ele>
        <time>2024-02-27T19:16:42.649Z</time>
      </trkpt>
      <trkpt lat="55.465391" lon="37.356819">
        <ele>174.510966</ele>
        <time>2024-02-27T19:16:48.621Z</time>
      </trkpt>
      <trkpt lat="55.465334" lon="37.357471">
        <ele>174.380745</ele>
        <time>2024-02-27T19:16:53.462Z</time>
      </trkpt>
      <trkpt lat="55.465269" lon="37.357749">
        <ele>174.321385</ele>
        <time>2024-02-27T19:16:55.592Z</time>
      </trkpt>
      <trkpt lat="55.465050" lon="37.358206">
        <ele>174.152558</ele>
        <time>2024-02-27T19:16:59.712Z</time>
      </trkpt>
      <trkpt lat="55.464919" lon="37.358341">
        <ele>173.965454</ele>
        <time>2024-02-27T19:17:01.611Z</time>
      </trkpt>
      <trkpt lat="55.464782" lon="37.358360">
        <ele>173.795979</ele>
        <time>2024-02-27T19:17:03.317Z</time>
      </trkpt>
      <trkpt lat="55.464620" lon="37.358337">
        <ele>173.595549</ele>
        <time>2024-02-27T19:17:05.307Z</time>
      </trkpt>
      <trkpt lat="55.464408" lon="37.358219">
        <ele>173.321395</ele>
        <time>2024-02-27T19:17:08.009Z</time>
      </trkpt>
      <trkpt lat="55.463722" lon="37.357616">
        <ele>172.376168</ele>
        <time>2024-02-27T19:17:16.753Z</time>
      </trkpt>
      <trkpt lat="55.463537" lon="37.357419">
        <ele>172.109668</ele>
        <time>2024-02-27T19:17:19.228Z</time>
      </trkpt>
      <trkpt lat="55.463209" lon="37.356890">
        <ele>171.842970</ele>
        <time>2024-02-27T19:17:24.524Z</time>
      </trkpt>
      <trkpt lat="55.463031" lon="37.356799">
        <ele>171.759438</ele>
        <time>2024-02-27T19:17:26.930Z</time>
      </trkpt>
      <trkpt lat="55.462869" lon="37.356892">
        <ele>171.682650</ele>
        <time>2024-02-27T19:17:29.141Z</time>
      </trkpt>
      <trkpt lat="55.462171" lon="37.357983">
        <ele>171.262290</ele>
        <time>2024-02-27T19:17:42.075Z</time>
      </trkpt>
      <trkpt lat="55.461379" lon="37.358944">
        <ele>171.877353</ele>
        <time>2024-02-27T19:17:58.536Z</time>
      </trkpt>
      <trkpt lat="55.459536" lon="37.361079">
        <ele>173.937822</ele>
        <time>2024-02-27T19:18:41.802Z</time>
      </trkpt>
      <trkpt lat="55.459511" lon="37.361209">
        <ele>174.016361</ele>
        <time>2024-02-27T19:18:43.358Z</time>
      </trkpt>
      <trkpt lat="55.459538" lon="37.361399">
        <ele>174.128427</ele>
        <time>2024-02-27T19:18:45.440Z</time>
      </trkpt>
      <trkpt lat="55.460012" lon="37.362632">
        <ele>174.658365</ele>
        <time>2024-02-27T19:18:59.736Z</time>
      </trkpt>
      <trkpt lat="55.462030" lon="37.368050">
        <ele>175.309847</ele>
        <time>2024-02-27T19:19:57.000Z</time>
      </trkpt>
      <trkpt lat="55.461283" lon="37.371535">
        <ele>174.900053</ele>
        <time>2024-02-27T19:20:26.070Z</time>
      </trkpt>
      <trkpt lat="55.461218" lon="37.372095">
        <ele>174.808131</ele>
        <time>2024-02-27T19:20:30.457Z</time>
      </trkpt>
      <trkpt lat="55.460861" lon="37.376188">
        <ele>174.404705</ele>
        <time>2024-02-27T19:21:03.875Z</time>
      </trkpt>
      <trkpt lat="55.460882" lon="37.376397">
        <ele>174.384443</ele>
        <time>2024-02-27T19:21:05.825Z</time>
      </trkpt>
      <trkpt lat="55.460916" lon="37.376456">
        <ele>174.372619</ele>
        <time>2024-02-27T19:21:06.567Z</time>
      </trkpt>
      <trkpt lat="55.461025" lon="37.376581">
        <ele>174.340388</ele>
        <time>2024-02-27T19:21:08.333Z</time>
      </trkpt>
      <trkpt lat="55.462327" lon="37.376821">
        <ele>174.015859</ele>
        <time>2024-02-27T19:21:26.745Z</time>
      </trkpt>
      <trkpt lat="55.462427" lon="37.376840">
        <ele>173.990925</ele>
        <time>2024-02-27T19:21:28.044Z</time>
      </trkpt>
      <trkpt lat="55.463240" lon="37.376983">
        <ele>173.920726</ele>
        <time>2024-02-27T19:21:39.057Z</time>
      </trkpt>
      <trkpt lat="55.463340" lon="37.377001">
        <ele>173.916451</ele>
        <time>2024-02-27T19:21:40.417Z</time>
      </trkpt>
      <trkpt lat="55.463505" lon="37.377103">
        <ele>173.909014</ele>
        <time>2024-02-27T19:21:42.778Z</time>
      </trkpt>
      <trkpt lat="55.466944" lon="37.380287">
        <ele>175.243419</ele>
        <time>2024-02-27T19:22:45.210Z</time>
      </trkpt>
      <trkpt lat="55.467342" lon="37.380655">
        <ele>175.547420</ele>
        <time>2024-02-27T19:22:54.580Z</time>
      </trkpt>
      <trkpt lat="55.467479" lon="37.380756">
        <ele>175.650174</ele>
        <time>2024-02-27T19:22:57.570Z</time>
      </trkpt>
      <trkpt lat="55.467576" lon="37.380768">
        <ele>175.755851</ele>
        <time>2024-02-27T19:22:59.523Z</time>
      </trkpt>
      <trkpt lat="55.469383" lon="37.380564">
        <ele>177.630643</ele>
        <time>2024-02-27T19:23:34.684Z</time>
      </trkpt>
      <trkpt lat="55.469533" lon="37.380525">
        <ele>177.672653</ele>
        <time>2024-02-27T19:23:37.034Z</time>
      </trkpt>
      <trkpt lat="55.469721" lon="37.380661">
        <ele>177.728951</ele>
        <time>2024-02-27T19:23:40.355Z</time>
      </trkpt>
      <trkpt lat="55.469834" lon="37.381028">
        <ele>177.794545</ele>
        <time>2024-02-27T19:23:44.037Z</time>
      </trkpt>
      <trkpt lat="55.470700" lon="37.384688">
        <ele>178.127283</ele>
        <time>2024-02-27T19:24:17.940Z</time>
      </trkpt>
      <trkpt lat="55.471274" lon="37.386758">
        <ele>177.872606</ele>
        <time>2024-02-27T19:24:36.889Z</time>
      </trkpt>
      <trkpt lat="55.471624" lon="37.387682">
        <ele>177.614906</ele>
        <time>2024-02-27T19:24:45.756Z</time>
      </trkpt>
      <trkpt lat="55.472292" lon="37.389103">
        <ele>176.589946</ele>
        <time>2024-02-27T19:24:58.684Z</time>
      </trkpt>
      <trkpt lat="55.472474" lon="37.389471">
        <ele>176.171369</ele>
        <time>2024-02-27T19:25:01.878Z</time>
      </trkpt>
      <trkpt lat="55.473476" lon="37.391491">
        <ele>173.787869</ele>
        <time>2024-02-27T19:25:18.782Z</time>
      </trkpt>
      <trkpt lat="55.473600" lon="37.391641">
        <ele>173.537478</ele>
        <time>2024-02-27T19:25:20.414Z</time>
      </trkpt>
      <trkpt lat="55.473872" lon="37.391801">
        <ele>173.059968</ele>
        <time>2024-02-27T19:25:23.564Z</time>
      </trkpt>
      <trkpt lat="55.475697" lon="37.392352">
        <ele>170.527102</ele>
        <time>2024-02-27T19:25:45.253Z</time>
      </trkpt>
      <trkpt lat="55.475789" lon="37.392416">
        <ele>170.415241</ele>
        <time>2024-02-27T19:25:46.429Z</time>
      </trkpt>
      <trkpt lat="55.475832" lon="37.392491">
        <ele>170.346848</ele>
        <time>2024-02-27T19:25:47.167Z</time>
      </trkpt>
      <trkpt lat="55.475876" lon="37.392648">
        <ele>170.234566</ele>
        <time>2024-02-27T19:25:48.411Z</time>
      </trkpt>
      <trkpt lat="55.475886" lon="37.393682">
        <ele>169.610259</ele>
        <time>2024-02-27T19:25:55.674Z</time>
      </trkpt>
      <trkpt lat="55.475792" lon="37.396843">
        <ele>168.474369</ele>
        <time>2024-02-27T19:26:19.042Z</time>
      </trkpt>
      <trkpt lat="55.475758" lon="37.397079">
        <ele>168.369792</ele>
        <time>2024-02-27T19:26:20.825Z</time>
      </trkpt>
      <trkpt lat="55.475766" lon="37.397303">
        <ele>168.273402</ele>
        <time>2024-02-27T19:26:22.560Z</time>
      </trkpt>
      <trkpt lat="55.475875" lon="37.397710">
        <ele>168.080079</ele>
        <time>2024-02-27T19:26:25.926Z</time>
      </trkpt>
      <trkpt lat="55.475897" lon="37.397995">
        <ele>167.956553</ele>
        <time>2024-02-27T19:26:28.129Z</time>
      </trkpt>
      <trkpt lat="55.475899" lon="37.398845">
        <ele>167.591508</ele>
        <time>2024-02-27T19:26:34.274Z</time>
      </trkpt>
      <trkpt lat="55.475829" lon="37.399805">
        <ele>167.175827</ele>
        <time>2024-02-27T19:26:41.019Z</time>
      </trkpt>
      <trkpt lat="55.475840" lon="37.399959">
        <ele>167.048786</ele>
        <time>2024-02-27T19:26:42.077Z</time>
      </trkpt>
      <trkpt lat="55.475969" lon="37.400254">
        <ele>166.719116</ele>
        <time>2024-02-27T19:26:44.618Z</time>
      </trkpt>
      <trkpt lat="55.476241" lon="37.400677">
        <ele>166.153095</ele>
        <time>2024-02-27T19:26:48.763Z</time>
      </trkpt>
      <trkpt lat="55.476383" lon="37.400732">
        <ele>165.926135</ele>
        <time>2024-02-27T19:26:50.384Z</time>
      </trkpt>
      <trkpt lat="55.477090" lon="37.400663">
        <ele>164.820725</ele>
        <time>2024-02-27T19:26:58.208Z</time>
      </trkpt>
      <trkpt lat="55.477402" lon="37.400721">
        <ele>164.353539</ele>
        <time>2024-02-27T19:27:01.743Z</time>
      </trkpt>
      <trkpt lat="55.478099" lon="37.401197">
        <ele>164.154190</ele>
        <time>2024-02-27T19:27:10.720Z</time>
      </trkpt>
      <trkpt lat="55.478799" lon="37.401618">
        <ele>163.956931</ele>
        <time>2024-02-27T19:27:22.177Z</time>
      </trkpt>
      <trkpt lat="55.479124" lon="37.401617">
        <ele>163.931187</ele>
        <time>2024-02-27T19:27:27.784Z</time>
      </trkpt>
      <trkpt lat="55.479409" lon="37.401420">
        <ele>164.456562</ele>
        <time>2024-02-27T19:27:33.809Z</time>
      </trkpt>
      <trkpt lat="55.479541" lon="37.401244">
        <ele>164.740537</ele>
        <time>2024-02-27T19:27:37.350Z</time>
      </trkpt>
      <trkpt lat="55.479858" lon="37.400507">
        <ele>165.640520</ele>
        <time>2024-02-27T19:27:49.352Z</time>
      </trkpt>
      <trkpt lat="55.480035" lon="37.400193">
        <ele>166.071314</ele>
        <time>2024-02-27T19:27:55.263Z</time>
      </trkpt>
      <trkpt lat="55.480159" lon="37.400076">
        <ele>166.312667</ele>
        <time>2024-02-27T19:27:58.542Z</time>
      </trkpt>
      <trkpt lat="55.480552" lon="37.400133">
        <ele>166.987197</ele>
        <time>2024-02-27T19:28:07.789Z</time>
      </trkpt>
      <trkpt lat="55.481876" lon="37.400187">
        <ele>169.040551</ele>
        <time>2024-02-27T19:28:36.741Z</time>
      </trkpt>
      <trkpt lat="55.482807" lon="37.400218">
        <ele>169.755419</ele>
        <time>2024-02-27T19:28:54.034Z</time>
      </trkpt>
      <trkpt lat="55.483471" lon="37.400314">
        <ele>169.756851</ele>
        <time>2024-02-27T19:29:04.052Z</time>
      </trkpt>
      <trkpt lat="55.484633" lon="37.400576">
        <ele>169.117385</ele>
        <time>2024-02-27T19:29:18.820Z</time>
      </trkpt>
      <trkpt lat="55.484804" lon="37.400615">
        <ele>168.900616</ele>
        <time>2024-02-27T19:29:20.871Z</time>
      </trkpt>
      <trkpt lat="55.487263" lon="37.401320">
        <ele>165.453947</ele>
        <time>2024-02-27T19:29:49.516Z</time>
      </trkpt>
      <trkpt lat="55.487455" lon="37.401373">
        <ele>165.165147</ele>
        <time>2024-02-27T19:29:51.802Z</time>
      </trkpt>
      <trkpt lat="55.487429" lon="37.401862">
        <ele>164.761747</ele>
        <time>2024-02-27T19:29:55.006Z</time>
      </trkpt>
      <trkpt lat="55.487403" lon="37.402440">
        <ele>164.341924</ele>
        <time>2024-02-27T19:29:58.863Z</time>
      </trkpt>
      <trkpt lat="55.487196" lon="37.407091">
        <ele>160.890282</ele>
        <time>2024-02-27T19:30:30.166Z</time>
      </trkpt>
      <trkpt lat="55.487167" lon="37.409038">
        <ele>159.453659</ele>
        <time>2024-02-27T19:30:42.848Z</time>
      </trkpt>
      <trkpt lat="55.487200" lon="37.414760">
        <ele>155.799340</ele>
        <time>2024-02-27T19:31:21.753Z</time>
      </trkpt>
      <trkpt lat="55.487219" lon="37.417988">
        <ele>155.018993</ele>
        <time>2024-02-27T19:31:46.055Z</time>
      </trkpt>
      <trkpt lat="55.487152" lon="37.419171">
        <ele>155.328360</ele>
        <time>2024-02-27T19:31:56.996Z</time>
      </trkpt>
      <trkpt lat="55.487015" lon="37.420053">
        <ele>155.566337</ele>
        <time>2024-02-27T19:32:06.110Z</time>
      </trkpt>
      <trkpt lat="55.486771" lon="37.420940">
        <ele>155.901458</ele>
        <time>2024-02-27T19:32:16.687Z</time>
      </trkpt>
      <trkpt lat="55.483580" lon="37.427854">
        <ele>160.721092</ele>
        <time>2024-02-27T19:33:51.350Z</time>
      </trkpt>
      <trkpt lat="55.483363" lon="37.428395">
        <ele>160.999263</ele>
        <time>2024-02-27T19:33:57.970Z</time>
      </trkpt>
      <trkpt lat="55.483183" lon="37.428949">
        <ele>161.201101</ele>
        <time>2024-02-27T19:34:04.269Z</time>
      </trkpt>
      <trkpt lat="55.482903" lon="37.429939">
        <ele>161.550813</ele>
        <time>2024-02-27T19:34:14.988Z</time>
      </trkpt>
      <trkpt lat="55.481257" lon="37.436279">
        <ele>162.267147</ele>
        <time>2024-02-27T19:35:18.853Z</time>
      </trkpt>
      <trkpt lat="55.480979" lon="37.437406">
        <ele>161.279100</ele>
        <time>2024-02-27T19:35:26.600Z</time>
      </trkpt>
      <trkpt lat="55.480872" lon="37.437919">
        <ele>160.592532</ele>
        <time>2024-02-27T19:35:29.883Z</time>
      </trkpt>
      <trkpt lat="55.480792" lon="37.438455">
        <ele>159.896374</ele>
        <time>2024-02-27T19:35:33.166Z</time>
      </trkpt>
      <trkpt lat="55.480732" lon="37.438979">
        <ele>159.224945</ele>
        <time>2024-02-27T19:35:36.325Z</time>
      </trkpt>
      <trkpt lat="55.480703" lon="37.439524">
        <ele>158.537429</ele>
        <time>2024-02-27T19:35:39.564Z</time>
      </trkpt>
      <trkpt lat="55.480703" lon="37.440757">
        <ele>157.998549</ele>
        <time>2024-02-27T19:35:46.942Z</time>
      </trkpt>
      <trkpt lat="55.481020" lon="37.447824">
        <ele>156.664141</ele>
        <time>2024-02-27T19:36:46.465Z</time>
      </trkpt>
      <trkpt lat="55.481030" lon="37.448530">
        <ele>156.649569</ele>
        <time>2024-02-27T19:36:52.399Z</time>
      </trkpt>
      <trkpt lat="55.480974" lon="37.449407">
        <ele>156.603077</ele>
        <time>2024-02-27T19:36:59.666Z</time>
      </trkpt>
      <trkpt lat="55.480848" lon="37.450249">
        <ele>156.423448</ele>
        <time>2024-02-27T19:37:06.559Z</time>
      </trkpt>
      <trkpt lat="55.480778" lon="37.450579">
        <ele>156.350768</ele>
        <time>2024-02-27T19:37:09.289Z</time>
      </trkpt>
      <trkpt lat="55.480551" lon="37.451312">
        <ele>156.178471</ele>
        <time>2024-02-27T19:37:15.485Z</time>
      </trkpt>
      <trkpt lat="55.480390" lon="37.451725">
        <ele>156.075072</ele>
        <time>2024-02-27T19:37:19.261Z</time>
      </trkpt>
      <trkpt lat="55.480185" lon="37.452140">
        <ele>155.967328</ele>
        <time>2024-02-27T19:37:23.411Z</time>
      </trkpt>
      <trkpt lat="55.479956" lon="37.452529">
        <ele>155.888382</ele>
        <time>2024-02-27T19:37:27.712Z</time>
      </trkpt>
      <trkpt lat="55.479655" lon="37.452963">
        <ele>155.791840</ele>
        <time>2024-02-27T19:37:33.019Z</time>
      </trkpt>
      <trkpt lat="55.477037" lon="37.455961">
        <ele>155.359132</ele>
        <time>2024-02-27T19:38:17.664Z</time>
      </trkpt>
      <trkpt lat="55.476570" lon="37.456659">
        <ele>155.495169</ele>
        <time>2024-02-27T19:38:27.437Z</time>
      </trkpt>
      <trkpt lat="55.476308" lon="37.457141">
        <ele>155.579301</ele>
        <time>2024-02-27T19:38:33.569Z</time>
      </trkpt>
      <trkpt lat="55.475850" lon="37.458191">
        <ele>155.716623</ele>
        <time>2024-02-27T19:38:45.758Z</time>
      </trkpt>
      <trkpt lat="55.475660" lon="37.458765">
        <ele>155.750457</ele>
        <time>2024-02-27T19:38:51.812Z</time>
      </trkpt>
      <trkpt lat="55.475420" lon="37.459709">
        <ele>155.803117</ele>
        <time>2024-02-27T19:39:00.975Z</time>
      </trkpt>
      <trkpt lat="55.473780" lon="37.467296">
        <ele>154.948044</ele>
        <time>2024-02-27T19:40:05.707Z</time>
      </trkpt>
      <trkpt lat="55.473645" lon="37.467921">
        <ele>154.820668</ele>
        <time>2024-02-27T19:40:10.769Z</time>
      </trkpt>
      <trkpt lat="55.473363" lon="37.467957">
        <ele>154.725668</ele>
        <time>2024-02-27T19:40:14.508Z</time>
      </trkpt>
      <trkpt lat="55.472064" lon="37.467599">
        <ele>154.411563</ele>
        <time>2024-02-27T19:40:32.493Z</time>
      </trkpt>
      <trkpt lat="55.471762" lon="37.467525">
        <ele>154.377314</ele>
        <time>2024-02-27T19:40:36.781Z</time>
      </trkpt>
      <trkpt lat="55.471685" lon="37.467576">
        <ele>154.368075</ele>
        <time>2024-02-27T19:40:37.962Z</time>
      </trkpt>
      <trkpt lat="55.471503" lon="37.467865">
        <ele>154.340570</ele>
        <time>2024-02-27T19:40:41.498Z</time>
      </trkpt>
      <trkpt lat="55.469544" lon="37.470695">
        <ele>154.417663</ele>
        <time>2024-02-27T19:41:20.481Z</time>
      </trkpt>
      <trkpt lat="55.469189" lon="37.471338">
        <ele>154.263956</ele>
        <time>2024-02-27T19:41:27.745Z</time>
      </trkpt>
      <trkpt lat="55.469004" lon="37.471818">
        <ele>154.164558</ele>
        <time>2024-02-27T19:41:32.302Z</time>
      </trkpt>
      <trkpt lat="55.468342" lon="37.473973">
        <ele>153.473346</ele>
        <time>2024-02-27T19:41:50.493Z</time>
      </trkpt>
      <trkpt lat="55.467592" lon="37.476418">
        <ele>152.210717</ele>
        <time>2024-02-27T19:42:10.146Z</time>
      </trkpt>
      <trkpt lat="55.467061" lon="37.478320">
        <ele>151.163594</ele>
        <time>2024-02-27T19:42:25.082Z</time>
      </trkpt>
      <trkpt lat="55.466185" lon="37.481867">
        <ele>149.162092</ele>
        <time>2024-02-27T19:42:52.126Z</time>
      </trkpt>
      <trkpt lat="55.466202" lon="37.482691">
        <ele>148.858973</ele>
        <time>2024-02-27T19:42:57.924Z</time>
      </trkpt>
      <trkpt lat="55.466401" lon="37.483796">
        <ele>148.432749</ele>
        <time>2024-02-27T19:43:06.231Z</time>
      </trkpt>
      <trkpt lat="55.466962" lon="37.487218">
        <ele>147.852860</ele>
        <time>2024-02-27T19:43:34.366Z</time>
      </trkpt>
      <trkpt lat="55.466932" lon="37.487650">
        <ele>147.813962</ele>
        <time>2024-02-27T19:43:38.294Z</time>
      </trkpt>
      <trkpt lat="55.466790" lon="37.488243">
        <ele>147.832699</ele>
        <time>2024-02-27T19:43:44.090Z</time>
      </trkpt>
      <trkpt lat="55.466784" lon="37.488495">
        <ele>147.846561</ele>
        <time>2024-02-27T19:43:46.406Z</time>
      </trkpt>
      <trkpt lat="55.466926" lon="37.489921">
        <ele>147.926132</ele>
        <time>2024-02-27T19:43:59.182Z</time>
      </trkpt>
      <trkpt lat="55.467107" lon="37.491593">
        <ele>147.481949</ele>
        <time>2024-02-27T19:44:14.003Z</time>
      </trkpt>
      <trkpt lat="55.467299" lon="37.493249">
        <ele>146.375478</ele>
        <time>2024-02-27T19:44:25.450Z</time>
      </trkpt>
      <trkpt lat="55.467363" lon="37.493841">
        <ele>145.980967</ele>
        <time>2024-02-27T19:44:29.264Z</time>
      </trkpt>
      <trkpt lat="55.467471" lon="37.494840">
        <ele>143.880107</ele>
        <time>2024-02-27T19:44:35.189Z</time>
      </trkpt>
      <trkpt lat="55.467474" lon="37.495109">
        <ele>143.272512</ele>
        <time>2024-02-27T19:44:36.736Z</time>
      </trkpt>
      <trkpt lat="55.467366" lon="37.495293">
        <ele>142.674374</ele>
        <time>2024-02-27T19:44:38.195Z</time>
      </trkpt>
      <trkpt lat="55.467192" lon="37.495421">
        <ele>141.923346</ele>
        <time>2024-02-27T19:44:40.016Z</time>
      </trkpt>
      <trkpt lat="55.466796" lon="37.495611">
        <ele>140.288475</ele>
        <time>2024-02-27T19:44:43.842Z</time>
      </trkpt>
      <trkpt lat="55.466649" lon="37.495681">
        <ele>139.681903</ele>
        <time>2024-02-27T19:44:45.245Z</time>
      </trkpt>
      <trkpt lat="55.466323" lon="37.495837">
        <ele>138.545337</ele>
        <time>2024-02-27T19:44:48.401Z</time>
      </trkpt>
      <trkpt lat="55.465981" lon="37.496001">
        <ele>137.872438</ele>
        <time>2024-02-27T19:44:51.847Z</time>
      </trkpt>
      <trkpt lat="55.465533" lon="37.496215">
        <ele>136.991213</ele>
        <time>2024-02-27T19:44:56.659Z</time>
      </trkpt>
      <trkpt lat="55.465176" lon="37.496381">
        <ele>136.290245</ele>
        <time>2024-02-27T19:45:01.074Z</time>
      </trkpt>
      <trkpt lat="55.465012" lon="37.496462">
        <ele>135.966893</ele>
        <time>2024-02-27T19:45:03.363Z</time>
      </trkpt>
      <trkpt lat="55.464738" lon="37.496597">
        <ele>135.426754</ele>
        <time>2024-02-27T19:45:08.106Z</time>
      </trkpt>
      <trkpt lat="55.464695" lon="37.496618">
        <ele>135.342041</ele>
        <time>2024-02-27T19:45:08.990Z</time>
      </trkpt>
      <trkpt lat="55.464392" lon="37.496746">
        <ele>136.485074</ele>
        <time>2024-02-27T19:45:15.542Z</time>
      </trkpt>
      <trkpt lat="55.464305" lon="37.496783">
        <ele>136.832005</ele>
        <time>2024-02-27T19:45:17.692Z</time>
      </trkpt>
      <trkpt lat="55.464033" lon="37.496844">
        <ele>137.894937</ele>
        <time>2024-02-27T19:45:25.207Z</time>
      </trkpt>
      <trkpt lat="55.463895" lon="37.496871">
        <ele>138.433193</ele>
        <time>2024-02-27T19:45:29.789Z</time>
      </trkpt>
      <trkpt lat="55.463231" lon="37.496966">
        <ele>141.015729</ele>
        <time>2024-02-27T19:45:53.565Z</time>
      </trkpt>
      <trkpt lat="55.462871" lon="37.497155">
        <ele>142.526204</ele>
        <time>2024-02-27T19:46:07.929Z</time>
      </trkpt>
      <trkpt lat="55.461750" lon="37.498179">
        <ele>148.911844</ele>
        <time>2024-02-27T19:46:51.771Z</time>
      </trkpt>
      <trkpt lat="55.461608" lon="37.498381">
        <ele>149.834618</ele>
        <time>2024-02-27T19:46:57.980Z</time>
      </trkpt>
      <trkpt lat="55.461574" lon="37.498465">
        <ele>150.130607</ele>
        <time>2024-02-27T19:46:59.998Z</time>
      </trkpt>
      <trkpt lat="55.461551" lon="37.498659">
        <ele>150.699002</ele>
        <time>2024-02-27T19:47:03.866Z</time>
      </trkpt>
      <trkpt lat="55.461563" lon="37.499874">
        <ele>153.980328</ele>
        <time>2024-02-27T19:47:28.192Z</time>
      </trkpt>
      <trkpt lat="55.461576" lon="37.501285">
        <ele>157.732272</ele>
        <time>2024-02-27T19:47:55.646Z</time>
      </trkpt>
      <trkpt lat="55.461479" lon="37.501665">
        <ele>158.840263</ele>
        <time>2024-02-27T19:48:03.055Z</time>
      </trkpt>
      <trkpt lat="55.461425" lon="37.501801">
        <ele>159.281704</ele>
        <time>2024-02-27T19:48:06.185Z</time>
      </trkpt>
      <trkpt lat="55.461357" lon="37.501973">
        <ele>159.834868</ele>
        <time>2024-02-27T19:48:10.054Z</time>
      </trkpt>
      <trkpt lat="55.461315" lon="37.502217">
        <ele>160.288735</ele>
        <time>2024-02-27T19:48:14.256Z</time>
      </trkpt>
      <trkpt lat="55.461280" lon="37.502514">
        <ele>160.828661</ele>
        <time>2024-02-27T19:48:19.750Z</time>
      </trkpt>
      <trkpt lat="55.461239" lon="37.503465">
        <ele>162.526226</ele>
        <time>2024-02-27T19:48:34.866Z</time>
      </trkpt>
      <trkpt lat="55.461173" lon="37.503877">
        <ele>163.288253</ele>
        <time>2024-02-27T19:48:41.506Z</time>
      </trkpt>
      <trkpt lat="55.460982" lon="37.504949">
        <ele>165.288305</ele>
        <time>2024-02-27T19:48:57.332Z</time>
      </trkpt>
      <trkpt lat="55.460704" lon="37.506435">
        <ele>167.024460</ele>
        <time>2024-02-27T19:49:18.409Z</time>
      </trkpt>
      <trkpt lat="55.460563" lon="37.506768">
        <ele>167.465840</ele>
        <time>2024-02-27T19:49:23.911Z</time>
      </trkpt>
      <trkpt lat="55.460414" lon="37.507016">
        <ele>167.849582</ele>
        <time>2024-02-27T19:49:28.455Z</time>
      </trkpt>
      <trkpt lat="55.460288" lon="37.507141">
        <ele>168.120365</ele>
        <time>2024-02-27T19:49:31.611Z</time>
      </trkpt>
      <trkpt lat="55.460174" lon="37.507196">
        <ele>168.341743</ele>
        <time>2024-02-27T19:49:34.090Z</time>
      </trkpt>
      <trkpt lat="55.459917" lon="37.507147">
        <ele>168.825933</ele>
        <time>2024-02-27T19:49:39.284Z</time>
      </trkpt>
      <trkpt lat="55.459126" lon="37.506498">
        <ele>168.661410</ele>
        <time>2024-02-27T19:49:54.577Z</time>
      </trkpt>
      <trkpt lat="55.458694" lon="37.506278">
        <ele>168.567598</ele>
        <time>2024-02-27T19:50:00.353Z</time>
      </trkpt>
      <trkpt lat="55.458160" lon="37.506132">
        <ele>168.401452</ele>
        <time>2024-02-27T19:50:06.424Z</time>
      </trkpt>
      <trkpt lat="55.457453" lon="37.506041">
        <ele>167.570017</ele>
        <time>2024-02-27T19:50:14.570Z</time>
      </trkpt>
      <trkpt lat="55.456980" lon="37.506042">
        <ele>167.015243</ele>
        <time>2024-02-27T19:50:19.896Z</time>
      </trkpt>
      <trkpt lat="55.456677" lon="37.506127">
        <ele>166.655391</ele>
        <time>2024-02-27T19:50:23.597Z</time>
      </trkpt>
      <trkpt lat="55.456544" lon="37.506348">
        <ele>166.441063</ele>
        <time>2024-02-27T19:50:26.113Z</time>
      </trkpt>
      <trkpt lat="55.456418" lon="37.506682">
        <ele>166.507623</ele>
        <time>2024-02-27T19:50:29.090Z</time>
      </trkpt>
      <trkpt lat="55.456262" lon="37.507575">
        <ele>167.021022</ele>
        <time>2024-02-27T19:50:38.638Z</time>
      </trkpt>
      <trkpt lat="55.456098" lon="37.508688">
        <ele>167.652852</ele>
        <time>2024-02-27T19:50:52.733Z</time>
      </trkpt>
      <trkpt lat="55.456093" lon="37.509107">
        <ele>167.883116</ele>
        <time>2024-02-27T19:50:57.366Z</time>
      </trkpt>
      <trkpt lat="55.456133" lon="37.509667">
        <ele>168.243382</ele>
        <time>2024-02-27T19:51:03.491Z</time>
      </trkpt>
      <trkpt lat="55.456193" lon="37.510421">
        <ele>168.885830</ele>
        <time>2024-02-27T19:51:12.937Z</time>
      </trkpt>
      <trkpt lat="55.456270" lon="37.511407">
        <ele>169.725654</ele>
        <time>2024-02-27T19:51:25.042Z</time>
      </trkpt>
      <trkpt lat="55.456264" lon="37.511810">
        <ele>170.065816</ele>
        <time>2024-02-27T19:51:29.993Z</time>
      </trkpt>
      <trkpt lat="55.455961" lon="37.512834">
        <ele>170.936259</ele>
        <time>2024-02-27T19:51:43.500Z</time>
      </trkpt>
      <trkpt lat="55.455606" lon="37.513988">
        <ele>171.607479</ele>
        <time>2024-02-27T19:51:57.254Z</time>
      </trkpt>
      <trkpt lat="55.455579" lon="37.514073">
        <ele>171.657290</ele>
        <time>2024-02-27T19:51:58.335Z</time>
      </trkpt>
      <trkpt lat="55.455490" lon="37.514351">
        <ele>171.820508</ele>
        <time>2024-02-27T19:52:02.024Z</time>
      </trkpt>
      <trkpt lat="55.454683" lon="37.516889">
        <ele>172.300804</ele>
        <time>2024-02-27T19:52:29.314Z</time>
      </trkpt>
      <trkpt lat="55.454367" lon="37.517895">
        <ele>172.238153</ele>
        <time>2024-02-27T19:52:38.016Z</time>
      </trkpt>
      <trkpt lat="55.452571" lon="37.523612">
        <ele>167.739172</ele>
        <time>2024-02-27T19:53:21.828Z</time>
      </trkpt>
      <trkpt lat="55.452392" lon="37.524117">
        <ele>167.224341</ele>
        <time>2024-02-27T19:53:25.555Z</time>
      </trkpt>
      <trkpt lat="55.452266" lon="37.524352">
        <ele>166.941583</ele>
        <time>2024-02-27T19:53:27.603Z</time>
      </trkpt>
      <trkpt lat="55.451839" lon="37.524825">
        <ele>166.164139</ele>
        <time>2024-02-27T19:53:33.322Z</time>
      </trkpt>
      <trkpt lat="55.451254" lon="37.525364">
        <ele>165.146517</ele>
        <time>2024-02-27T19:53:41.003Z</time>
      </trkpt>
      <trkpt lat="55.450207" lon="37.526233">
        <ele>163.298215</ele>
        <time>2024-02-27T19:53:54.547Z</time>
      </trkpt>
      <trkpt lat="55.449795" lon="37.526529">
        <ele>162.584197</ele>
        <time>2024-02-27T19:53:59.625Z</time>
      </trkpt>
      <trkpt lat="55.449776" lon="37.527193">
        <ele>161.973346</ele>
        <time>2024-02-27T19:54:03.758Z</time>
      </trkpt>
      <trkpt lat="55.449763" lon="37.527598">
        <ele>161.570805</ele>
        <time>2024-02-27T19:54:06.197Z</time>
      </trkpt>
      <trkpt lat="55.449738" lon="37.528435">
        <ele>160.739064</ele>
        <time>2024-02-27T19:54:11.162Z</time>
      </trkpt>
      <trkpt lat="55.449730" lon="37.528692">
        <ele>160.483649</ele>
        <time>2024-02-27T19:54:12.703Z</time>
      </trkpt>
      <trkpt lat="55.449670" lon="37.530702">
        <ele>159.327039</ele>
        <time>2024-02-27T19:54:25.875Z</time>
      </trkpt>
      <trkpt lat="55.449678" lon="37.532029">
        <ele>160.718654</ele>
        <time>2024-02-27T19:54:41.159Z</time>
      </trkpt>
      <trkpt lat="55.449679" lon="37.532678">
        <ele>161.399219</ele>
        <time>2024-02-27T19:54:50.978Z</time>
      </trkpt>
      <trkpt lat="55.449679" lon="37.532787">
        <ele>161.513520</ele>
        <time>2024-02-27T19:54:52.687Z</time>
      </trkpt>
      <trkpt lat="55.449680" lon="37.533777">
        <ele>162.827833</ele>
        <time>2024-02-27T19:55:10.782Z</time>
      </trkpt>
      <trkpt lat="55.449680" lon="37.534797">
        <ele>164.790170</ele>
        <time>2024-02-27T19:55:28.195Z</time>
      </trkpt>
      <trkpt lat="55.449683" lon="37.534996">
        <ele>165.173153</ele>
        <time>2024-02-27T19:55:31.781Z</time>
      </trkpt>
      <trkpt lat="55.449703" lon="37.536564">
        <ele>168.190527</ele>
        <time>2024-02-27T19:55:56.684Z</time>
      </trkpt>
      <trkpt lat="55.449706" lon="37.536796">
        <ele>168.451136</ele>
        <time>2024-02-27T19:55:59.564Z</time>
      </trkpt>
      <trkpt lat="55.449706" lon="37.537109">
        <ele>168.697701</ele>
        <time>2024-02-27T19:56:03.766Z</time>
      </trkpt>
      <trkpt lat="55.449708" lon="37.539095">
        <ele>170.262167</ele>
        <time>2024-02-27T19:56:25.968Z</time>
      </trkpt>
      <trkpt lat="55.449709" lon="37.540105">
        <ele>170.949339</ele>
        <time>2024-02-27T19:56:35.633Z</time>
      </trkpt>
      <trkpt lat="55.449709" lon="37.540527">
        <ele>171.129766</ele>
        <time>2024-02-27T19:56:40.271Z</time>
      </trkpt>
      <trkpt lat="55.449709" lon="37.540666">
        <ele>171.189196</ele>
        <time>2024-02-27T19:56:41.590Z</time>
      </trkpt>
      <trkpt lat="55.449710" lon="37.541603">
        <ele>171.589812</ele>
        <time>2024-02-27T19:56:51.435Z</time>
      </trkpt>
      <trkpt lat="55.449710" lon="37.541670">
        <ele>171.618458</ele>
        <time>2024-02-27T19:56:52.276Z</time>
      </trkpt>
      <trkpt lat="55.449711" lon="37.542065">
        <ele>171.787343</ele>
        <time>2024-02-27T19:56:55.968Z</time>
      </trkpt>
      <trkpt lat="55.449711" lon="37.542108">
        <ele>171.805727</ele>
        <time>2024-02-27T19:56:56.404Z</time>
      </trkpt>
      <trkpt lat="55.449711" lon="37.542285">
        <ele>171.881404</ele>
        <time>2024-02-27T19:56:58.411Z</time>
      </trkpt>
      <trkpt lat="55.449658" lon="37.542309">
        <ele>171.922657</ele>
        <time>2024-02-27T19:56:59.375Z</time>
      </trkpt>
      <trkpt lat="55.448642" lon="37.542307">
        <ele>172.084673</ele>
        <time>2024-02-27T19:57:16.878Z</time>
      </trkpt>
      <trkpt lat="55.448423" lon="37.542307">
        <ele>172.055038</ele>
        <time>2024-02-27T19:57:20.042Z</time>
      </trkpt>
      <trkpt lat="55.447203" lon="37.542349">
        <ele>171.765320</ele>
        <time>2024-02-27T19:57:35.536Z</time>
      </trkpt>
      <trkpt lat="55.447157" lon="37.542350">
        <ele>171.741170</ele>
        <time>2024-02-27T19:57:36.078Z</time>
      </trkpt>
      <trkpt lat="55.445597" lon="37.542327">
        <ele>171.011803</ele>
        <time>2024-02-27T19:57:56.539Z</time>
      </trkpt>
      <trkpt lat="55.445703" lon="37.542701">
        <ele>171.054389</ele>
        <time>2024-02-27T19:58:01.551Z</time>
      </trkpt>
      <trkpt lat="55.446069" lon="37.543997">
        <ele>171.201854</ele>
        <time>2024-02-27T19:58:19.457Z</time>
      </trkpt>
      <trkpt lat="55.446284" lon="37.544757">
        <ele>171.288359</ele>
        <time>2024-02-27T19:58:30.776Z</time>
      </trkpt>
      <trkpt lat="55.446233" lon="37.544802">
        <ele>171.298600</ele>
        <time>2024-02-27T19:58:31.809Z</time>
      </trkpt>
      <trkpt lat="55.445052" lon="37.545842">
        <ele>169.786628</ele>
        <time>2024-02-27T19:58:48.894Z</time>
      </trkpt>
      <trkpt lat="55.444865" lon="37.546007">
        <ele>169.530570</ele>
        <time>2024-02-27T19:58:51.172Z</time>
      </trkpt>
      <trkpt lat="55.443503" lon="37.547162">
        <ele>165.288869</ele>
        <time>2024-02-27T19:59:06.559Z</time>
      </trkpt>
      <trkpt lat="55.442297" lon="37.548279">
        <ele>160.454487</ele>
        <time>2024-02-27T19:59:19.993Z</time>
      </trkpt>
      <trkpt lat="55.441134" lon="37.549258">
        <ele>155.602589</ele>
        <time>2024-02-27T19:59:32.659Z</time>
      </trkpt>
      <trkpt lat="55.439894" lon="37.550231">
        <ele>150.639305</ele>
        <time>2024-02-27T19:59:46.218Z</time>
      </trkpt>
      <trkpt lat="55.439716" lon="37.550591">
        <ele>149.620931</ele>
        <time>2024-02-27T19:59:48.888Z</time>
      </trkpt>
      <trkpt lat="55.439455" lon="37.551113">
        <ele>147.962241</ele>
        <time>2024-02-27T19:59:52.725Z</time>
      </trkpt>
      <trkpt lat="55.438993" lon="37.552082">
        <ele>144.944847</ele>
        <time>2024-02-27T19:59:59.628Z</time>
      </trkpt>
      <trkpt lat="55.437854" lon="37.554474">
        <ele>138.056747</ele>
        <time>2024-02-27T20:00:16.761Z</time>
      </trkpt>
      <trkpt lat="55.437798" lon="37.554592">
        <ele>137.732733</ele>
        <time>2024-02-27T20:00:17.618Z</time>
      </trkpt>
      <trkpt lat="55.437771" lon="37.554651">
        <ele>137.573083</ele>
        <time>2024-02-27T20:00:18.059Z</time>
      </trkpt>
      <trkpt lat="55.437701" lon="37.554780">
        <ele>137.197118</ele>
        <time>2024-02-27T20:00:19.072Z</time>
      </trkpt>
      <trkpt lat="55.437628" lon="37.554656">
        <ele>136.820752</ele>
        <time>2024-02-27T20:00:20.121Z</time>
      </trkpt>
      <trkpt lat="55.437520" lon="37.554472">
        <ele>136.263134</ele>
        <time>2024-02-27T20:00:21.639Z</time>
      </trkpt>
      <trkpt lat="55.437022" lon="37.553622">
        <ele>135.154351</ele>
        <time>2024-02-27T20:00:28.965Z</time>
      </trkpt>
      <trkpt lat="55.435387" lon="37.550797">
        <ele>134.043898</ele>
        <time>2024-02-27T20:01:02.703Z</time>
      </trkpt>
      <trkpt lat="55.435163" lon="37.550511">
        <ele>134.043898</ele>
        <time>2024-02-27T20:01:09.394Z</time>
      </trkpt>
      <trkpt lat="55.434915" lon="37.550300">
        <ele>134.043898</ele>
        <time>2024-02-27T20:01:16.074Z</time>
      </trkpt>
      <trkpt lat="55.434979" lon="37.550143">
        <ele>134.043898</ele>
        <time>2024-02-27T20:01:18.490Z</time>
      </trkpt>
      <trkpt lat="55.435024" lon="37.550033">
        <ele>134.043898</ele>
        <time>2024-02-27T20:01:20.108Z</time>
      </trkpt>
      <trkpt lat="55.434965" lon="37.549959">
        <ele>134.043898</ele>
        <time>2024-02-27T20:01:25.126Z</time>
      </trkpt>
      <trkpt lat="55.434923" lon="37.549964">
        <ele>134.043898</ele>
        <time>2024-02-27T20:01:28.087Z</time>
      </trkpt>
      <trkpt lat="55.434774" lon="37.549784">
        <ele>134.043898</ele>
        <time>2024-02-27T20:01:40.629Z</time>
      </trkpt>
    </trkseg>
  </trk>
</gpx>