<?xml version='1.0' encoding='UTF-8'?>
<gpx version="1.1" creator="https://www.komoot.de" xmlns="http://www.topografix.com/GPX/1/1" xmlns:xsi="http://www.w3.org/2001/XMLSchema-instance" xsi:schemaLocation="http://www.topografix.com/GPX/1/1 http://www.topografix.com/GPX/1/1/gpx.xsd">
  <metadata>
    <name>Novogorsk-Zelen-Solngorsk</name>
    <author>
      <link href="https://www.komoot.de">
        <text>komoot</text>
        <type>text/html</type>
      </link>
    </author>
  </metadata>
  <trk>
    <name>Novogorsk-Zelen-Solngorsk</name>
    <trkseg>
      <trkpt lat="55.775070" lon="37.592704">
        <ele>163.034152</ele>
        <time>2026-01-04T13:05:03.506Z</time>
      </trkpt>
      <trkpt lat="55.775434" lon="37.592321">
        <ele>163.034152</ele>
        <time>2026-01-04T13:05:32.919Z</time>
      </trkpt>
      <trkpt lat="55.775599" lon="37.592149">
        <ele>163.034152</ele>
        <time>2026-01-04T13:05:46.193Z</time>
      </trkpt>
      <trkpt lat="55.775754" lon="37.591985">
        <ele>163.034152</ele>
        <time>2026-01-04T13:05:58.750Z</time>
      </trkpt>
      <trkpt lat="55.775933" lon="37.591729">
        <ele>163.203308</ele>
        <time>2026-01-04T13:06:14.718Z</time>
      </trkpt>
      <trkpt lat="55.775981" lon="37.591809">
        <ele>163.292339</ele>
        <time>2026-01-04T13:06:15.607Z</time>
      </trkpt>
      <trkpt lat="55.776243" lon="37.591242">
        <ele>163.850844</ele>
        <time>2026-01-04T13:06:22.160Z</time>
      </trkpt>
      <trkpt lat="55.776314" lon="37.591107">
        <ele>163.991514</ele>
        <time>2026-01-04T13:06:23.906Z</time>
      </trkpt>
      <trkpt lat="55.776427" lon="37.590865">
        <ele>164.230902</ele>
        <time>2026-01-04T13:06:27.104Z</time>
      </trkpt>
      <trkpt lat="55.776594" lon="37.590529">
        <ele>164.572172</ele>
        <time>2026-01-04T13:06:31.745Z</time>
      </trkpt>
      <trkpt lat="55.776621" lon="37.590475">
        <ele>164.627164</ele>
        <time>2026-01-04T13:06:32.482Z</time>
      </trkpt>
      <trkpt lat="55.776935" lon="37.589807">
        <ele>165.289751</ele>
        <time>2026-01-04T13:06:41.722Z</time>
      </trkpt>
      <trkpt lat="55.776990" lon="37.589690">
        <ele>165.405806</ele>
        <time>2026-01-04T13:06:43.160Z</time>
      </trkpt>
      <trkpt lat="55.777108" lon="37.589441">
        <ele>165.342148</ele>
        <time>2026-01-04T13:06:46.028Z</time>
      </trkpt>
      <trkpt lat="55.777317" lon="37.589005">
        <ele>165.046051</ele>
        <time>2026-01-04T13:06:50.280Z</time>
      </trkpt>
      <trkpt lat="55.777346" lon="37.588944">
        <ele>165.004768</ele>
        <time>2026-01-04T13:06:50.729Z</time>
      </trkpt>
      <trkpt lat="55.777570" lon="37.588486">
        <ele>164.691061</ele>
        <time>2026-01-04T13:06:54.026Z</time>
      </trkpt>
      <trkpt lat="55.777593" lon="37.588440">
        <ele>164.659249</ele>
        <time>2026-01-04T13:06:54.350Z</time>
      </trkpt>
      <trkpt lat="55.777666" lon="37.588288">
        <ele>164.555941</ele>
        <time>2026-01-04T13:06:55.311Z</time>
      </trkpt>
      <trkpt lat="55.777743" lon="37.588125">
        <ele>164.445919</ele>
        <time>2026-01-04T13:06:56.414Z</time>
      </trkpt>
      <trkpt lat="55.777796" lon="37.588015">
        <ele>164.371055</ele>
        <time>2026-01-04T13:06:57.186Z</time>
      </trkpt>
      <trkpt lat="55.777867" lon="37.587866">
        <ele>164.270119</ele>
        <time>2026-01-04T13:06:58.267Z</time>
      </trkpt>
      <trkpt lat="55.777918" lon="37.587765">
        <ele>164.199964</ele>
        <time>2026-01-04T13:06:59.001Z</time>
      </trkpt>
      <trkpt lat="55.777971" lon="37.587660">
        <ele>164.127043</ele>
        <time>2026-01-04T13:06:59.725Z</time>
      </trkpt>
      <trkpt lat="55.777910" lon="37.587558">
        <ele>164.050090</ele>
        <time>2026-01-04T13:07:00.497Z</time>
      </trkpt>
      <trkpt lat="55.777472" lon="37.586888">
        <ele>162.601422</ele>
        <time>2026-01-04T13:07:05.399Z</time>
      </trkpt>
      <trkpt lat="55.777384" lon="37.586737">
        <ele>162.140668</ele>
        <time>2026-01-04T13:07:06.391Z</time>
      </trkpt>
      <trkpt lat="55.777288" lon="37.586581">
        <ele>161.650686</ele>
        <time>2026-01-04T13:07:07.403Z</time>
      </trkpt>
      <trkpt lat="55.776922" lon="37.585985">
        <ele>159.780840</ele>
        <time>2026-01-04T13:07:11.205Z</time>
      </trkpt>
      <trkpt lat="55.776612" lon="37.585480">
        <ele>158.196811</ele>
        <time>2026-01-04T13:07:14.536Z</time>
      </trkpt>
      <trkpt lat="55.776569" lon="37.585392">
        <ele>157.949796</ele>
        <time>2026-01-04T13:07:15.029Z</time>
      </trkpt>
      <trkpt lat="55.776551" lon="37.585356">
        <ele>157.847727</ele>
        <time>2026-01-04T13:07:15.234Z</time>
      </trkpt>
      <trkpt lat="55.776530" lon="37.585241">
        <ele>157.591524</ele>
        <time>2026-01-04T13:07:15.759Z</time>
      </trkpt>
      <trkpt lat="55.776541" lon="37.585051">
        <ele>157.186794</ele>
        <time>2026-01-04T13:07:16.556Z</time>
      </trkpt>
      <trkpt lat="55.776578" lon="37.584937">
        <ele>156.977948</ele>
        <time>2026-01-04T13:07:17.118Z</time>
      </trkpt>
      <trkpt lat="55.776643" lon="37.584819">
        <ele>156.815453</ele>
        <time>2026-01-04T13:07:17.818Z</time>
      </trkpt>
      <trkpt lat="55.776711" lon="37.584692">
        <ele>156.642944</ele>
        <time>2026-01-04T13:07:18.569Z</time>
      </trkpt>
      <trkpt lat="55.776899" lon="37.584337">
        <ele>156.163233</ele>
        <time>2026-01-04T13:07:20.682Z</time>
      </trkpt>
      <trkpt lat="55.776992" lon="37.584157">
        <ele>155.922769</ele>
        <time>2026-01-04T13:07:21.778Z</time>
      </trkpt>
      <trkpt lat="55.777178" lon="37.583789">
        <ele>155.436016</ele>
        <time>2026-01-04T13:07:24.071Z</time>
      </trkpt>
      <trkpt lat="55.777238" lon="37.583670">
        <ele>155.278786</ele>
        <time>2026-01-04T13:07:24.915Z</time>
      </trkpt>
      <trkpt lat="55.777725" lon="37.582658">
        <ele>153.968482</ele>
        <time>2026-01-04T13:07:35.129Z</time>
      </trkpt>
      <trkpt lat="55.778494" lon="37.581091">
        <ele>154.826080</ele>
        <time>2026-01-04T13:07:53.294Z</time>
      </trkpt>
      <trkpt lat="55.779349" lon="37.579241">
        <ele>155.518334</ele>
        <time>2026-01-04T13:08:11.343Z</time>
      </trkpt>
      <trkpt lat="55.780208" lon="37.577380">
        <ele>155.700725</ele>
        <time>2026-01-04T13:08:27.790Z</time>
      </trkpt>
      <trkpt lat="55.781739" lon="37.574037">
        <ele>155.336582</ele>
        <time>2026-01-04T13:08:54.790Z</time>
      </trkpt>
      <trkpt lat="55.785068" lon="37.566825">
        <ele>155.487385</ele>
        <time>2026-01-04T13:09:56.465Z</time>
      </trkpt>
      <trkpt lat="55.785705" lon="37.565787">
        <ele>156.037001</ele>
        <time>2026-01-04T13:10:09.456Z</time>
      </trkpt>
      <trkpt lat="55.786165" lon="37.564973">
        <ele>156.479084</ele>
        <time>2026-01-04T13:10:19.740Z</time>
      </trkpt>
      <trkpt lat="55.786598" lon="37.564298">
        <ele>156.885466</ele>
        <time>2026-01-04T13:10:28.119Z</time>
      </trkpt>
      <trkpt lat="55.787769" lon="37.561634">
        <ele>158.065299</ele>
        <time>2026-01-04T13:10:52.602Z</time>
      </trkpt>
      <trkpt lat="55.788441" lon="37.560131">
        <ele>158.685516</ele>
        <time>2026-01-04T13:11:08.515Z</time>
      </trkpt>
      <trkpt lat="55.788577" lon="37.559832">
        <ele>158.816155</ele>
        <time>2026-01-04T13:11:11.816Z</time>
      </trkpt>
      <trkpt lat="55.788700" lon="37.559558">
        <ele>158.935255</ele>
        <time>2026-01-04T13:11:14.781Z</time>
      </trkpt>
      <trkpt lat="55.788888" lon="37.559141">
        <ele>159.116817</ele>
        <time>2026-01-04T13:11:19.162Z</time>
      </trkpt>
      <trkpt lat="55.789721" lon="37.557294">
        <ele>159.508716</ele>
        <time>2026-01-04T13:11:35.630Z</time>
      </trkpt>
      <trkpt lat="55.790092" lon="37.556457">
        <ele>159.476271</ele>
        <time>2026-01-04T13:11:42.307Z</time>
      </trkpt>
      <trkpt lat="55.790245" lon="37.556127">
        <ele>159.463250</ele>
        <time>2026-01-04T13:11:44.966Z</time>
      </trkpt>
      <trkpt lat="55.790494" lon="37.555573">
        <ele>159.463843</ele>
        <time>2026-01-04T13:11:49.554Z</time>
      </trkpt>
      <trkpt lat="55.790828" lon="37.554814">
        <ele>159.615819</ele>
        <time>2026-01-04T13:11:56.201Z</time>
      </trkpt>
      <trkpt lat="55.791928" lon="37.552302">
        <ele>161.016368</ele>
        <time>2026-01-04T13:12:19.760Z</time>
      </trkpt>
      <trkpt lat="55.792090" lon="37.551932">
        <ele>161.485358</ele>
        <time>2026-01-04T13:12:24.069Z</time>
      </trkpt>
      <trkpt lat="55.792273" lon="37.551501">
        <ele>162.025487</ele>
        <time>2026-01-04T13:12:29.655Z</time>
      </trkpt>
      <trkpt lat="55.792384" lon="37.551237">
        <ele>162.355164</ele>
        <time>2026-01-04T13:12:33.417Z</time>
      </trkpt>
      <trkpt lat="55.792513" lon="37.551411">
        <ele>162.643144</ele>
        <time>2026-01-04T13:12:36.874Z</time>
      </trkpt>
      <trkpt lat="55.792595" lon="37.551743">
        <ele>163.005782</ele>
        <time>2026-01-04T13:12:41.192Z</time>
      </trkpt>
      <trkpt lat="55.792665" lon="37.552478">
        <ele>164.401020</ele>
        <time>2026-01-04T13:12:50.219Z</time>
      </trkpt>
      <trkpt lat="55.792738" lon="37.552914">
        <ele>165.346855</ele>
        <time>2026-01-04T13:12:56.754Z</time>
      </trkpt>
      <trkpt lat="55.792783" lon="37.553028">
        <ele>165.636463</ele>
        <time>2026-01-04T13:12:58.933Z</time>
      </trkpt>
      <trkpt lat="55.792861" lon="37.553227">
        <ele>166.140835</ele>
        <time>2026-01-04T13:13:02.748Z</time>
      </trkpt>
      <trkpt lat="55.793012" lon="37.553495">
        <ele>166.929703</ele>
        <time>2026-01-04T13:13:08.520Z</time>
      </trkpt>
      <trkpt lat="55.793027" lon="37.553518">
        <ele>167.002942</ele>
        <time>2026-01-04T13:13:09.012Z</time>
      </trkpt>
      <trkpt lat="55.793184" lon="37.553724">
        <ele>167.724436</ele>
        <time>2026-01-04T13:13:13.970Z</time>
      </trkpt>
      <trkpt lat="55.793275" lon="37.553774">
        <ele>168.076664</ele>
        <time>2026-01-04T13:13:16.328Z</time>
      </trkpt>
      <trkpt lat="55.793358" lon="37.553794">
        <ele>168.386420</ele>
        <time>2026-01-04T13:13:18.318Z</time>
      </trkpt>
      <trkpt lat="55.793704" lon="37.553821">
        <ele>169.667236</ele>
        <time>2026-01-04T13:13:25.970Z</time>
      </trkpt>
      <trkpt lat="55.793865" lon="37.553840">
        <ele>170.003253</ele>
        <time>2026-01-04T13:13:29.295Z</time>
      </trkpt>
      <trkpt lat="55.794013" lon="37.553925">
        <ele>170.254584</ele>
        <time>2026-01-04T13:13:32.369Z</time>
      </trkpt>
      <trkpt lat="55.794099" lon="37.554158">
        <ele>170.507809</ele>
        <time>2026-01-04T13:13:35.598Z</time>
      </trkpt>
      <trkpt lat="55.794117" lon="37.554186">
        <ele>170.546451</ele>
        <time>2026-01-04T13:13:36.071Z</time>
      </trkpt>
      <trkpt lat="55.794143" lon="37.554222">
        <ele>170.599696</ele>
        <time>2026-01-04T13:13:36.735Z</time>
      </trkpt>
      <trkpt lat="55.794288" lon="37.554330">
        <ele>170.853734</ele>
        <time>2026-01-04T13:13:39.924Z</time>
      </trkpt>
      <trkpt lat="55.794367" lon="37.554339">
        <ele>170.981663</ele>
        <time>2026-01-04T13:13:41.424Z</time>
      </trkpt>
      <trkpt lat="55.794548" lon="37.554237">
        <ele>171.288493</ele>
        <time>2026-01-04T13:13:44.722Z</time>
      </trkpt>
      <trkpt lat="55.794615" lon="37.554137">
        <ele>171.429832</ele>
        <time>2026-01-04T13:13:46.151Z</time>
      </trkpt>
      <trkpt lat="55.794651" lon="37.554056">
        <ele>171.523638</ele>
        <time>2026-01-04T13:13:47.076Z</time>
      </trkpt>
      <trkpt lat="55.794712" lon="37.553743">
        <ele>171.824592</ele>
        <time>2026-01-04T13:13:49.855Z</time>
      </trkpt>
      <trkpt lat="55.794707" lon="37.553576">
        <ele>171.976522</ele>
        <time>2026-01-04T13:13:51.173Z</time>
      </trkpt>
      <trkpt lat="55.794848" lon="37.553575">
        <ele>172.204385</ele>
        <time>2026-01-04T13:13:53.088Z</time>
      </trkpt>
      <trkpt lat="55.796441" lon="37.553661">
        <ele>172.406130</ele>
        <time>2026-01-04T13:14:12.975Z</time>
      </trkpt>
      <trkpt lat="55.796538" lon="37.553666">
        <ele>172.383318</ele>
        <time>2026-01-04T13:14:13.914Z</time>
      </trkpt>
      <trkpt lat="55.797285" lon="37.553705">
        <ele>171.912903</ele>
        <time>2026-01-04T13:14:20.897Z</time>
      </trkpt>
      <trkpt lat="55.797350" lon="37.553708">
        <ele>171.839204</ele>
        <time>2026-01-04T13:14:21.557Z</time>
      </trkpt>
      <trkpt lat="55.797647" lon="37.553689">
        <ele>171.502348</ele>
        <time>2026-01-04T13:14:24.433Z</time>
      </trkpt>
      <trkpt lat="55.797661" lon="37.553708">
        <ele>171.482390</ele>
        <time>2026-01-04T13:14:24.660Z</time>
      </trkpt>
      <trkpt lat="55.797760" lon="37.553750">
        <ele>171.367030</ele>
        <time>2026-01-04T13:14:25.563Z</time>
      </trkpt>
      <trkpt lat="55.797817" lon="37.553720">
        <ele>171.299655</ele>
        <time>2026-01-04T13:14:26.135Z</time>
      </trkpt>
      <trkpt lat="55.797839" lon="37.553697">
        <ele>171.270732</ele>
        <time>2026-01-04T13:14:26.339Z</time>
      </trkpt>
      <trkpt lat="55.797886" lon="37.553589">
        <ele>171.183710</ele>
        <time>2026-01-04T13:14:27.016Z</time>
      </trkpt>
      <trkpt lat="55.797893" lon="37.553396">
        <ele>171.060487</ele>
        <time>2026-01-04T13:14:27.995Z</time>
      </trkpt>
      <trkpt lat="55.797846" lon="37.553268">
        <ele>170.963076</ele>
        <time>2026-01-04T13:14:28.887Z</time>
      </trkpt>
      <trkpt lat="55.797898" lon="37.553190">
        <ele>170.885981</ele>
        <time>2026-01-04T13:14:29.470Z</time>
      </trkpt>
      <trkpt lat="55.797971" lon="37.553074">
        <ele>170.775037</ele>
        <time>2026-01-04T13:14:30.481Z</time>
      </trkpt>
      <trkpt lat="55.798198" lon="37.552715">
        <ele>170.430772</ele>
        <time>2026-01-04T13:14:33.417Z</time>
      </trkpt>
      <trkpt lat="55.798306" lon="37.552552">
        <ele>170.270241</ele>
        <time>2026-01-04T13:14:34.836Z</time>
      </trkpt>
      <trkpt lat="55.798482" lon="37.552287">
        <ele>170.073486</ele>
        <time>2026-01-04T13:14:37.086Z</time>
      </trkpt>
      <trkpt lat="55.798716" lon="37.551924">
        <ele>169.817422</ele>
        <time>2026-01-04T13:14:41.282Z</time>
      </trkpt>
      <trkpt lat="55.799014" lon="37.551461">
        <ele>169.491105</ele>
        <time>2026-01-04T13:14:45.440Z</time>
      </trkpt>
      <trkpt lat="55.799252" lon="37.551106">
        <ele>169.234945</ele>
        <time>2026-01-04T13:14:48.321Z</time>
      </trkpt>
      <trkpt lat="55.799526" lon="37.550688">
        <ele>168.937250</ele>
        <time>2026-01-04T13:14:52.033Z</time>
      </trkpt>
      <trkpt lat="55.799691" lon="37.550436">
        <ele>168.760481</ele>
        <time>2026-01-04T13:14:54.094Z</time>
      </trkpt>
      <trkpt lat="55.799784" lon="37.550295">
        <ele>168.715077</ele>
        <time>2026-01-04T13:14:55.171Z</time>
      </trkpt>
      <trkpt lat="55.800047" lon="37.549902">
        <ele>168.587453</ele>
        <time>2026-01-04T13:14:58.241Z</time>
      </trkpt>
      <trkpt lat="55.800446" lon="37.549304">
        <ele>168.393594</ele>
        <time>2026-01-04T13:15:04.117Z</time>
      </trkpt>
      <trkpt lat="55.800525" lon="37.549180">
        <ele>168.354448</ele>
        <time>2026-01-04T13:15:05.297Z</time>
      </trkpt>
      <trkpt lat="55.800617" lon="37.549035">
        <ele>168.308777</ele>
        <time>2026-01-04T13:15:06.812Z</time>
      </trkpt>
      <trkpt lat="55.800755" lon="37.548822">
        <ele>168.240891</ele>
        <time>2026-01-04T13:15:09.333Z</time>
      </trkpt>
      <trkpt lat="55.800868" lon="37.548648">
        <ele>168.185359</ele>
        <time>2026-01-04T13:15:11.420Z</time>
      </trkpt>
      <trkpt lat="55.801201" lon="37.548134">
        <ele>167.963520</ele>
        <time>2026-01-04T13:15:17.027Z</time>
      </trkpt>
      <trkpt lat="55.801260" lon="37.548043">
        <ele>167.911351</ele>
        <time>2026-01-04T13:15:17.937Z</time>
      </trkpt>
      <trkpt lat="55.801356" lon="37.547895">
        <ele>167.826482</ele>
        <time>2026-01-04T13:15:19.285Z</time>
      </trkpt>
      <trkpt lat="55.801412" lon="37.547804">
        <ele>167.775810</ele>
        <time>2026-01-04T13:15:20.156Z</time>
      </trkpt>
      <trkpt lat="55.801667" lon="37.547402">
        <ele>167.548181</ele>
        <time>2026-01-04T13:15:24.253Z</time>
      </trkpt>
      <trkpt lat="55.801903" lon="37.547041">
        <ele>167.340241</ele>
        <time>2026-01-04T13:15:27.178Z</time>
      </trkpt>
      <trkpt lat="55.802533" lon="37.546052">
        <ele>166.794453</ele>
        <time>2026-01-04T13:15:34.953Z</time>
      </trkpt>
      <trkpt lat="55.802577" lon="37.545986">
        <ele>166.761263</ele>
        <time>2026-01-04T13:15:35.481Z</time>
      </trkpt>
      <trkpt lat="55.802664" lon="37.545856">
        <ele>166.695741</ele>
        <time>2026-01-04T13:15:36.542Z</time>
      </trkpt>
      <trkpt lat="55.803220" lon="37.544902">
        <ele>166.250275</ele>
        <time>2026-01-04T13:15:45.074Z</time>
      </trkpt>
      <trkpt lat="55.803449" lon="37.544498">
        <ele>166.064291</ele>
        <time>2026-01-04T13:15:49.186Z</time>
      </trkpt>
      <trkpt lat="55.803774" lon="37.543921">
        <ele>165.750742</ele>
        <time>2026-01-04T13:15:54.790Z</time>
      </trkpt>
      <trkpt lat="55.803937" lon="37.543633">
        <ele>165.502335</ele>
        <time>2026-01-04T13:15:56.998Z</time>
      </trkpt>
      <trkpt lat="55.804176" lon="37.543214">
        <ele>165.139511</ele>
        <time>2026-01-04T13:15:59.838Z</time>
      </trkpt>
      <trkpt lat="55.804223" lon="37.543131">
        <ele>165.067903</ele>
        <time>2026-01-04T13:16:00.392Z</time>
      </trkpt>
      <trkpt lat="55.804406" lon="37.542810">
        <ele>164.790018</ele>
        <time>2026-01-04T13:16:02.781Z</time>
      </trkpt>
      <trkpt lat="55.804615" lon="37.542443">
        <ele>164.472484</ele>
        <time>2026-01-04T13:16:05.618Z</time>
      </trkpt>
      <trkpt lat="55.804695" lon="37.542299">
        <ele>164.349428</ele>
        <time>2026-01-04T13:16:06.772Z</time>
      </trkpt>
      <trkpt lat="55.804766" lon="37.542188">
        <ele>164.247224</ele>
        <time>2026-01-04T13:16:07.733Z</time>
      </trkpt>
      <trkpt lat="55.804990" lon="37.541773">
        <ele>163.915287</ele>
        <time>2026-01-04T13:16:11.159Z</time>
      </trkpt>
      <trkpt lat="55.805166" lon="37.541359">
        <ele>164.040442</ele>
        <time>2026-01-04T13:16:13.977Z</time>
      </trkpt>
      <trkpt lat="55.805478" lon="37.540620">
        <ele>164.263287</ele>
        <time>2026-01-04T13:16:19.663Z</time>
      </trkpt>
      <trkpt lat="55.805681" lon="37.540139">
        <ele>164.408313</ele>
        <time>2026-01-04T13:16:26.111Z</time>
      </trkpt>
      <trkpt lat="55.805768" lon="37.539935">
        <ele>164.470054</ele>
        <time>2026-01-04T13:16:28.894Z</time>
      </trkpt>
      <trkpt lat="55.805819" lon="37.539806">
        <ele>164.508080</ele>
        <time>2026-01-04T13:16:30.446Z</time>
      </trkpt>
      <trkpt lat="55.805868" lon="37.539687">
        <ele>164.543647</ele>
        <time>2026-01-04T13:16:31.709Z</time>
      </trkpt>
      <trkpt lat="55.806013" lon="37.539334">
        <ele>164.649062</ele>
        <time>2026-01-04T13:16:34.675Z</time>
      </trkpt>
      <trkpt lat="55.806083" lon="37.539164">
        <ele>164.729214</ele>
        <time>2026-01-04T13:16:35.855Z</time>
      </trkpt>
      <trkpt lat="55.806342" lon="37.538540">
        <ele>165.220774</ele>
        <time>2026-01-04T13:16:41.278Z</time>
      </trkpt>
      <trkpt lat="55.806417" lon="37.538364">
        <ele>165.360735</ele>
        <time>2026-01-04T13:16:43.285Z</time>
      </trkpt>
      <trkpt lat="55.806488" lon="37.537933">
        <ele>165.645336</ele>
        <time>2026-01-04T13:16:48.103Z</time>
      </trkpt>
      <trkpt lat="55.806519" lon="37.537812">
        <ele>165.729601</ele>
        <time>2026-01-04T13:16:49.416Z</time>
      </trkpt>
      <trkpt lat="55.806587" lon="37.537538">
        <ele>165.919400</ele>
        <time>2026-01-04T13:16:52.493Z</time>
      </trkpt>
      <trkpt lat="55.806749" lon="37.536923">
        <ele>166.349787</ele>
        <time>2026-01-04T13:16:58.290Z</time>
      </trkpt>
      <trkpt lat="55.806969" lon="37.536074">
        <ele>166.825941</ele>
        <time>2026-01-04T13:17:05.608Z</time>
      </trkpt>
      <trkpt lat="55.807090" lon="37.535607">
        <ele>166.988723</ele>
        <time>2026-01-04T13:17:11.110Z</time>
      </trkpt>
      <trkpt lat="55.807244" lon="37.535011">
        <ele>167.196371</ele>
        <time>2026-01-04T13:17:17.001Z</time>
      </trkpt>
      <trkpt lat="55.807333" lon="37.534668">
        <ele>167.315961</ele>
        <time>2026-01-04T13:17:19.772Z</time>
      </trkpt>
      <trkpt lat="55.807351" lon="37.534598">
        <ele>167.340328</ele>
        <time>2026-01-04T13:17:20.311Z</time>
      </trkpt>
      <trkpt lat="55.807481" lon="37.534099">
        <ele>167.514431</ele>
        <time>2026-01-04T13:17:23.942Z</time>
      </trkpt>
      <trkpt lat="55.807574" lon="37.533741">
        <ele>167.639276</ele>
        <time>2026-01-04T13:17:26.478Z</time>
      </trkpt>
      <trkpt lat="55.807631" lon="37.533521">
        <ele>167.715960</ele>
        <time>2026-01-04T13:17:28.020Z</time>
      </trkpt>
      <trkpt lat="55.807824" lon="37.532767">
        <ele>166.884952</ele>
        <time>2026-01-04T13:17:33.220Z</time>
      </trkpt>
      <trkpt lat="55.807876" lon="37.532568">
        <ele>166.656836</ele>
        <time>2026-01-04T13:17:34.379Z</time>
      </trkpt>
      <trkpt lat="55.807910" lon="37.532435">
        <ele>166.504958</ele>
        <time>2026-01-04T13:17:35.104Z</time>
      </trkpt>
      <trkpt lat="55.808106" lon="37.531677">
        <ele>165.637662</ele>
        <time>2026-01-04T13:17:38.979Z</time>
      </trkpt>
      <trkpt lat="55.808179" lon="37.531397">
        <ele>165.316825</ele>
        <time>2026-01-04T13:17:40.462Z</time>
      </trkpt>
      <trkpt lat="55.808306" lon="37.530905">
        <ele>164.754056</ele>
        <time>2026-01-04T13:17:43.075Z</time>
      </trkpt>
      <trkpt lat="55.808357" lon="37.530707">
        <ele>164.527660</ele>
        <time>2026-01-04T13:17:44.110Z</time>
      </trkpt>
      <trkpt lat="55.808412" lon="37.530498">
        <ele>164.294781</ele>
        <time>2026-01-04T13:17:45.187Z</time>
      </trkpt>
      <trkpt lat="55.808502" lon="37.530156">
        <ele>163.927601</ele>
        <time>2026-01-04T13:17:46.964Z</time>
      </trkpt>
      <trkpt lat="55.808612" lon="37.529733">
        <ele>163.474420</ele>
        <time>2026-01-04T13:17:49.108Z</time>
      </trkpt>
      <trkpt lat="55.808688" lon="37.529446">
        <ele>163.165942</ele>
        <time>2026-01-04T13:17:50.565Z</time>
      </trkpt>
      <trkpt lat="55.808772" lon="37.529125">
        <ele>162.821657</ele>
        <time>2026-01-04T13:17:52.242Z</time>
      </trkpt>
      <trkpt lat="55.808861" lon="37.528784">
        <ele>162.456093</ele>
        <time>2026-01-04T13:17:54.104Z</time>
      </trkpt>
      <trkpt lat="55.809038" lon="37.528114">
        <ele>161.736269</ele>
        <time>2026-01-04T13:17:58.688Z</time>
      </trkpt>
      <trkpt lat="55.809085" lon="37.527925">
        <ele>161.535319</ele>
        <time>2026-01-04T13:17:59.873Z</time>
      </trkpt>
      <trkpt lat="55.809026" lon="37.527822">
        <ele>161.392317</ele>
        <time>2026-01-04T13:18:00.671Z</time>
      </trkpt>
      <trkpt lat="55.808875" lon="37.527684">
        <ele>161.357475</ele>
        <time>2026-01-04T13:18:02.360Z</time>
      </trkpt>
      <trkpt lat="55.808756" lon="37.527588">
        <ele>161.446754</ele>
        <time>2026-01-04T13:18:03.660Z</time>
      </trkpt>
      <trkpt lat="55.808247" lon="37.527181">
        <ele>161.828056</ele>
        <time>2026-01-04T13:18:11.481Z</time>
      </trkpt>
      <trkpt lat="55.808120" lon="37.527079">
        <ele>161.923266</ele>
        <time>2026-01-04T13:18:13.721Z</time>
      </trkpt>
      <trkpt lat="55.807810" lon="37.526831">
        <ele>162.155513</ele>
        <time>2026-01-04T13:18:19.078Z</time>
      </trkpt>
      <trkpt lat="55.807716" lon="37.526753">
        <ele>162.226384</ele>
        <time>2026-01-04T13:18:20.708Z</time>
      </trkpt>
      <trkpt lat="55.807595" lon="37.526656">
        <ele>162.317067</ele>
        <time>2026-01-04T13:18:22.759Z</time>
      </trkpt>
      <trkpt lat="55.807574" lon="37.526639">
        <ele>162.332831</ele>
        <time>2026-01-04T13:18:23.084Z</time>
      </trkpt>
      <trkpt lat="55.807363" lon="37.526470">
        <ele>162.490941</ele>
        <time>2026-01-04T13:18:26.656Z</time>
      </trkpt>
      <trkpt lat="55.807320" lon="37.526435">
        <ele>162.516764</ele>
        <time>2026-01-04T13:18:27.432Z</time>
      </trkpt>
      <trkpt lat="55.807130" lon="37.526283">
        <ele>162.567131</ele>
        <time>2026-01-04T13:18:30.736Z</time>
      </trkpt>
      <trkpt lat="55.806941" lon="37.526131">
        <ele>162.617277</ele>
        <time>2026-01-04T13:18:34.215Z</time>
      </trkpt>
      <trkpt lat="55.806932" lon="37.526124">
        <ele>162.619652</ele>
        <time>2026-01-04T13:18:34.398Z</time>
      </trkpt>
      <trkpt lat="55.806789" lon="37.526009">
        <ele>162.657593</ele>
        <time>2026-01-04T13:18:36.915Z</time>
      </trkpt>
      <trkpt lat="55.806275" lon="37.525596">
        <ele>162.793948</ele>
        <time>2026-01-04T13:18:44.332Z</time>
      </trkpt>
      <trkpt lat="55.806147" lon="37.525492">
        <ele>162.827970</ele>
        <time>2026-01-04T13:18:45.871Z</time>
      </trkpt>
      <trkpt lat="55.806081" lon="37.525746">
        <ele>162.865993</ele>
        <time>2026-01-04T13:18:47.503Z</time>
      </trkpt>
      <trkpt lat="55.806052" lon="37.525856">
        <ele>162.882502</ele>
        <time>2026-01-04T13:18:48.173Z</time>
      </trkpt>
      <trkpt lat="55.805920" lon="37.526358">
        <ele>162.932714</ele>
        <time>2026-01-04T13:18:51.142Z</time>
      </trkpt>
      <trkpt lat="55.805895" lon="37.526452">
        <ele>162.910393</ele>
        <time>2026-01-04T13:18:51.705Z</time>
      </trkpt>
      <trkpt lat="55.805833" lon="37.526408">
        <ele>162.884901</ele>
        <time>2026-01-04T13:18:52.340Z</time>
      </trkpt>
      <trkpt lat="55.805566" lon="37.526191">
        <ele>162.772795</ele>
        <time>2026-01-04T13:18:55.124Z</time>
      </trkpt>
      <trkpt lat="55.804964" lon="37.525705">
        <ele>162.520323</ele>
        <time>2026-01-04T13:19:02.401Z</time>
      </trkpt>
      <trkpt lat="55.804660" lon="37.525574">
        <ele>162.400864</ele>
        <time>2026-01-04T13:19:06.723Z</time>
      </trkpt>
      <trkpt lat="55.804486" lon="37.525544">
        <ele>162.334100</ele>
        <time>2026-01-04T13:19:08.891Z</time>
      </trkpt>
      <trkpt lat="55.804359" lon="37.525508">
        <ele>162.284985</ele>
        <time>2026-01-04T13:19:10.380Z</time>
      </trkpt>
      <trkpt lat="55.803886" lon="37.525092">
        <ele>161.821640</ele>
        <time>2026-01-04T13:19:15.993Z</time>
      </trkpt>
      <trkpt lat="55.803588" lon="37.524830">
        <ele>161.507614</ele>
        <time>2026-01-04T13:19:19.529Z</time>
      </trkpt>
      <trkpt lat="55.803338" lon="37.524610">
        <ele>161.244122</ele>
        <time>2026-01-04T13:19:22.320Z</time>
      </trkpt>
      <trkpt lat="55.803312" lon="37.524587">
        <ele>161.216690</ele>
        <time>2026-01-04T13:19:22.603Z</time>
      </trkpt>
      <trkpt lat="55.803212" lon="37.524501">
        <ele>161.111760</ele>
        <time>2026-01-04T13:19:23.629Z</time>
      </trkpt>
      <trkpt lat="55.803081" lon="37.524384">
        <ele>160.973282</ele>
        <time>2026-01-04T13:19:24.945Z</time>
      </trkpt>
      <trkpt lat="55.802879" lon="37.524212">
        <ele>160.761718</ele>
        <time>2026-01-04T13:19:26.872Z</time>
      </trkpt>
      <trkpt lat="55.803437" lon="37.521898">
        <ele>158.841580</ele>
        <time>2026-01-04T13:19:39.923Z</time>
      </trkpt>
      <trkpt lat="55.803782" lon="37.520488">
        <ele>157.861895</ele>
        <time>2026-01-04T13:19:48.013Z</time>
      </trkpt>
      <trkpt lat="55.803860" lon="37.520155">
        <ele>157.764486</ele>
        <time>2026-01-04T13:19:49.986Z</time>
      </trkpt>
      <trkpt lat="55.804067" lon="37.519295">
        <ele>157.511883</ele>
        <time>2026-01-04T13:19:55.365Z</time>
      </trkpt>
      <trkpt lat="55.804418" lon="37.517996">
        <ele>157.126347</ele>
        <time>2026-01-04T13:20:04.962Z</time>
      </trkpt>
      <trkpt lat="55.804511" lon="37.517654">
        <ele>157.106669</ele>
        <time>2026-01-04T13:20:07.815Z</time>
      </trkpt>
      <trkpt lat="55.804696" lon="37.516973">
        <ele>157.067492</ele>
        <time>2026-01-04T13:20:13.882Z</time>
      </trkpt>
      <trkpt lat="55.804876" lon="37.516307">
        <ele>157.029215</ele>
        <time>2026-01-04T13:20:19.225Z</time>
      </trkpt>
      <trkpt lat="55.805037" lon="37.515771">
        <ele>156.997737</ele>
        <time>2026-01-04T13:20:22.918Z</time>
      </trkpt>
      <trkpt lat="55.805175" lon="37.515312">
        <ele>156.970775</ele>
        <time>2026-01-04T13:20:25.909Z</time>
      </trkpt>
      <trkpt lat="55.805330" lon="37.514774">
        <ele>156.712684</ele>
        <time>2026-01-04T13:20:29.222Z</time>
      </trkpt>
      <trkpt lat="55.805428" lon="37.514413">
        <ele>156.477736</ele>
        <time>2026-01-04T13:20:31.335Z</time>
      </trkpt>
      <trkpt lat="55.805484" lon="37.514202">
        <ele>156.340987</ele>
        <time>2026-01-04T13:20:32.556Z</time>
      </trkpt>
      <trkpt lat="55.805926" lon="37.512459">
        <ele>155.220357</ele>
        <time>2026-01-04T13:20:42.785Z</time>
      </trkpt>
      <trkpt lat="55.806016" lon="37.512090">
        <ele>155.050314</ele>
        <time>2026-01-04T13:20:45.088Z</time>
      </trkpt>
      <trkpt lat="55.806195" lon="37.511359">
        <ele>154.886164</ele>
        <time>2026-01-04T13:20:49.784Z</time>
      </trkpt>
      <trkpt lat="55.806273" lon="37.511057">
        <ele>154.817743</ele>
        <time>2026-01-04T13:20:51.738Z</time>
      </trkpt>
      <trkpt lat="55.806513" lon="37.509725">
        <ele>154.529788</ele>
        <time>2026-01-04T13:21:00.535Z</time>
      </trkpt>
      <trkpt lat="55.806594" lon="37.509074">
        <ele>154.482591</ele>
        <time>2026-01-04T13:21:04.920Z</time>
      </trkpt>
      <trkpt lat="55.806675" lon="37.508417">
        <ele>154.705562</ele>
        <time>2026-01-04T13:21:09.657Z</time>
      </trkpt>
      <trkpt lat="55.806862" lon="37.506879">
        <ele>155.227195</ele>
        <time>2026-01-04T13:21:22.168Z</time>
      </trkpt>
      <trkpt lat="55.807549" lon="37.503373">
        <ele>157.117320</ele>
        <time>2026-01-04T13:21:53.882Z</time>
      </trkpt>
      <trkpt lat="55.807972" lon="37.501643">
        <ele>158.202053</ele>
        <time>2026-01-04T13:22:09.080Z</time>
      </trkpt>
      <trkpt lat="55.807999" lon="37.501506">
        <ele>158.285973</ele>
        <time>2026-01-04T13:22:10.234Z</time>
      </trkpt>
      <trkpt lat="55.808277" lon="37.499957">
        <ele>159.244384</ele>
        <time>2026-01-04T13:22:24.546Z</time>
      </trkpt>
      <trkpt lat="55.808367" lon="37.499461">
        <ele>159.598288</ele>
        <time>2026-01-04T13:22:29.469Z</time>
      </trkpt>
      <trkpt lat="55.808538" lon="37.498497">
        <ele>160.284677</ele>
        <time>2026-01-04T13:22:39.109Z</time>
      </trkpt>
      <trkpt lat="55.808854" lon="37.496746">
        <ele>161.445164</ele>
        <time>2026-01-04T13:22:54.478Z</time>
      </trkpt>
      <trkpt lat="55.808948" lon="37.496125">
        <ele>161.721349</ele>
        <time>2026-01-04T13:22:59.634Z</time>
      </trkpt>
      <trkpt lat="55.809060" lon="37.495063">
        <ele>162.185370</ele>
        <time>2026-01-04T13:23:08.719Z</time>
      </trkpt>
      <trkpt lat="55.809132" lon="37.494710">
        <ele>162.346637</ele>
        <time>2026-01-04T13:23:11.606Z</time>
      </trkpt>
      <trkpt lat="55.809213" lon="37.494317">
        <ele>162.526397</ele>
        <time>2026-01-04T13:23:14.721Z</time>
      </trkpt>
      <trkpt lat="55.809328" lon="37.493754">
        <ele>162.683100</ele>
        <time>2026-01-04T13:23:19.310Z</time>
      </trkpt>
      <trkpt lat="55.809613" lon="37.492453">
        <ele>162.762207</ele>
        <time>2026-01-04T13:23:29.346Z</time>
      </trkpt>
      <trkpt lat="55.809707" lon="37.492039">
        <ele>162.787503</ele>
        <time>2026-01-04T13:23:32.035Z</time>
      </trkpt>
      <trkpt lat="55.809928" lon="37.491381">
        <ele>162.830931</ele>
        <time>2026-01-04T13:23:36.664Z</time>
      </trkpt>
      <trkpt lat="55.810119" lon="37.490630">
        <ele>162.889305</ele>
        <time>2026-01-04T13:23:42.469Z</time>
      </trkpt>
      <trkpt lat="55.810598" lon="37.488240">
        <ele>163.091974</ele>
        <time>2026-01-04T13:24:01.055Z</time>
      </trkpt>
      <trkpt lat="55.810842" lon="37.486788">
        <ele>162.506252</ele>
        <time>2026-01-04T13:24:09.988Z</time>
      </trkpt>
      <trkpt lat="55.811183" lon="37.485013">
        <ele>161.686215</ele>
        <time>2026-01-04T13:24:20.139Z</time>
      </trkpt>
      <trkpt lat="55.811295" lon="37.484328">
        <ele>161.576547</ele>
        <time>2026-01-04T13:24:23.834Z</time>
      </trkpt>
      <trkpt lat="55.811396" lon="37.483665">
        <ele>161.470950</ele>
        <time>2026-01-04T13:24:27.824Z</time>
      </trkpt>
      <trkpt lat="55.811526" lon="37.482628">
        <ele>161.307621</ele>
        <time>2026-01-04T13:24:35.471Z</time>
      </trkpt>
      <trkpt lat="55.811759" lon="37.481440">
        <ele>161.259903</ele>
        <time>2026-01-04T13:24:44.505Z</time>
      </trkpt>
      <trkpt lat="55.812010" lon="37.480195">
        <ele>161.406875</ele>
        <time>2026-01-04T13:24:55.997Z</time>
      </trkpt>
      <trkpt lat="55.812025" lon="37.480124">
        <ele>161.415303</ele>
        <time>2026-01-04T13:24:56.650Z</time>
      </trkpt>
      <trkpt lat="55.812367" lon="37.478361">
        <ele>161.090430</ele>
        <time>2026-01-04T13:25:07.471Z</time>
      </trkpt>
      <trkpt lat="55.812710" lon="37.476656">
        <ele>159.719397</ele>
        <time>2026-01-04T13:25:16.939Z</time>
      </trkpt>
      <trkpt lat="55.812875" lon="37.475857">
        <ele>159.069702</ele>
        <time>2026-01-04T13:25:21.319Z</time>
      </trkpt>
      <trkpt lat="55.813046" lon="37.475077">
        <ele>158.376621</ele>
        <time>2026-01-04T13:25:25.332Z</time>
      </trkpt>
      <trkpt lat="55.813117" lon="37.474461">
        <ele>157.856086</ele>
        <time>2026-01-04T13:25:28.399Z</time>
      </trkpt>
      <trkpt lat="55.813477" lon="37.473166">
        <ele>156.660085</ele>
        <time>2026-01-04T13:25:36.241Z</time>
      </trkpt>
      <trkpt lat="55.813668" lon="37.472795">
        <ele>156.554172</ele>
        <time>2026-01-04T13:25:39.015Z</time>
      </trkpt>
      <trkpt lat="55.813937" lon="37.472176">
        <ele>156.752731</ele>
        <time>2026-01-04T13:25:43.618Z</time>
      </trkpt>
      <trkpt lat="55.814637" lon="37.470964">
        <ele>157.193753</ele>
        <time>2026-01-04T13:25:58.623Z</time>
      </trkpt>
      <trkpt lat="55.814887" lon="37.470523">
        <ele>157.396595</ele>
        <time>2026-01-04T13:26:04.129Z</time>
      </trkpt>
      <trkpt lat="55.815407" lon="37.469635">
        <ele>157.963433</ele>
        <time>2026-01-04T13:26:15.714Z</time>
      </trkpt>
      <trkpt lat="55.815613" lon="37.469197">
        <ele>158.215868</ele>
        <time>2026-01-04T13:26:20.739Z</time>
      </trkpt>
      <trkpt lat="55.815758" lon="37.468686">
        <ele>158.468864</ele>
        <time>2026-01-04T13:26:25.233Z</time>
      </trkpt>
      <trkpt lat="55.815820" lon="37.468394">
        <ele>158.606816</ele>
        <time>2026-01-04T13:26:27.365Z</time>
      </trkpt>
      <trkpt lat="55.816001" lon="37.467547">
        <ele>157.902715</ele>
        <time>2026-01-04T13:26:32.666Z</time>
      </trkpt>
      <trkpt lat="55.816130" lon="37.466952">
        <ele>157.143360</ele>
        <time>2026-01-04T13:26:36.145Z</time>
      </trkpt>
      <trkpt lat="55.816271" lon="37.466304">
        <ele>156.315979</ele>
        <time>2026-01-04T13:26:39.609Z</time>
      </trkpt>
      <trkpt lat="55.816569" lon="37.464894">
        <ele>154.113539</ele>
        <time>2026-01-04T13:26:46.276Z</time>
      </trkpt>
      <trkpt lat="55.816813" lon="37.463780">
        <ele>151.135400</ele>
        <time>2026-01-04T13:26:51.435Z</time>
      </trkpt>
      <trkpt lat="55.816857" lon="37.463583">
        <ele>150.607365</ele>
        <time>2026-01-04T13:26:52.334Z</time>
      </trkpt>
      <trkpt lat="55.816997" lon="37.462975">
        <ele>148.970721</ele>
        <time>2026-01-04T13:26:55.084Z</time>
      </trkpt>
      <trkpt lat="55.817231" lon="37.461909">
        <ele>146.298328</ele>
        <time>2026-01-04T13:27:00.043Z</time>
      </trkpt>
      <trkpt lat="55.817269" lon="37.461733">
        <ele>145.932970</ele>
        <time>2026-01-04T13:27:00.903Z</time>
      </trkpt>
      <trkpt lat="55.817308" lon="37.461551">
        <ele>145.555520</ele>
        <time>2026-01-04T13:27:01.767Z</time>
      </trkpt>
      <trkpt lat="55.817336" lon="37.461416">
        <ele>145.276670</ele>
        <time>2026-01-04T13:27:02.398Z</time>
      </trkpt>
      <trkpt lat="55.817513" lon="37.460579">
        <ele>143.543704</ele>
        <time>2026-01-04T13:27:06.339Z</time>
      </trkpt>
      <trkpt lat="55.817826" lon="37.459059">
        <ele>140.587443</ele>
        <time>2026-01-04T13:27:13.846Z</time>
      </trkpt>
      <trkpt lat="55.817916" lon="37.458613">
        <ele>140.199892</ele>
        <time>2026-01-04T13:27:16.143Z</time>
      </trkpt>
      <trkpt lat="55.818079" lon="37.457808">
        <ele>139.500117</ele>
        <time>2026-01-04T13:27:20.446Z</time>
      </trkpt>
      <trkpt lat="55.818159" lon="37.457512">
        <ele>139.231497</ele>
        <time>2026-01-04T13:27:22.179Z</time>
      </trkpt>
      <trkpt lat="55.818737" lon="37.455688">
        <ele>137.791403</ele>
        <time>2026-01-04T13:27:34.294Z</time>
      </trkpt>
      <trkpt lat="55.819394" lon="37.453757">
        <ele>136.809061</ele>
        <time>2026-01-04T13:27:48.166Z</time>
      </trkpt>
      <trkpt lat="55.819988" lon="37.452006">
        <ele>134.371364</ele>
        <time>2026-01-04T13:27:57.855Z</time>
      </trkpt>
      <trkpt lat="55.820124" lon="37.451520">
        <ele>133.671760</ele>
        <time>2026-01-04T13:28:00.329Z</time>
      </trkpt>
      <trkpt lat="55.820216" lon="37.451180">
        <ele>133.185498</ele>
        <time>2026-01-04T13:28:02.081Z</time>
      </trkpt>
      <trkpt lat="55.820435" lon="37.450628">
        <ele>132.727354</ele>
        <time>2026-01-04T13:28:05.316Z</time>
      </trkpt>
      <trkpt lat="55.820631" lon="37.450384">
        <ele>133.023149</ele>
        <time>2026-01-04T13:28:07.420Z</time>
      </trkpt>
      <trkpt lat="55.820761" lon="37.450300">
        <ele>133.194187</ele>
        <time>2026-01-04T13:28:08.730Z</time>
      </trkpt>
      <trkpt lat="55.820937" lon="37.450265">
        <ele>133.413203</ele>
        <time>2026-01-04T13:28:10.945Z</time>
      </trkpt>
      <trkpt lat="55.822419" lon="37.450892">
        <ele>136.513368</ele>
        <time>2026-01-04T13:28:43.031Z</time>
      </trkpt>
      <trkpt lat="55.822618" lon="37.450958">
        <ele>137.385315</ele>
        <time>2026-01-04T13:28:48.725Z</time>
      </trkpt>
      <trkpt lat="55.823058" lon="37.451015">
        <ele>139.285637</ele>
        <time>2026-01-04T13:29:01.258Z</time>
      </trkpt>
      <trkpt lat="55.823582" lon="37.451222">
        <ele>141.597686</ele>
        <time>2026-01-04T13:29:16.284Z</time>
      </trkpt>
      <trkpt lat="55.824680" lon="37.451669">
        <ele>145.433164</ele>
        <time>2026-01-04T13:29:44.113Z</time>
      </trkpt>
      <trkpt lat="55.825051" lon="37.451820">
        <ele>146.644706</ele>
        <time>2026-01-04T13:29:51.695Z</time>
      </trkpt>
      <trkpt lat="55.825312" lon="37.451926">
        <ele>147.496939</ele>
        <time>2026-01-04T13:29:56.857Z</time>
      </trkpt>
      <trkpt lat="55.825502" lon="37.452002">
        <ele>148.116879</ele>
        <time>2026-01-04T13:30:00.516Z</time>
      </trkpt>
      <trkpt lat="55.825942" lon="37.452177">
        <ele>148.734077</ele>
        <time>2026-01-04T13:30:08.562Z</time>
      </trkpt>
      <trkpt lat="55.826312" lon="37.452325">
        <ele>149.164473</ele>
        <time>2026-01-04T13:30:15.287Z</time>
      </trkpt>
      <trkpt lat="55.826509" lon="37.452404">
        <ele>149.393658</ele>
        <time>2026-01-04T13:30:18.319Z</time>
      </trkpt>
      <trkpt lat="55.826607" lon="37.452445">
        <ele>149.507912</ele>
        <time>2026-01-04T13:30:19.727Z</time>
      </trkpt>
      <trkpt lat="55.826673" lon="37.452469">
        <ele>149.584364</ele>
        <time>2026-01-04T13:30:20.589Z</time>
      </trkpt>
      <trkpt lat="55.826759" lon="37.452490">
        <ele>149.682883</ele>
        <time>2026-01-04T13:30:21.740Z</time>
      </trkpt>
      <trkpt lat="55.827369" lon="37.452616">
        <ele>150.374714</ele>
        <time>2026-01-04T13:30:29.329Z</time>
      </trkpt>
      <trkpt lat="55.827411" lon="37.452625">
        <ele>150.418456</ele>
        <time>2026-01-04T13:30:29.997Z</time>
      </trkpt>
      <trkpt lat="55.827613" lon="37.452667">
        <ele>150.628748</ele>
        <time>2026-01-04T13:30:32.815Z</time>
      </trkpt>
      <trkpt lat="55.828256" lon="37.452802">
        <ele>151.298232</ele>
        <time>2026-01-04T13:30:41.772Z</time>
      </trkpt>
      <trkpt lat="55.828387" lon="37.452829">
        <ele>151.434593</ele>
        <time>2026-01-04T13:30:43.474Z</time>
      </trkpt>
      <trkpt lat="55.828483" lon="37.452850">
        <ele>151.534606</ele>
        <time>2026-01-04T13:30:44.779Z</time>
      </trkpt>
      <trkpt lat="55.828596" lon="37.452877">
        <ele>151.652498</ele>
        <time>2026-01-04T13:30:46.163Z</time>
      </trkpt>
      <trkpt lat="55.830006" lon="37.453150">
        <ele>154.909254</ele>
        <time>2026-01-04T13:31:13.473Z</time>
      </trkpt>
      <trkpt lat="55.830080" lon="37.453165">
        <ele>155.133397</ele>
        <time>2026-01-04T13:31:15.124Z</time>
      </trkpt>
      <trkpt lat="55.830175" lon="37.453186">
        <ele>155.421497</ele>
        <time>2026-01-04T13:31:17.260Z</time>
      </trkpt>
      <trkpt lat="55.830286" lon="37.453209">
        <ele>155.757808</ele>
        <time>2026-01-04T13:31:19.873Z</time>
      </trkpt>
      <trkpt lat="55.830754" lon="37.453304">
        <ele>157.175388</ele>
        <time>2026-01-04T13:31:31.530Z</time>
      </trkpt>
      <trkpt lat="55.830810" lon="37.453315">
        <ele>157.344944</ele>
        <time>2026-01-04T13:31:32.934Z</time>
      </trkpt>
      <trkpt lat="55.830882" lon="37.453330">
        <ele>157.563107</ele>
        <time>2026-01-04T13:31:34.942Z</time>
      </trkpt>
      <trkpt lat="55.831282" lon="37.453409">
        <ele>158.772108</ele>
        <time>2026-01-04T13:31:44.950Z</time>
      </trkpt>
      <trkpt lat="55.831346" lon="37.453421">
        <ele>158.965422</ele>
        <time>2026-01-04T13:31:46.599Z</time>
      </trkpt>
      <trkpt lat="55.831959" lon="37.453546">
        <ele>160.818867</ele>
        <time>2026-01-04T13:31:58.825Z</time>
      </trkpt>
      <trkpt lat="55.832301" lon="37.453614">
        <ele>161.852596</ele>
        <time>2026-01-04T13:32:04.841Z</time>
      </trkpt>
      <trkpt lat="55.832415" lon="37.453636">
        <ele>162.197049</ele>
        <time>2026-01-04T13:32:07.334Z</time>
      </trkpt>
      <trkpt lat="55.832505" lon="37.453657">
        <ele>162.469714</ele>
        <time>2026-01-04T13:32:09.328Z</time>
      </trkpt>
      <trkpt lat="55.832885" lon="37.453731">
        <ele>163.342236</ele>
        <time>2026-01-04T13:32:17.957Z</time>
      </trkpt>
      <trkpt lat="55.833007" lon="37.453756">
        <ele>163.547028</ele>
        <time>2026-01-04T13:32:20.542Z</time>
      </trkpt>
      <trkpt lat="55.833685" lon="37.453892">
        <ele>164.684824</ele>
        <time>2026-01-04T13:32:35.319Z</time>
      </trkpt>
      <trkpt lat="55.833755" lon="37.453906">
        <ele>164.802291</ele>
        <time>2026-01-04T13:32:36.775Z</time>
      </trkpt>
      <trkpt lat="55.833882" lon="37.453933">
        <ele>165.015583</ele>
        <time>2026-01-04T13:32:39.245Z</time>
      </trkpt>
      <trkpt lat="55.834526" lon="37.454068">
        <ele>165.981852</ele>
        <time>2026-01-04T13:32:46.398Z</time>
      </trkpt>
      <trkpt lat="55.834630" lon="37.454090">
        <ele>165.954299</ele>
        <time>2026-01-04T13:32:47.343Z</time>
      </trkpt>
      <trkpt lat="55.834735" lon="37.454111">
        <ele>165.926502</ele>
        <time>2026-01-04T13:32:48.294Z</time>
      </trkpt>
      <trkpt lat="55.834982" lon="37.454160">
        <ele>165.861119</ele>
        <time>2026-01-04T13:32:50.518Z</time>
      </trkpt>
      <trkpt lat="55.835601" lon="37.454290">
        <ele>165.697143</ele>
        <time>2026-01-04T13:32:56.482Z</time>
      </trkpt>
      <trkpt lat="55.835716" lon="37.454291">
        <ele>165.666888</ele>
        <time>2026-01-04T13:32:57.717Z</time>
      </trkpt>
      <trkpt lat="55.835914" lon="37.454230">
        <ele>165.614024</ele>
        <time>2026-01-04T13:32:59.918Z</time>
      </trkpt>
      <trkpt lat="55.836096" lon="37.454139">
        <ele>165.564291</ele>
        <time>2026-01-04T13:33:02.467Z</time>
      </trkpt>
      <trkpt lat="55.836427" lon="37.453975">
        <ele>165.878020</ele>
        <time>2026-01-04T13:33:08.507Z</time>
      </trkpt>
      <trkpt lat="55.836549" lon="37.453973">
        <ele>166.103073</ele>
        <time>2026-01-04T13:33:11.059Z</time>
      </trkpt>
      <trkpt lat="55.836925" lon="37.454054">
        <ele>166.801708</ele>
        <time>2026-01-04T13:33:19.666Z</time>
      </trkpt>
      <trkpt lat="55.837288" lon="37.454135">
        <ele>167.476543</ele>
        <time>2026-01-04T13:33:26.694Z</time>
      </trkpt>
      <trkpt lat="55.837586" lon="37.454205">
        <ele>168.031002</ele>
        <time>2026-01-04T13:33:31.982Z</time>
      </trkpt>
      <trkpt lat="55.838344" lon="37.454364">
        <ele>168.974350</ele>
        <time>2026-01-04T13:33:44.055Z</time>
      </trkpt>
      <trkpt lat="55.840437" lon="37.454831">
        <ele>168.819483</ele>
        <time>2026-01-04T13:34:10.187Z</time>
      </trkpt>
      <trkpt lat="55.840635" lon="37.454877">
        <ele>168.580948</ele>
        <time>2026-01-04T13:34:12.028Z</time>
      </trkpt>
      <trkpt lat="55.840786" lon="37.454912">
        <ele>168.399042</ele>
        <time>2026-01-04T13:34:13.387Z</time>
      </trkpt>
      <trkpt lat="55.841967" lon="37.455174">
        <ele>167.122067</ele>
        <time>2026-01-04T13:34:23.672Z</time>
      </trkpt>
      <trkpt lat="55.842702" lon="37.455315">
        <ele>166.522307</ele>
        <time>2026-01-04T13:34:31.109Z</time>
      </trkpt>
      <trkpt lat="55.843106" lon="37.455218">
        <ele>166.191573</ele>
        <time>2026-01-04T13:34:35.861Z</time>
      </trkpt>
      <trkpt lat="55.844389" lon="37.454763">
        <ele>166.238724</ele>
        <time>2026-01-04T13:34:51.968Z</time>
      </trkpt>
      <trkpt lat="55.844519" lon="37.454710">
        <ele>166.273483</ele>
        <time>2026-01-04T13:34:53.715Z</time>
      </trkpt>
      <trkpt lat="55.844644" lon="37.454668">
        <ele>166.306637</ele>
        <time>2026-01-04T13:34:55.387Z</time>
      </trkpt>
      <trkpt lat="55.845462" lon="37.454399">
        <ele>166.590521</ele>
        <time>2026-01-04T13:35:06.589Z</time>
      </trkpt>
      <trkpt lat="55.847122" lon="37.453839">
        <ele>167.560824</ele>
        <time>2026-01-04T13:35:28.969Z</time>
      </trkpt>
      <trkpt lat="55.847428" lon="37.453739">
        <ele>167.967662</ele>
        <time>2026-01-04T13:35:33.382Z</time>
      </trkpt>
      <trkpt lat="55.847545" lon="37.453699">
        <ele>168.123456</ele>
        <time>2026-01-04T13:35:35.250Z</time>
      </trkpt>
      <trkpt lat="55.847635" lon="37.453669">
        <ele>168.243193</ele>
        <time>2026-01-04T13:35:36.740Z</time>
      </trkpt>
      <trkpt lat="55.848107" lon="37.453498">
        <ele>168.873068</ele>
        <time>2026-01-04T13:35:45.485Z</time>
      </trkpt>
      <trkpt lat="55.849174" lon="37.453119">
        <ele>169.767481</ele>
        <time>2026-01-04T13:36:03.874Z</time>
      </trkpt>
      <trkpt lat="55.849817" lon="37.452902">
        <ele>169.947317</ele>
        <time>2026-01-04T13:36:12.112Z</time>
      </trkpt>
      <trkpt lat="55.850737" lon="37.452607">
        <ele>170.150069</ele>
        <time>2026-01-04T13:36:21.405Z</time>
      </trkpt>
      <trkpt lat="55.850925" lon="37.452552">
        <ele>170.168293</ele>
        <time>2026-01-04T13:36:23.417Z</time>
      </trkpt>
      <trkpt lat="55.851981" lon="37.452169">
        <ele>170.271378</ele>
        <time>2026-01-04T13:36:38.028Z</time>
      </trkpt>
      <trkpt lat="55.852063" lon="37.452139">
        <ele>170.279385</ele>
        <time>2026-01-04T13:36:39.113Z</time>
      </trkpt>
      <trkpt lat="55.852176" lon="37.452098">
        <ele>170.290416</ele>
        <time>2026-01-04T13:36:40.593Z</time>
      </trkpt>
      <trkpt lat="55.852332" lon="37.452046">
        <ele>170.167548</ele>
        <time>2026-01-04T13:36:42.582Z</time>
      </trkpt>
      <trkpt lat="55.852565" lon="37.451968">
        <ele>169.937304</ele>
        <time>2026-01-04T13:36:45.526Z</time>
      </trkpt>
      <trkpt lat="55.852618" lon="37.451950">
        <ele>169.884905</ele>
        <time>2026-01-04T13:36:46.256Z</time>
      </trkpt>
      <trkpt lat="55.852627" lon="37.452037">
        <ele>169.836679</ele>
        <time>2026-01-04T13:36:46.857Z</time>
      </trkpt>
      <trkpt lat="55.852638" lon="37.452127">
        <ele>169.786467</ele>
        <time>2026-01-04T13:36:47.691Z</time>
      </trkpt>
      <trkpt lat="55.852675" lon="37.452461">
        <ele>169.600877</ele>
        <time>2026-01-04T13:36:50.949Z</time>
      </trkpt>
      <trkpt lat="55.852677" lon="37.452557">
        <ele>169.548508</ele>
        <time>2026-01-04T13:36:51.834Z</time>
      </trkpt>
      <trkpt lat="55.852702" lon="37.452707">
        <ele>169.463208</ele>
        <time>2026-01-04T13:36:52.888Z</time>
      </trkpt>
      <trkpt lat="55.852755" lon="37.452877">
        <ele>169.357199</ele>
        <time>2026-01-04T13:36:54.199Z</time>
      </trkpt>
      <trkpt lat="55.852851" lon="37.453643">
        <ele>168.929340</ele>
        <time>2026-01-04T13:36:58.946Z</time>
      </trkpt>
      <trkpt lat="55.852925" lon="37.454229">
        <ele>168.601905</ele>
        <time>2026-01-04T13:37:01.719Z</time>
      </trkpt>
      <trkpt lat="55.852973" lon="37.454624">
        <ele>167.848804</ele>
        <time>2026-01-04T13:37:03.449Z</time>
      </trkpt>
      <trkpt lat="55.853027" lon="37.455110">
        <ele>166.705788</ele>
        <time>2026-01-04T13:37:05.570Z</time>
      </trkpt>
      <trkpt lat="55.853214" lon="37.455198">
        <ele>165.910822</ele>
        <time>2026-01-04T13:37:07.050Z</time>
      </trkpt>
      <trkpt lat="55.853528" lon="37.455438">
        <ele>164.506461</ele>
        <time>2026-01-04T13:37:09.642Z</time>
      </trkpt>
      <trkpt lat="55.853603" lon="37.455566">
        <ele>164.079574</ele>
        <time>2026-01-04T13:37:10.434Z</time>
      </trkpt>
      <trkpt lat="55.853639" lon="37.455696">
        <ele>163.745139</ele>
        <time>2026-01-04T13:37:11.043Z</time>
      </trkpt>
      <trkpt lat="55.853728" lon="37.455680">
        <ele>163.377475</ele>
        <time>2026-01-04T13:37:11.730Z</time>
      </trkpt>
      <trkpt lat="55.853764" lon="37.455674">
        <ele>163.228863</ele>
        <time>2026-01-04T13:37:12.005Z</time>
      </trkpt>
      <trkpt lat="55.854376" lon="37.455906">
        <ele>160.997986</ele>
        <time>2026-01-04T13:37:16.759Z</time>
      </trkpt>
      <trkpt lat="55.855179" lon="37.455818">
        <ele>159.961212</ele>
        <time>2026-01-04T13:37:24.238Z</time>
      </trkpt>
      <trkpt lat="55.856279" lon="37.455616">
        <ele>158.927506</ele>
        <time>2026-01-04T13:37:36.981Z</time>
      </trkpt>
      <trkpt lat="55.857321" lon="37.455565">
        <ele>159.338719</ele>
        <time>2026-01-04T13:37:51.077Z</time>
      </trkpt>
      <trkpt lat="55.857870" lon="37.455381">
        <ele>159.562803</ele>
        <time>2026-01-04T13:37:59.078Z</time>
      </trkpt>
      <trkpt lat="55.858196" lon="37.455201">
        <ele>159.733735</ele>
        <time>2026-01-04T13:38:03.539Z</time>
      </trkpt>
      <trkpt lat="55.858331" lon="37.455131">
        <ele>159.804152</ele>
        <time>2026-01-04T13:38:05.128Z</time>
      </trkpt>
      <trkpt lat="55.858633" lon="37.454973">
        <ele>159.961790</ele>
        <time>2026-01-04T13:38:08.427Z</time>
      </trkpt>
      <trkpt lat="55.858821" lon="37.454939">
        <ele>160.056431</ele>
        <time>2026-01-04T13:38:10.466Z</time>
      </trkpt>
      <trkpt lat="55.859035" lon="37.454899">
        <ele>160.164198</ele>
        <time>2026-01-04T13:38:13.143Z</time>
      </trkpt>
      <trkpt lat="55.859272" lon="37.454858">
        <ele>160.283454</ele>
        <time>2026-01-04T13:38:16.488Z</time>
      </trkpt>
      <trkpt lat="55.859651" lon="37.454790">
        <ele>160.565759</ele>
        <time>2026-01-04T13:38:22.725Z</time>
      </trkpt>
      <trkpt lat="55.859786" lon="37.454688">
        <ele>160.878593</ele>
        <time>2026-01-04T13:38:25.430Z</time>
      </trkpt>
      <trkpt lat="55.859850" lon="37.454640">
        <ele>161.026734</ele>
        <time>2026-01-04T13:38:26.716Z</time>
      </trkpt>
      <trkpt lat="55.860555" lon="37.453414">
        <ele>163.128376</ele>
        <time>2026-01-04T13:38:45.430Z</time>
      </trkpt>
      <trkpt lat="55.860912" lon="37.453271">
        <ele>163.909012</ele>
        <time>2026-01-04T13:38:53.272Z</time>
      </trkpt>
      <trkpt lat="55.861269" lon="37.453187">
        <ele>164.286452</ele>
        <time>2026-01-04T13:39:01.119Z</time>
      </trkpt>
      <trkpt lat="55.861385" lon="37.453137">
        <ele>164.288423</ele>
        <time>2026-01-04T13:39:03.247Z</time>
      </trkpt>
      <trkpt lat="55.861541" lon="37.453122">
        <ele>164.291004</ele>
        <time>2026-01-04T13:39:05.819Z</time>
      </trkpt>
      <trkpt lat="55.861883" lon="37.453155">
        <ele>164.296660</ele>
        <time>2026-01-04T13:39:09.618Z</time>
      </trkpt>
      <trkpt lat="55.862315" lon="37.453243">
        <ele>164.303842</ele>
        <time>2026-01-04T13:39:13.435Z</time>
      </trkpt>
      <trkpt lat="55.862632" lon="37.453308">
        <ele>164.309112</ele>
        <time>2026-01-04T13:39:16.908Z</time>
      </trkpt>
      <trkpt lat="55.863107" lon="37.453199">
        <ele>163.983511</ele>
        <time>2026-01-04T13:39:22.566Z</time>
      </trkpt>
      <trkpt lat="55.863332" lon="37.452970">
        <ele>163.622958</ele>
        <time>2026-01-04T13:39:24.848Z</time>
      </trkpt>
      <trkpt lat="55.863605" lon="37.452604">
        <ele>163.147579</ele>
        <time>2026-01-04T13:39:28.879Z</time>
      </trkpt>
      <trkpt lat="55.863751" lon="37.452419">
        <ele>162.898297</ele>
        <time>2026-01-04T13:39:31.059Z</time>
      </trkpt>
      <trkpt lat="55.863837" lon="37.452374">
        <ele>162.773577</ele>
        <time>2026-01-04T13:39:32.209Z</time>
      </trkpt>
      <trkpt lat="55.864080" lon="37.452248">
        <ele>162.421421</ele>
        <time>2026-01-04T13:39:35.763Z</time>
      </trkpt>
      <trkpt lat="55.864260" lon="37.452220">
        <ele>162.170000</ele>
        <time>2026-01-04T13:39:38.586Z</time>
      </trkpt>
      <trkpt lat="55.864394" lon="37.452255">
        <ele>161.981548</ele>
        <time>2026-01-04T13:39:40.691Z</time>
      </trkpt>
      <trkpt lat="55.864895" lon="37.452324">
        <ele>161.474327</ele>
        <time>2026-01-04T13:39:47.350Z</time>
      </trkpt>
      <trkpt lat="55.866746" lon="37.452318">
        <ele>160.182167</ele>
        <time>2026-01-04T13:40:13.511Z</time>
      </trkpt>
      <trkpt lat="55.867492" lon="37.452370">
        <ele>160.120849</ele>
        <time>2026-01-04T13:40:25.402Z</time>
      </trkpt>
      <trkpt lat="55.868021" lon="37.452788">
        <ele>160.073321</ele>
        <time>2026-01-04T13:40:35.368Z</time>
      </trkpt>
      <trkpt lat="55.868511" lon="37.452997">
        <ele>160.745576</ele>
        <time>2026-01-04T13:40:44.884Z</time>
      </trkpt>
      <trkpt lat="55.868621" lon="37.453022">
        <ele>160.907675</ele>
        <time>2026-01-04T13:40:47.110Z</time>
      </trkpt>
      <trkpt lat="55.868745" lon="37.452982">
        <ele>161.091883</ele>
        <time>2026-01-04T13:40:49.666Z</time>
      </trkpt>
      <trkpt lat="55.868885" lon="37.452816">
        <ele>161.337686</ele>
        <time>2026-01-04T13:40:53.196Z</time>
      </trkpt>
      <trkpt lat="55.868944" lon="37.452655">
        <ele>161.495407</ele>
        <time>2026-01-04T13:40:55.538Z</time>
      </trkpt>
      <trkpt lat="55.868947" lon="37.452474">
        <ele>161.643927</ele>
        <time>2026-01-04T13:40:57.786Z</time>
      </trkpt>
      <trkpt lat="55.868846" lon="37.451786">
        <ele>162.227215</ele>
        <time>2026-01-04T13:41:07.054Z</time>
      </trkpt>
      <trkpt lat="55.868808" lon="37.451634">
        <ele>162.363700</ele>
        <time>2026-01-04T13:41:09.246Z</time>
      </trkpt>
      <trkpt lat="55.868745" lon="37.451508">
        <ele>162.502124</ele>
        <time>2026-01-04T13:41:11.444Z</time>
      </trkpt>
      <trkpt lat="55.868656" lon="37.451320">
        <ele>162.700603</ele>
        <time>2026-01-04T13:41:14.611Z</time>
      </trkpt>
      <trkpt lat="55.868658" lon="37.451137">
        <ele>162.746910</ele>
        <time>2026-01-04T13:41:16.915Z</time>
      </trkpt>
      <trkpt lat="55.868689" lon="37.450971">
        <ele>162.791171</ele>
        <time>2026-01-04T13:41:19.065Z</time>
      </trkpt>
      <trkpt lat="55.868746" lon="37.450755">
        <ele>162.851560</ele>
        <time>2026-01-04T13:41:21.900Z</time>
      </trkpt>
      <trkpt lat="55.868822" lon="37.450593">
        <ele>162.904983</ele>
        <time>2026-01-04T13:41:24.352Z</time>
      </trkpt>
      <trkpt lat="55.869003" lon="37.450387">
        <ele>163.001816</ele>
        <time>2026-01-04T13:41:28.541Z</time>
      </trkpt>
      <trkpt lat="55.869322" lon="37.450133">
        <ele>163.159353</ele>
        <time>2026-01-04T13:41:34.691Z</time>
      </trkpt>
      <trkpt lat="55.869582" lon="37.450068">
        <ele>163.277733</ele>
        <time>2026-01-04T13:41:38.861Z</time>
      </trkpt>
      <trkpt lat="55.869752" lon="37.449913">
        <ele>163.363833</ele>
        <time>2026-01-04T13:41:41.657Z</time>
      </trkpt>
      <trkpt lat="55.870010" lon="37.449552">
        <ele>163.509514</ele>
        <time>2026-01-04T13:41:46.237Z</time>
      </trkpt>
      <trkpt lat="55.870139" lon="37.449186">
        <ele>163.466244</ele>
        <time>2026-01-04T13:41:49.584Z</time>
      </trkpt>
      <trkpt lat="55.870402" lon="37.448703">
        <ele>163.398863</ele>
        <time>2026-01-04T13:41:54.954Z</time>
      </trkpt>
      <trkpt lat="55.870432" lon="37.448200">
        <ele>163.348223</ele>
        <time>2026-01-04T13:41:59.118Z</time>
      </trkpt>
      <trkpt lat="55.870383" lon="37.448002">
        <ele>163.326559</ele>
        <time>2026-01-04T13:42:00.936Z</time>
      </trkpt>
      <trkpt lat="55.870390" lon="37.447781">
        <ele>163.304399</ele>
        <time>2026-01-04T13:42:02.867Z</time>
      </trkpt>
      <trkpt lat="55.870458" lon="37.447485">
        <ele>163.272379</ele>
        <time>2026-01-04T13:42:05.843Z</time>
      </trkpt>
      <trkpt lat="55.870533" lon="37.447369">
        <ele>163.254660</ele>
        <time>2026-01-04T13:42:07.530Z</time>
      </trkpt>
      <trkpt lat="55.870606" lon="37.447360">
        <ele>163.241604</ele>
        <time>2026-01-04T13:42:08.806Z</time>
      </trkpt>
      <trkpt lat="55.870873" lon="37.447446">
        <ele>163.193192</ele>
        <time>2026-01-04T13:42:13.806Z</time>
      </trkpt>
      <trkpt lat="55.871065" lon="37.447510">
        <ele>163.554266</ele>
        <time>2026-01-04T13:42:17.563Z</time>
      </trkpt>
      <trkpt lat="55.871156" lon="37.447503">
        <ele>163.746438</ele>
        <time>2026-01-04T13:42:19.345Z</time>
      </trkpt>
      <trkpt lat="55.871260" lon="37.447405">
        <ele>163.994637</ele>
        <time>2026-01-04T13:42:21.710Z</time>
      </trkpt>
      <trkpt lat="55.871342" lon="37.447213">
        <ele>164.280266</ele>
        <time>2026-01-04T13:42:24.502Z</time>
      </trkpt>
      <trkpt lat="55.871385" lon="37.447141">
        <ele>164.404742</ele>
        <time>2026-01-04T13:42:25.748Z</time>
      </trkpt>
      <trkpt lat="55.871400" lon="37.447123">
        <ele>164.442894</ele>
        <time>2026-01-04T13:42:26.147Z</time>
      </trkpt>
      <trkpt lat="55.871535" lon="37.446946">
        <ele>164.796479</ele>
        <time>2026-01-04T13:42:29.758Z</time>
      </trkpt>
      <trkpt lat="55.871641" lon="37.446808">
        <ele>165.073425</ele>
        <time>2026-01-04T13:42:32.676Z</time>
      </trkpt>
      <trkpt lat="55.871710" lon="37.446651">
        <ele>165.309497</ele>
        <time>2026-01-04T13:42:35.262Z</time>
      </trkpt>
      <trkpt lat="55.871913" lon="37.446385">
        <ele>165.841074</ele>
        <time>2026-01-04T13:42:41.381Z</time>
      </trkpt>
      <trkpt lat="55.872024" lon="37.446097">
        <ele>166.254669</ele>
        <time>2026-01-04T13:42:46.557Z</time>
      </trkpt>
      <trkpt lat="55.871999" lon="37.445380">
        <ele>167.156407</ele>
        <time>2026-01-04T13:42:57.598Z</time>
      </trkpt>
      <trkpt lat="55.871942" lon="37.444739">
        <ele>168.250891</ele>
        <time>2026-01-04T13:43:07.020Z</time>
      </trkpt>
      <trkpt lat="55.871964" lon="37.444363">
        <ele>168.888422</ele>
        <time>2026-01-04T13:43:12.719Z</time>
      </trkpt>
      <trkpt lat="55.871941" lon="37.444173">
        <ele>169.216214</ele>
        <time>2026-01-04T13:43:15.725Z</time>
      </trkpt>
      <trkpt lat="55.871965" lon="37.444088">
        <ele>169.376688</ele>
        <time>2026-01-04T13:43:17.141Z</time>
      </trkpt>
      <trkpt lat="55.871887" lon="37.443677">
        <ele>170.108385</ele>
        <time>2026-01-04T13:43:23.708Z</time>
      </trkpt>
      <trkpt lat="55.871854" lon="37.443465">
        <ele>170.479410</ele>
        <time>2026-01-04T13:43:26.926Z</time>
      </trkpt>
      <trkpt lat="55.871772" lon="37.443208">
        <ele>170.978004</ele>
        <time>2026-01-04T13:43:31.339Z</time>
      </trkpt>
      <trkpt lat="55.871388" lon="37.442686">
        <ele>172.400026</ele>
        <time>2026-01-04T13:43:41.586Z</time>
      </trkpt>
      <trkpt lat="55.871107" lon="37.442293">
        <ele>172.662148</ele>
        <time>2026-01-04T13:44:06.402Z</time>
      </trkpt>
      <trkpt lat="55.870946" lon="37.442107">
        <ele>172.802949</ele>
        <time>2026-01-04T13:44:19.746Z</time>
      </trkpt>
      <trkpt lat="55.870860" lon="37.442032">
        <ele>172.873211</ele>
        <time>2026-01-04T13:44:26.394Z</time>
      </trkpt>
      <trkpt lat="55.871313" lon="37.441314">
        <ele>173.318084</ele>
        <time>2026-01-04T13:44:34.356Z</time>
      </trkpt>
      <trkpt lat="55.871476" lon="37.441067">
        <ele>173.475091</ele>
        <time>2026-01-04T13:44:36.561Z</time>
      </trkpt>
      <trkpt lat="55.871561" lon="37.440925">
        <ele>173.560586</ele>
        <time>2026-01-04T13:44:37.849Z</time>
      </trkpt>
      <trkpt lat="55.871941" lon="37.440326">
        <ele>173.589862</ele>
        <time>2026-01-04T13:44:43.204Z</time>
      </trkpt>
      <trkpt lat="55.872290" lon="37.439761">
        <ele>173.402352</ele>
        <time>2026-01-04T13:44:47.898Z</time>
      </trkpt>
      <trkpt lat="55.872468" lon="37.439483">
        <ele>173.308227</ele>
        <time>2026-01-04T13:44:50.306Z</time>
      </trkpt>
      <trkpt lat="55.872488" lon="37.439451">
        <ele>173.297538</ele>
        <time>2026-01-04T13:44:50.585Z</time>
      </trkpt>
      <trkpt lat="55.872808" lon="37.438955">
        <ele>173.128879</ele>
        <time>2026-01-04T13:44:55.344Z</time>
      </trkpt>
      <trkpt lat="55.873754" lon="37.437458">
        <ele>172.999208</ele>
        <time>2026-01-04T13:45:10.991Z</time>
      </trkpt>
      <trkpt lat="55.874034" lon="37.436930">
        <ele>173.001025</ele>
        <time>2026-01-04T13:45:15.394Z</time>
      </trkpt>
      <trkpt lat="55.874237" lon="37.436437">
        <ele>173.002554</ele>
        <time>2026-01-04T13:45:19.136Z</time>
      </trkpt>
      <trkpt lat="55.874337" lon="37.436138">
        <ele>173.026405</ele>
        <time>2026-01-04T13:45:21.485Z</time>
      </trkpt>
      <trkpt lat="55.874603" lon="37.435113">
        <ele>173.221042</ele>
        <time>2026-01-04T13:45:29.654Z</time>
      </trkpt>
      <trkpt lat="55.874722" lon="37.434551">
        <ele>173.324568</ele>
        <time>2026-01-04T13:45:33.782Z</time>
      </trkpt>
      <trkpt lat="55.874859" lon="37.433901">
        <ele>173.444236</ele>
        <time>2026-01-04T13:45:38.886Z</time>
      </trkpt>
      <trkpt lat="55.875034" lon="37.433301">
        <ele>173.572234</ele>
        <time>2026-01-04T13:45:44.103Z</time>
      </trkpt>
      <trkpt lat="55.875184" lon="37.432894">
        <ele>173.842933</ele>
        <time>2026-01-04T13:45:48.121Z</time>
      </trkpt>
      <trkpt lat="55.875415" lon="37.432209">
        <ele>174.287213</ele>
        <time>2026-01-04T13:45:54.552Z</time>
      </trkpt>
      <trkpt lat="55.875543" lon="37.431830">
        <ele>174.533123</ele>
        <time>2026-01-04T13:45:58.097Z</time>
      </trkpt>
      <trkpt lat="55.875795" lon="37.431082">
        <ele>175.018135</ele>
        <time>2026-01-04T13:46:05.946Z</time>
      </trkpt>
      <trkpt lat="55.876407" lon="37.429228">
        <ele>175.707087</ele>
        <time>2026-01-04T13:46:25.289Z</time>
      </trkpt>
      <trkpt lat="55.876892" lon="37.427677">
        <ele>176.008909</ele>
        <time>2026-01-04T13:46:36.650Z</time>
      </trkpt>
      <trkpt lat="55.877584" lon="37.425355">
        <ele>174.559913</ele>
        <time>2026-01-04T13:46:50.322Z</time>
      </trkpt>
      <trkpt lat="55.877913" lon="37.424286">
        <ele>174.547185</ele>
        <time>2026-01-04T13:46:57.820Z</time>
      </trkpt>
      <trkpt lat="55.878138" lon="37.423619">
        <ele>174.769621</ele>
        <time>2026-01-04T13:47:03.926Z</time>
      </trkpt>
      <trkpt lat="55.878416" lon="37.423042">
        <ele>174.986999</ele>
        <time>2026-01-04T13:47:10.378Z</time>
      </trkpt>
      <trkpt lat="55.878908" lon="37.422234">
        <ele>175.379029</ele>
        <time>2026-01-04T13:47:20.674Z</time>
      </trkpt>
      <trkpt lat="55.879746" lon="37.420916">
        <ele>176.274591</ele>
        <time>2026-01-04T13:47:37.960Z</time>
      </trkpt>
      <trkpt lat="55.880264" lon="37.420106">
        <ele>176.672613</ele>
        <time>2026-01-04T13:47:46.423Z</time>
      </trkpt>
      <trkpt lat="55.880652" lon="37.419510">
        <ele>176.652428</ele>
        <time>2026-01-04T13:48:22.032Z</time>
      </trkpt>
      <trkpt lat="55.881418" lon="37.418352">
        <ele>176.612846</ele>
        <time>2026-01-04T13:49:31.863Z</time>
      </trkpt>
      <trkpt lat="55.882102" lon="37.417316">
        <ele>177.005525</ele>
        <time>2026-01-04T13:50:34.210Z</time>
      </trkpt>
      <trkpt lat="55.882314" lon="37.416989">
        <ele>177.144716</ele>
        <time>2026-01-04T13:50:53.690Z</time>
      </trkpt>
      <trkpt lat="55.882444" lon="37.416788">
        <ele>177.230157</ele>
        <time>2026-01-04T13:51:05.660Z</time>
      </trkpt>
      <trkpt lat="55.882511" lon="37.416688">
        <ele>177.273542</ele>
        <time>2026-01-04T13:51:11.730Z</time>
      </trkpt>
      <trkpt lat="55.882845" lon="37.416159">
        <ele>177.495371</ele>
        <time>2026-01-04T13:51:42.763Z</time>
      </trkpt>
      <trkpt lat="55.883508" lon="37.415106">
        <ele>177.784223</ele>
        <time>2026-01-04T13:52:44.480Z</time>
      </trkpt>
      <trkpt lat="55.883611" lon="37.414925">
        <ele>177.830891</ele>
        <time>2026-01-04T13:52:54.529Z</time>
      </trkpt>
      <trkpt lat="55.883649" lon="37.414859">
        <ele>177.848009</ele>
        <time>2026-01-04T13:52:58.226Z</time>
      </trkpt>
      <trkpt lat="55.883758" lon="37.414517">
        <ele>177.919203</ele>
        <time>2026-01-04T13:53:13.566Z</time>
      </trkpt>
      <trkpt lat="55.883859" lon="37.413939">
        <ele>178.028774</ele>
        <time>2026-01-04T13:53:37.143Z</time>
      </trkpt>
      <trkpt lat="55.884053" lon="37.412319">
        <ele>178.098889</ele>
        <time>2026-01-04T13:54:41.738Z</time>
      </trkpt>
      <trkpt lat="55.884131" lon="37.411820">
        <ele>178.105157</ele>
        <time>2026-01-04T13:55:01.931Z</time>
      </trkpt>
      <trkpt lat="55.884222" lon="37.411426">
        <ele>178.110312</ele>
        <time>2026-01-04T13:55:18.525Z</time>
      </trkpt>
      <trkpt lat="55.884269" lon="37.411250">
        <ele>178.112671</ele>
        <time>2026-01-04T13:55:19.734Z</time>
      </trkpt>
      <trkpt lat="55.884429" lon="37.410758">
        <ele>178.119551</ele>
        <time>2026-01-04T13:55:23.066Z</time>
      </trkpt>
      <trkpt lat="55.885004" lon="37.408923">
        <ele>177.919776</ele>
        <time>2026-01-04T13:55:36.084Z</time>
      </trkpt>
      <trkpt lat="55.884994" lon="37.408838">
        <ele>177.910862</ele>
        <time>2026-01-04T13:55:36.761Z</time>
      </trkpt>
      <trkpt lat="55.884988" lon="37.408789">
        <ele>177.905715</ele>
        <time>2026-01-04T13:55:37.138Z</time>
      </trkpt>
      <trkpt lat="55.884960" lon="37.408769">
        <ele>177.900195</ele>
        <time>2026-01-04T13:55:37.512Z</time>
      </trkpt>
      <trkpt lat="55.884898" lon="37.408813">
        <ele>177.887984</ele>
        <time>2026-01-04T13:55:38.293Z</time>
      </trkpt>
      <trkpt lat="55.884683" lon="37.409499">
        <ele>177.807330</ele>
        <time>2026-01-04T13:55:43.605Z</time>
      </trkpt>
      <trkpt lat="55.884637" lon="37.409640">
        <ele>177.793451</ele>
        <time>2026-01-04T13:55:44.747Z</time>
      </trkpt>
      <trkpt lat="55.884555" lon="37.409707">
        <ele>177.808348</ele>
        <time>2026-01-04T13:55:45.755Z</time>
      </trkpt>
      <trkpt lat="55.884417" lon="37.409696">
        <ele>177.831162</ele>
        <time>2026-01-04T13:55:47.317Z</time>
      </trkpt>
      <trkpt lat="55.884272" lon="37.409592">
        <ele>177.856975</ele>
        <time>2026-01-04T13:55:49.074Z</time>
      </trkpt>
      <trkpt lat="55.884234" lon="37.409486">
        <ele>177.868628</ele>
        <time>2026-01-04T13:55:49.900Z</time>
      </trkpt>
      <trkpt lat="55.884227" lon="37.409378">
        <ele>177.878699</ele>
        <time>2026-01-04T13:55:50.548Z</time>
      </trkpt>
      <trkpt lat="55.884236" lon="37.409284">
        <ele>177.887532</ele>
        <time>2026-01-04T13:55:51.172Z</time>
      </trkpt>
      <trkpt lat="55.884302" lon="37.408529">
        <ele>177.958312</ele>
        <time>2026-01-04T13:55:56.448Z</time>
      </trkpt>
      <trkpt lat="55.884386" lon="37.407608">
        <ele>178.044745</ele>
        <time>2026-01-04T13:56:03.049Z</time>
      </trkpt>
      <trkpt lat="55.884442" lon="37.406991">
        <ele>178.162338</ele>
        <time>2026-01-04T13:56:07.551Z</time>
      </trkpt>
      <trkpt lat="55.884466" lon="37.406734">
        <ele>178.293254</ele>
        <time>2026-01-04T13:56:09.478Z</time>
      </trkpt>
      <trkpt lat="55.884662" lon="37.404602">
        <ele>179.378834</ele>
        <time>2026-01-04T13:56:27.496Z</time>
      </trkpt>
      <trkpt lat="55.884728" lon="37.403866">
        <ele>179.799960</ele>
        <time>2026-01-04T13:56:33.813Z</time>
      </trkpt>
      <trkpt lat="55.884793" lon="37.403171">
        <ele>180.466555</ele>
        <time>2026-01-04T13:56:40.181Z</time>
      </trkpt>
      <trkpt lat="55.885132" lon="37.399529">
        <ele>184.188436</ele>
        <time>2026-01-04T13:57:17.132Z</time>
      </trkpt>
      <trkpt lat="55.885376" lon="37.396801">
        <ele>186.913202</ele>
        <time>2026-01-04T13:57:46.222Z</time>
      </trkpt>
      <trkpt lat="55.885540" lon="37.394976">
        <ele>188.167568</ele>
        <time>2026-01-04T13:58:02.388Z</time>
      </trkpt>
      <trkpt lat="55.885685" lon="37.393291">
        <ele>188.321029</ele>
        <time>2026-01-04T13:58:14.160Z</time>
      </trkpt>
      <trkpt lat="55.885731" lon="37.392796">
        <ele>188.240577</ele>
        <time>2026-01-04T13:58:17.175Z</time>
      </trkpt>
      <trkpt lat="55.885743" lon="37.392610">
        <ele>188.210557</ele>
        <time>2026-01-04T13:58:18.289Z</time>
      </trkpt>
      <trkpt lat="55.885777" lon="37.392330">
        <ele>188.164620</ele>
        <time>2026-01-04T13:58:20.012Z</time>
      </trkpt>
      <trkpt lat="55.886011" lon="37.389835">
        <ele>187.901579</ele>
        <time>2026-01-04T13:58:34.206Z</time>
      </trkpt>
      <trkpt lat="55.886058" lon="37.389337">
        <ele>187.868793</ele>
        <time>2026-01-04T13:58:37.052Z</time>
      </trkpt>
      <trkpt lat="55.886160" lon="37.388252">
        <ele>187.797369</ele>
        <time>2026-01-04T13:58:44.903Z</time>
      </trkpt>
      <trkpt lat="55.886404" lon="37.385442">
        <ele>190.497482</ele>
        <time>2026-01-04T13:59:15.774Z</time>
      </trkpt>
      <trkpt lat="55.886601" lon="37.383442">
        <ele>190.354301</ele>
        <time>2026-01-04T13:59:31.580Z</time>
      </trkpt>
      <trkpt lat="55.886706" lon="37.382171">
        <ele>189.851989</ele>
        <time>2026-01-04T13:59:38.077Z</time>
      </trkpt>
      <trkpt lat="55.886818" lon="37.380938">
        <ele>187.655396</ele>
        <time>2026-01-04T13:59:43.906Z</time>
      </trkpt>
      <trkpt lat="55.886920" lon="37.379819">
        <ele>185.026171</ele>
        <time>2026-01-04T13:59:48.880Z</time>
      </trkpt>
      <trkpt lat="55.886965" lon="37.379719">
        <ele>184.728825</ele>
        <time>2026-01-04T13:59:49.432Z</time>
      </trkpt>
      <trkpt lat="55.887064" lon="37.379503">
        <ele>184.081873</ele>
        <time>2026-01-04T13:59:50.631Z</time>
      </trkpt>
      <trkpt lat="55.887237" lon="37.379338">
        <ele>183.270556</ele>
        <time>2026-01-04T13:59:52.121Z</time>
      </trkpt>
      <trkpt lat="55.887771" lon="37.378895">
        <ele>179.442097</ele>
        <time>2026-01-04T13:59:56.448Z</time>
      </trkpt>
      <trkpt lat="55.887863" lon="37.378860">
        <ele>178.676032</ele>
        <time>2026-01-04T13:59:57.121Z</time>
      </trkpt>
      <trkpt lat="55.888096" lon="37.378887">
        <ele>176.774593</ele>
        <time>2026-01-04T13:59:58.776Z</time>
      </trkpt>
      <trkpt lat="55.888274" lon="37.378855">
        <ele>175.317700</ele>
        <time>2026-01-04T14:00:00.035Z</time>
      </trkpt>
      <trkpt lat="55.888429" lon="37.378781">
        <ele>174.010998</ele>
        <time>2026-01-04T14:00:01.153Z</time>
      </trkpt>
      <trkpt lat="55.888585" lon="37.378645">
        <ele>172.596908</ele>
        <time>2026-01-04T14:00:02.364Z</time>
      </trkpt>
      <trkpt lat="55.888994" lon="37.378168">
        <ele>168.617087</ele>
        <time>2026-01-04T14:00:05.736Z</time>
      </trkpt>
      <trkpt lat="55.889466" lon="37.377800">
        <ele>164.477681</ele>
        <time>2026-01-04T14:00:09.290Z</time>
      </trkpt>
      <trkpt lat="55.889618" lon="37.377599">
        <ele>162.963440</ele>
        <time>2026-01-04T14:00:10.601Z</time>
      </trkpt>
      <trkpt lat="55.890756" lon="37.375828">
        <ele>151.948141</ele>
        <time>2026-01-04T14:00:21.392Z</time>
      </trkpt>
      <trkpt lat="55.891129" lon="37.375247">
        <ele>149.787406</ele>
        <time>2026-01-04T14:00:25.082Z</time>
      </trkpt>
      <trkpt lat="55.891249" lon="37.375091">
        <ele>149.139515</ele>
        <time>2026-01-04T14:00:26.209Z</time>
      </trkpt>
      <trkpt lat="55.891420" lon="37.374954">
        <ele>148.321633</ele>
        <time>2026-01-04T14:00:27.658Z</time>
      </trkpt>
      <trkpt lat="55.891454" lon="37.374937">
        <ele>148.167575</ele>
        <time>2026-01-04T14:00:27.939Z</time>
      </trkpt>
      <trkpt lat="55.891621" lon="37.374872">
        <ele>147.421826</ele>
        <time>2026-01-04T14:00:29.303Z</time>
      </trkpt>
      <trkpt lat="55.891737" lon="37.374827">
        <ele>146.903898</ele>
        <time>2026-01-04T14:00:30.283Z</time>
      </trkpt>
      <trkpt lat="55.892055" lon="37.374701">
        <ele>145.482676</ele>
        <time>2026-01-04T14:00:33.146Z</time>
      </trkpt>
      <trkpt lat="55.892595" lon="37.374492">
        <ele>145.930981</ele>
        <time>2026-01-04T14:00:38.942Z</time>
      </trkpt>
      <trkpt lat="55.892979" lon="37.374343">
        <ele>146.335716</ele>
        <time>2026-01-04T14:00:44.340Z</time>
      </trkpt>
      <trkpt lat="55.893140" lon="37.374212">
        <ele>146.517974</ele>
        <time>2026-01-04T14:00:47.503Z</time>
      </trkpt>
      <trkpt lat="55.893292" lon="37.373930">
        <ele>146.743868</ele>
        <time>2026-01-04T14:00:51.827Z</time>
      </trkpt>
      <trkpt lat="55.893416" lon="37.373536">
        <ele>147.004793</ele>
        <time>2026-01-04T14:00:57.050Z</time>
      </trkpt>
      <trkpt lat="55.893483" lon="37.373322">
        <ele>147.146338</ele>
        <time>2026-01-04T14:01:00.002Z</time>
      </trkpt>
      <trkpt lat="55.893674" lon="37.372707">
        <ele>148.747223</ele>
        <time>2026-01-04T14:01:08.585Z</time>
      </trkpt>
      <trkpt lat="55.893931" lon="37.371816">
        <ele>151.521095</ele>
        <time>2026-01-04T14:01:21.736Z</time>
      </trkpt>
      <trkpt lat="55.894005" lon="37.371406">
        <ele>152.713489</ele>
        <time>2026-01-04T14:01:28.667Z</time>
      </trkpt>
      <trkpt lat="55.894013" lon="37.371305">
        <ele>152.995873</ele>
        <time>2026-01-04T14:01:30.460Z</time>
      </trkpt>
      <trkpt lat="55.894030" lon="37.370970">
        <ele>153.927075</ele>
        <time>2026-01-04T14:01:36.495Z</time>
      </trkpt>
      <trkpt lat="55.894003" lon="37.370286">
        <ele>155.825344</ele>
        <time>2026-01-04T14:01:49.356Z</time>
      </trkpt>
      <trkpt lat="55.893925" lon="37.369876">
        <ele>157.477728</ele>
        <time>2026-01-04T14:01:57.910Z</time>
      </trkpt>
      <trkpt lat="55.893853" lon="37.369719">
        <ele>158.320348</ele>
        <time>2026-01-04T14:02:02.023Z</time>
      </trkpt>
      <trkpt lat="55.893689" lon="37.369546">
        <ele>159.732090</ele>
        <time>2026-01-04T14:02:09.011Z</time>
      </trkpt>
      <trkpt lat="55.893498" lon="37.369513">
        <ele>161.153853</ele>
        <time>2026-01-04T14:02:16.239Z</time>
      </trkpt>
      <trkpt lat="55.892491" lon="37.369592">
        <ele>168.622026</ele>
        <time>2026-01-04T14:02:53.057Z</time>
      </trkpt>
      <trkpt lat="55.892344" lon="37.369522">
        <ele>169.707447</ele>
        <time>2026-01-04T14:02:58.112Z</time>
      </trkpt>
      <trkpt lat="55.892093" lon="37.369229">
        <ele>171.625379</ele>
        <time>2026-01-04T14:03:08.150Z</time>
      </trkpt>
      <trkpt lat="55.891739" lon="37.368751">
        <ele>174.464178</ele>
        <time>2026-01-04T14:03:23.355Z</time>
      </trkpt>
      <trkpt lat="55.891673" lon="37.368560">
        <ele>175.268497</ele>
        <time>2026-01-04T14:03:27.728Z</time>
      </trkpt>
      <trkpt lat="55.891679" lon="37.368362">
        <ele>175.979379</ele>
        <time>2026-01-04T14:03:31.486Z</time>
      </trkpt>
      <trkpt lat="55.891963" lon="37.366720">
        <ele>181.462858</ele>
        <time>2026-01-04T14:04:01.738Z</time>
      </trkpt>
      <trkpt lat="55.892306" lon="37.364877">
        <ele>184.486671</ele>
        <time>2026-01-04T14:04:25.896Z</time>
      </trkpt>
      <trkpt lat="55.892360" lon="37.364582">
        <ele>184.969893</ele>
        <time>2026-01-04T14:04:28.355Z</time>
      </trkpt>
      <trkpt lat="55.892384" lon="37.364452">
        <ele>185.183013</ele>
        <time>2026-01-04T14:04:29.393Z</time>
      </trkpt>
      <trkpt lat="55.892749" lon="37.362749">
        <ele>185.810513</ele>
        <time>2026-01-04T14:04:41.060Z</time>
      </trkpt>
      <trkpt lat="55.892844" lon="37.362477">
        <ele>185.780030</ele>
        <time>2026-01-04T14:04:42.899Z</time>
      </trkpt>
      <trkpt lat="55.893042" lon="37.362110">
        <ele>185.731584</ele>
        <time>2026-01-04T14:04:45.873Z</time>
      </trkpt>
      <trkpt lat="55.893307" lon="37.361739">
        <ele>185.674431</ele>
        <time>2026-01-04T14:04:49.566Z</time>
      </trkpt>
      <trkpt lat="55.893849" lon="37.361045">
        <ele>185.386281</ele>
        <time>2026-01-04T14:04:57.301Z</time>
      </trkpt>
      <trkpt lat="55.894226" lon="37.360562">
        <ele>185.114747</ele>
        <time>2026-01-04T14:05:02.713Z</time>
      </trkpt>
      <trkpt lat="55.895097" lon="37.359476">
        <ele>184.318937</ele>
        <time>2026-01-04T14:05:13.319Z</time>
      </trkpt>
      <trkpt lat="55.895422" lon="37.359070">
        <ele>183.624852</ele>
        <time>2026-01-04T14:05:16.897Z</time>
      </trkpt>
      <trkpt lat="55.895602" lon="37.358893">
        <ele>183.265306</ele>
        <time>2026-01-04T14:05:18.731Z</time>
      </trkpt>
      <trkpt lat="55.895742" lon="37.358813">
        <ele>183.008152</ele>
        <time>2026-01-04T14:05:20.030Z</time>
      </trkpt>
      <trkpt lat="55.896139" lon="37.358719">
        <ele>182.307620</ele>
        <time>2026-01-04T14:05:23.545Z</time>
      </trkpt>
      <trkpt lat="55.896776" lon="37.358700">
        <ele>180.926515</ele>
        <time>2026-01-04T14:05:29.184Z</time>
      </trkpt>
      <trkpt lat="55.896855" lon="37.358661">
        <ele>180.624557</ele>
        <time>2026-01-04T14:05:29.915Z</time>
      </trkpt>
      <trkpt lat="55.897625" lon="37.357807">
        <ele>177.284376</ele>
        <time>2026-01-04T14:05:37.451Z</time>
      </trkpt>
      <trkpt lat="55.897857" lon="37.357705">
        <ele>176.404164</ele>
        <time>2026-01-04T14:05:39.302Z</time>
      </trkpt>
      <trkpt lat="55.897976" lon="37.357719">
        <ele>175.964846</ele>
        <time>2026-01-04T14:05:40.212Z</time>
      </trkpt>
      <trkpt lat="55.898620" lon="37.358299">
        <ele>172.173821</ele>
        <time>2026-01-04T14:05:45.495Z</time>
      </trkpt>
      <trkpt lat="55.898759" lon="37.358362">
        <ele>171.246679</ele>
        <time>2026-01-04T14:05:46.513Z</time>
      </trkpt>
      <trkpt lat="55.899020" lon="37.358357">
        <ele>169.559312</ele>
        <time>2026-01-04T14:05:48.367Z</time>
      </trkpt>
      <trkpt lat="55.899773" lon="37.358098">
        <ele>164.601756</ele>
        <time>2026-01-04T14:05:53.885Z</time>
      </trkpt>
      <trkpt lat="55.899988" lon="37.357911">
        <ele>163.072114</ele>
        <time>2026-01-04T14:05:55.659Z</time>
      </trkpt>
      <trkpt lat="55.900132" lon="37.357677">
        <ele>161.980170</ele>
        <time>2026-01-04T14:05:57.111Z</time>
      </trkpt>
      <trkpt lat="55.900234" lon="37.357391">
        <ele>160.914926</ele>
        <time>2026-01-04T14:05:58.527Z</time>
      </trkpt>
      <trkpt lat="55.900328" lon="37.356638">
        <ele>158.490567</ele>
        <time>2026-01-04T14:06:01.746Z</time>
      </trkpt>
      <trkpt lat="55.900402" lon="37.356409">
        <ele>157.659918</ele>
        <time>2026-01-04T14:06:02.860Z</time>
      </trkpt>
      <trkpt lat="55.900452" lon="37.356323">
        <ele>157.270563</ele>
        <time>2026-01-04T14:06:03.382Z</time>
      </trkpt>
      <trkpt lat="55.900597" lon="37.356231">
        <ele>156.407875</ele>
        <time>2026-01-04T14:06:04.528Z</time>
      </trkpt>
      <trkpt lat="55.900693" lon="37.356224">
        <ele>155.869298</ele>
        <time>2026-01-04T14:06:05.236Z</time>
      </trkpt>
      <trkpt lat="55.900935" lon="37.356294">
        <ele>154.495048</ele>
        <time>2026-01-04T14:06:07.032Z</time>
      </trkpt>
      <trkpt lat="55.901057" lon="37.356423">
        <ele>153.700050</ele>
        <time>2026-01-04T14:06:08.076Z</time>
      </trkpt>
      <trkpt lat="55.901106" lon="37.356538">
        <ele>153.246122</ele>
        <time>2026-01-04T14:06:08.675Z</time>
      </trkpt>
      <trkpt lat="55.901163" lon="37.356853">
        <ele>152.590611</ele>
        <time>2026-01-04T14:06:10.045Z</time>
      </trkpt>
      <trkpt lat="55.901234" lon="37.357361">
        <ele>151.654213</ele>
        <time>2026-01-04T14:06:12.231Z</time>
      </trkpt>
      <trkpt lat="55.901298" lon="37.357711">
        <ele>150.995761</ele>
        <time>2026-01-04T14:06:13.788Z</time>
      </trkpt>
      <trkpt lat="55.901347" lon="37.357810">
        <ele>150.759561</ele>
        <time>2026-01-04T14:06:14.362Z</time>
      </trkpt>
      <trkpt lat="55.901459" lon="37.357896">
        <ele>150.370545</ele>
        <time>2026-01-04T14:06:15.320Z</time>
      </trkpt>
      <trkpt lat="55.901652" lon="37.357834">
        <ele>149.744909</ele>
        <time>2026-01-04T14:06:16.914Z</time>
      </trkpt>
      <trkpt lat="55.902510" lon="37.357290">
        <ele>147.329185</ele>
        <time>2026-01-04T14:06:25.641Z</time>
      </trkpt>
      <trkpt lat="55.902712" lon="37.357192">
        <ele>147.288995</ele>
        <time>2026-01-04T14:06:28.138Z</time>
      </trkpt>
      <trkpt lat="55.902831" lon="37.357223">
        <ele>147.265906</ele>
        <time>2026-01-04T14:06:29.620Z</time>
      </trkpt>
      <trkpt lat="55.902903" lon="37.357303">
        <ele>147.249621</ele>
        <time>2026-01-04T14:06:30.618Z</time>
      </trkpt>
      <trkpt lat="55.902999" lon="37.357529">
        <ele>147.219103</ele>
        <time>2026-01-04T14:06:32.496Z</time>
      </trkpt>
      <trkpt lat="55.903118" lon="37.358131">
        <ele>147.150401</ele>
        <time>2026-01-04T14:06:36.715Z</time>
      </trkpt>
      <trkpt lat="55.903196" lon="37.358476">
        <ele>147.110364</ele>
        <time>2026-01-04T14:06:39.184Z</time>
      </trkpt>
      <trkpt lat="55.903583" lon="37.359409">
        <ele>147.655914</ele>
        <time>2026-01-04T14:06:46.685Z</time>
      </trkpt>
      <trkpt lat="55.903819" lon="37.359971">
        <ele>149.283414</ele>
        <time>2026-01-04T14:06:51.208Z</time>
      </trkpt>
      <trkpt lat="55.903887" lon="37.360133">
        <ele>149.752479</ele>
        <time>2026-01-04T14:06:53.044Z</time>
      </trkpt>
      <trkpt lat="55.904065" lon="37.360553">
        <ele>150.972807</ele>
        <time>2026-01-04T14:06:59.889Z</time>
      </trkpt>
      <trkpt lat="55.904236" lon="37.360955">
        <ele>152.142400</ele>
        <time>2026-01-04T14:07:08.591Z</time>
      </trkpt>
      <trkpt lat="55.904301" lon="37.361108">
        <ele>152.587338</ele>
        <time>2026-01-04T14:07:12.190Z</time>
      </trkpt>
      <trkpt lat="55.904354" lon="37.361234">
        <ele>152.952439</ele>
        <time>2026-01-04T14:07:15.273Z</time>
      </trkpt>
      <trkpt lat="55.904476" lon="37.361519">
        <ele>153.783550</ele>
        <time>2026-01-04T14:07:22.763Z</time>
      </trkpt>
      <trkpt lat="55.904550" lon="37.361694">
        <ele>154.291600</ele>
        <time>2026-01-04T14:07:27.516Z</time>
      </trkpt>
      <trkpt lat="55.904764" lon="37.362192">
        <ele>157.174485</ele>
        <time>2026-01-04T14:07:41.788Z</time>
      </trkpt>
      <trkpt lat="55.904890" lon="37.362484">
        <ele>158.971219</ele>
        <time>2026-01-04T14:07:50.530Z</time>
      </trkpt>
      <trkpt lat="55.905176" lon="37.363151">
        <ele>163.065778</ele>
        <time>2026-01-04T14:08:11.691Z</time>
      </trkpt>
      <trkpt lat="55.905793" lon="37.364524">
        <ele>171.148451</ele>
        <time>2026-01-04T14:08:49.698Z</time>
      </trkpt>
      <trkpt lat="55.905894" lon="37.364743">
        <ele>172.087236</ele>
        <time>2026-01-04T14:08:55.158Z</time>
      </trkpt>
      <trkpt lat="55.905916" lon="37.364791">
        <ele>172.292484</ele>
        <time>2026-01-04T14:08:56.359Z</time>
      </trkpt>
      <trkpt lat="55.906628" lon="37.366371">
        <ele>179.003270</ele>
        <time>2026-01-04T14:09:31.539Z</time>
      </trkpt>
      <trkpt lat="55.906631" lon="37.366379">
        <ele>179.035132</ele>
        <time>2026-01-04T14:09:31.705Z</time>
      </trkpt>
      <trkpt lat="55.906714" lon="37.366578">
        <ele>179.856219</ele>
        <time>2026-01-04T14:09:35.444Z</time>
      </trkpt>
      <trkpt lat="55.907180" lon="37.367668">
        <ele>181.645643</ele>
        <time>2026-01-04T14:09:52.335Z</time>
      </trkpt>
      <trkpt lat="55.907451" lon="37.368303">
        <ele>182.312151</ele>
        <time>2026-01-04T14:09:58.895Z</time>
      </trkpt>
      <trkpt lat="55.908212" lon="37.370093">
        <ele>183.112825</ele>
        <time>2026-01-04T14:10:13.560Z</time>
      </trkpt>
      <trkpt lat="55.908250" lon="37.370180">
        <ele>183.079584</ele>
        <time>2026-01-04T14:10:14.181Z</time>
      </trkpt>
      <trkpt lat="55.908562" lon="37.370906">
        <ele>182.803876</ele>
        <time>2026-01-04T14:10:19.238Z</time>
      </trkpt>
      <trkpt lat="55.908689" lon="37.371204">
        <ele>182.691055</ele>
        <time>2026-01-04T14:10:21.313Z</time>
      </trkpt>
      <trkpt lat="55.908756" lon="37.371361">
        <ele>182.631586</ele>
        <time>2026-01-04T14:10:22.431Z</time>
      </trkpt>
      <trkpt lat="55.908806" lon="37.371478">
        <ele>182.587245</ele>
        <time>2026-01-04T14:10:23.285Z</time>
      </trkpt>
      <trkpt lat="55.909039" lon="37.372025">
        <ele>182.334656</ele>
        <time>2026-01-04T14:10:27.162Z</time>
      </trkpt>
      <trkpt lat="55.909061" lon="37.372076">
        <ele>182.297859</ele>
        <time>2026-01-04T14:10:27.539Z</time>
      </trkpt>
      <trkpt lat="55.909463" lon="37.373031">
        <ele>181.614962</ele>
        <time>2026-01-04T14:10:35.586Z</time>
      </trkpt>
      <trkpt lat="55.910101" lon="37.374550">
        <ele>180.506709</ele>
        <time>2026-01-04T14:10:45.396Z</time>
      </trkpt>
      <trkpt lat="55.910490" lon="37.375443">
        <ele>179.636981</ele>
        <time>2026-01-04T14:10:50.903Z</time>
      </trkpt>
      <trkpt lat="55.911073" lon="37.376891">
        <ele>178.265966</ele>
        <time>2026-01-04T14:10:59.939Z</time>
      </trkpt>
      <trkpt lat="55.911231" lon="37.377440">
        <ele>178.000302</ele>
        <time>2026-01-04T14:11:04.905Z</time>
      </trkpt>
      <trkpt lat="55.911325" lon="37.377965">
        <ele>177.839246</ele>
        <time>2026-01-04T14:11:09.422Z</time>
      </trkpt>
      <trkpt lat="55.911329" lon="37.377988">
        <ele>177.832208</ele>
        <time>2026-01-04T14:11:09.616Z</time>
      </trkpt>
      <trkpt lat="55.911386" lon="37.378747">
        <ele>177.608429</ele>
        <time>2026-01-04T14:11:15.522Z</time>
      </trkpt>
      <trkpt lat="55.911336" lon="37.380282">
        <ele>177.121579</ele>
        <time>2026-01-04T14:11:23.992Z</time>
      </trkpt>
      <trkpt lat="55.911285" lon="37.381409">
        <ele>176.396965</ele>
        <time>2026-01-04T14:11:29.094Z</time>
      </trkpt>
      <trkpt lat="55.911257" lon="37.382088">
        <ele>175.960636</ele>
        <time>2026-01-04T14:11:32.272Z</time>
      </trkpt>
      <trkpt lat="55.911263" lon="37.383202">
        <ele>175.246670</ele>
        <time>2026-01-04T14:11:38.897Z</time>
      </trkpt>
      <trkpt lat="55.911309" lon="37.384037">
        <ele>176.856300</ele>
        <time>2026-01-04T14:11:48.348Z</time>
      </trkpt>
      <trkpt lat="55.911343" lon="37.384446">
        <ele>177.930308</ele>
        <time>2026-01-04T14:11:54.689Z</time>
      </trkpt>
      <trkpt lat="55.911411" lon="37.385218">
        <ele>179.960203</ele>
        <time>2026-01-04T14:12:09.435Z</time>
      </trkpt>
      <trkpt lat="55.911440" lon="37.385538">
        <ele>180.802203</ele>
        <time>2026-01-04T14:12:15.835Z</time>
      </trkpt>
      <trkpt lat="55.911455" lon="37.385700">
        <ele>181.228703</ele>
        <time>2026-01-04T14:12:18.826Z</time>
      </trkpt>
      <trkpt lat="55.911499" lon="37.386191">
        <ele>182.520279</ele>
        <time>2026-01-04T14:12:27.392Z</time>
      </trkpt>
      <trkpt lat="55.911547" lon="37.386614">
        <ele>183.529902</ele>
        <time>2026-01-04T14:12:34.066Z</time>
      </trkpt>
      <trkpt lat="55.911569" lon="37.386815">
        <ele>183.716476</ele>
        <time>2026-01-04T14:12:36.951Z</time>
      </trkpt>
      <trkpt lat="55.911616" lon="37.387075">
        <ele>183.965356</ele>
        <time>2026-01-04T14:12:40.605Z</time>
      </trkpt>
      <trkpt lat="55.911657" lon="37.387253">
        <ele>184.140677</ele>
        <time>2026-01-04T14:12:42.986Z</time>
      </trkpt>
      <trkpt lat="55.911805" lon="37.387777">
        <ele>184.675238</ele>
        <time>2026-01-04T14:12:49.452Z</time>
      </trkpt>
      <trkpt lat="55.912328" lon="37.389159">
        <ele>186.194380</ele>
        <time>2026-01-04T14:13:01.667Z</time>
      </trkpt>
      <trkpt lat="55.912472" lon="37.389535">
        <ele>186.272150</ele>
        <time>2026-01-04T14:13:04.179Z</time>
      </trkpt>
      <trkpt lat="55.912520" lon="37.389660">
        <ele>186.194691</ele>
        <time>2026-01-04T14:13:05.057Z</time>
      </trkpt>
      <trkpt lat="55.912594" lon="37.389853">
        <ele>186.075151</ele>
        <time>2026-01-04T14:13:06.338Z</time>
      </trkpt>
      <trkpt lat="55.912677" lon="37.390071">
        <ele>185.940428</ele>
        <time>2026-01-04T14:13:07.787Z</time>
      </trkpt>
      <trkpt lat="55.912714" lon="37.390168">
        <ele>185.880447</ele>
        <time>2026-01-04T14:13:08.423Z</time>
      </trkpt>
      <trkpt lat="55.912779" lon="37.390339">
        <ele>185.774824</ele>
        <time>2026-01-04T14:13:09.598Z</time>
      </trkpt>
      <trkpt lat="55.913147" lon="37.391306">
        <ele>185.177311</ele>
        <time>2026-01-04T14:13:16.226Z</time>
      </trkpt>
      <trkpt lat="55.913810" lon="37.393052">
        <ele>183.738525</ele>
        <time>2026-01-04T14:13:27.106Z</time>
      </trkpt>
      <trkpt lat="55.913933" lon="37.393372">
        <ele>183.430704</ele>
        <time>2026-01-04T14:13:29.115Z</time>
      </trkpt>
      <trkpt lat="55.914245" lon="37.394215">
        <ele>182.629297</ele>
        <time>2026-01-04T14:13:34.405Z</time>
      </trkpt>
      <trkpt lat="55.914449" lon="37.394764">
        <ele>182.161747</ele>
        <time>2026-01-04T14:13:37.735Z</time>
      </trkpt>
      <trkpt lat="55.914628" lon="37.395244">
        <ele>181.955758</ele>
        <time>2026-01-04T14:13:40.873Z</time>
      </trkpt>
      <trkpt lat="55.914819" lon="37.395759">
        <ele>181.735122</ele>
        <time>2026-01-04T14:13:44.359Z</time>
      </trkpt>
      <trkpt lat="55.914826" lon="37.395779">
        <ele>181.726697</ele>
        <time>2026-01-04T14:13:44.492Z</time>
      </trkpt>
      <trkpt lat="55.915226" lon="37.396905">
        <ele>181.250400</ele>
        <time>2026-01-04T14:13:52.340Z</time>
      </trkpt>
      <trkpt lat="55.915327" lon="37.397530">
        <ele>181.109355</ele>
        <time>2026-01-04T14:13:56.813Z</time>
      </trkpt>
      <trkpt lat="55.915321" lon="37.398188">
        <ele>181.383626</ele>
        <time>2026-01-04T14:14:01.396Z</time>
      </trkpt>
      <trkpt lat="55.915311" lon="37.398358">
        <ele>181.454866</ele>
        <time>2026-01-04T14:14:02.699Z</time>
      </trkpt>
      <trkpt lat="55.915362" lon="37.398602">
        <ele>181.563400</ele>
        <time>2026-01-04T14:14:04.709Z</time>
      </trkpt>
      <trkpt lat="55.915476" lon="37.398764">
        <ele>181.671779</ele>
        <time>2026-01-04T14:14:06.868Z</time>
      </trkpt>
      <trkpt lat="55.915636" lon="37.398791">
        <ele>181.791299</ele>
        <time>2026-01-04T14:14:09.458Z</time>
      </trkpt>
      <trkpt lat="55.915762" lon="37.398677">
        <ele>181.896359</ele>
        <time>2026-01-04T14:14:11.740Z</time>
      </trkpt>
      <trkpt lat="55.915820" lon="37.398542">
        <ele>181.967253</ele>
        <time>2026-01-04T14:14:13.200Z</time>
      </trkpt>
      <trkpt lat="55.915832" lon="37.398495">
        <ele>181.988778</ele>
        <time>2026-01-04T14:14:13.704Z</time>
      </trkpt>
      <trkpt lat="55.916041" lon="37.397959">
        <ele>182.260916</ele>
        <time>2026-01-04T14:14:19.725Z</time>
      </trkpt>
      <trkpt lat="55.916113" lon="37.397584">
        <ele>182.401601</ele>
        <time>2026-01-04T14:14:23.145Z</time>
      </trkpt>
      <trkpt lat="55.916154" lon="37.397191">
        <ele>182.424056</ele>
        <time>2026-01-04T14:14:26.390Z</time>
      </trkpt>
      <trkpt lat="55.916542" lon="37.394674">
        <ele>182.570695</ele>
        <time>2026-01-04T14:14:43.981Z</time>
      </trkpt>
      <trkpt lat="55.916602" lon="37.394395">
        <ele>182.513711</ele>
        <time>2026-01-04T14:14:45.579Z</time>
      </trkpt>
      <trkpt lat="55.916749" lon="37.393904">
        <ele>182.299843</ele>
        <time>2026-01-04T14:14:48.569Z</time>
      </trkpt>
      <trkpt lat="55.916993" lon="37.393308">
        <ele>182.016276</ele>
        <time>2026-01-04T14:14:52.524Z</time>
      </trkpt>
      <trkpt lat="55.917352" lon="37.392556">
        <ele>181.636751</ele>
        <time>2026-01-04T14:14:57.966Z</time>
      </trkpt>
      <trkpt lat="55.917642" lon="37.391677">
        <ele>181.452163</ele>
        <time>2026-01-04T14:15:04.033Z</time>
      </trkpt>
      <trkpt lat="55.918486" lon="37.388881">
        <ele>182.789194</ele>
        <time>2026-01-04T14:15:30.592Z</time>
      </trkpt>
      <trkpt lat="55.918637" lon="37.388404">
        <ele>183.089272</ele>
        <time>2026-01-04T14:15:35.654Z</time>
      </trkpt>
      <trkpt lat="55.918688" lon="37.388239">
        <ele>183.192485</ele>
        <time>2026-01-04T14:15:37.401Z</time>
      </trkpt>
      <trkpt lat="55.919076" lon="37.386856">
        <ele>184.039632</ele>
        <time>2026-01-04T14:15:51.253Z</time>
      </trkpt>
      <trkpt lat="55.919183" lon="37.386467">
        <ele>184.276983</ele>
        <time>2026-01-04T14:15:54.714Z</time>
      </trkpt>
      <trkpt lat="55.919724" lon="37.384122">
        <ele>183.808362</ele>
        <time>2026-01-04T14:16:10.954Z</time>
      </trkpt>
      <trkpt lat="55.920006" lon="37.382839">
        <ele>183.133796</ele>
        <time>2026-01-04T14:16:18.128Z</time>
      </trkpt>
      <trkpt lat="55.920576" lon="37.380384">
        <ele>180.584572</ele>
        <time>2026-01-04T14:16:31.369Z</time>
      </trkpt>
      <trkpt lat="55.920795" lon="37.379443">
        <ele>179.773589</ele>
        <time>2026-01-04T14:16:36.459Z</time>
      </trkpt>
      <trkpt lat="55.920822" lon="37.379345">
        <ele>179.688940</ele>
        <time>2026-01-04T14:16:36.986Z</time>
      </trkpt>
      <trkpt lat="55.921189" lon="37.377936">
        <ele>178.484537</ele>
        <time>2026-01-04T14:16:45.078Z</time>
      </trkpt>
      <trkpt lat="55.921221" lon="37.377811">
        <ele>178.378012</ele>
        <time>2026-01-04T14:16:45.782Z</time>
      </trkpt>
      <trkpt lat="55.921623" lon="37.376212">
        <ele>178.125232</ele>
        <time>2026-01-04T14:16:56.025Z</time>
      </trkpt>
      <trkpt lat="55.921816" lon="37.375606">
        <ele>178.202945</ele>
        <time>2026-01-04T14:17:01.133Z</time>
      </trkpt>
      <trkpt lat="55.922344" lon="37.374356">
        <ele>178.580730</ele>
        <time>2026-01-04T14:17:14.042Z</time>
      </trkpt>
      <trkpt lat="55.924112" lon="37.370269">
        <ele>182.168615</ele>
        <time>2026-01-04T14:18:02.375Z</time>
      </trkpt>
      <trkpt lat="55.924319" lon="37.369812">
        <ele>182.504681</ele>
        <time>2026-01-04T14:18:06.860Z</time>
      </trkpt>
      <trkpt lat="55.924400" lon="37.369631">
        <ele>182.637154</ele>
        <time>2026-01-04T14:18:08.503Z</time>
      </trkpt>
      <trkpt lat="55.924551" lon="37.369296">
        <ele>182.596735</ele>
        <time>2026-01-04T14:18:11.343Z</time>
      </trkpt>
      <trkpt lat="55.925334" lon="37.367562">
        <ele>181.685970</ele>
        <time>2026-01-04T14:18:23.548Z</time>
      </trkpt>
      <trkpt lat="55.925452" lon="37.367301">
        <ele>181.548818</ele>
        <time>2026-01-04T14:18:25.317Z</time>
      </trkpt>
      <trkpt lat="55.925523" lon="37.367145">
        <ele>181.466626</ele>
        <time>2026-01-04T14:18:26.391Z</time>
      </trkpt>
      <trkpt lat="55.925899" lon="37.366276">
        <ele>181.644743</ele>
        <time>2026-01-04T14:18:32.583Z</time>
      </trkpt>
      <trkpt lat="55.928611" lon="37.360023">
        <ele>183.849729</ele>
        <time>2026-01-04T14:19:35.235Z</time>
      </trkpt>
      <trkpt lat="55.929792" lon="37.357141">
        <ele>184.664617</ele>
        <time>2026-01-04T14:20:00.745Z</time>
      </trkpt>
      <trkpt lat="55.929873" lon="37.356968">
        <ele>184.709641</ele>
        <time>2026-01-04T14:20:02.465Z</time>
      </trkpt>
      <trkpt lat="55.929998" lon="37.356757">
        <ele>184.771675</ele>
        <time>2026-01-04T14:20:04.904Z</time>
      </trkpt>
      <trkpt lat="55.930177" lon="37.356509">
        <ele>184.855009</ele>
        <time>2026-01-04T14:20:08.017Z</time>
      </trkpt>
      <trkpt lat="55.930748" lon="37.355698">
        <ele>185.123369</ele>
        <time>2026-01-04T14:20:17.733Z</time>
      </trkpt>
      <trkpt lat="55.932741" lon="37.352743">
        <ele>185.854300</ele>
        <time>2026-01-04T14:20:50.589Z</time>
      </trkpt>
      <trkpt lat="55.932775" lon="37.352693">
        <ele>185.862109</ele>
        <time>2026-01-04T14:20:51.114Z</time>
      </trkpt>
      <trkpt lat="55.932839" lon="37.352603">
        <ele>185.876551</ele>
        <time>2026-01-04T14:20:52.090Z</time>
      </trkpt>
      <trkpt lat="55.933054" lon="37.352296">
        <ele>185.925356</ele>
        <time>2026-01-04T14:20:55.354Z</time>
      </trkpt>
      <trkpt lat="55.933429" lon="37.351842">
        <ele>186.005676</ele>
        <time>2026-01-04T14:21:00.993Z</time>
      </trkpt>
      <trkpt lat="55.933952" lon="37.351366">
        <ele>186.109741</ele>
        <time>2026-01-04T14:21:08.716Z</time>
      </trkpt>
      <trkpt lat="55.934751" lon="37.350826">
        <ele>186.177234</ele>
        <time>2026-01-04T14:21:18.820Z</time>
      </trkpt>
      <trkpt lat="55.935254" lon="37.350528">
        <ele>186.183811</ele>
        <time>2026-01-04T14:21:25.248Z</time>
      </trkpt>
      <trkpt lat="55.935611" lon="37.350261">
        <ele>186.188613</ele>
        <time>2026-01-04T14:21:29.687Z</time>
      </trkpt>
      <trkpt lat="55.935730" lon="37.350141">
        <ele>186.190309</ele>
        <time>2026-01-04T14:21:31.240Z</time>
      </trkpt>
      <trkpt lat="55.935906" lon="37.349914">
        <ele>186.193003</ele>
        <time>2026-01-04T14:21:33.745Z</time>
      </trkpt>
      <trkpt lat="55.935997" lon="37.349722">
        <ele>186.241835</ele>
        <time>2026-01-04T14:21:35.382Z</time>
      </trkpt>
      <trkpt lat="55.936066" lon="37.349497">
        <ele>186.298931</ele>
        <time>2026-01-04T14:21:37.078Z</time>
      </trkpt>
      <trkpt lat="55.936153" lon="37.348981">
        <ele>186.418874</ele>
        <time>2026-01-04T14:21:40.810Z</time>
      </trkpt>
      <trkpt lat="55.936185" lon="37.348562">
        <ele>186.512999</ele>
        <time>2026-01-04T14:21:44.071Z</time>
      </trkpt>
      <trkpt lat="55.936219" lon="37.347237">
        <ele>186.808230</ele>
        <time>2026-01-04T14:21:54.252Z</time>
      </trkpt>
      <trkpt lat="55.936251" lon="37.345932">
        <ele>187.012740</ele>
        <time>2026-01-04T14:22:04.198Z</time>
      </trkpt>
      <trkpt lat="55.936266" lon="37.345217">
        <ele>187.100086</ele>
        <time>2026-01-04T14:22:09.307Z</time>
      </trkpt>
      <trkpt lat="55.936268" lon="37.345123">
        <ele>187.111570</ele>
        <time>2026-01-04T14:22:10.008Z</time>
      </trkpt>
      <trkpt lat="55.936424" lon="37.339333">
        <ele>186.227287</ele>
        <time>2026-01-04T14:22:48.534Z</time>
      </trkpt>
      <trkpt lat="55.936454" lon="37.338177">
        <ele>185.092805</ele>
        <time>2026-01-04T14:22:54.305Z</time>
      </trkpt>
      <trkpt lat="55.936458" lon="37.338041">
        <ele>184.959296</ele>
        <time>2026-01-04T14:22:54.957Z</time>
      </trkpt>
      <trkpt lat="55.936467" lon="37.337713">
        <ele>184.637361</ele>
        <time>2026-01-04T14:22:56.507Z</time>
      </trkpt>
      <trkpt lat="55.936628" lon="37.331331">
        <ele>170.062765</ele>
        <time>2026-01-04T14:23:24.692Z</time>
      </trkpt>
      <trkpt lat="55.936686" lon="37.329245">
        <ele>162.828052</ele>
        <time>2026-01-04T14:23:32.854Z</time>
      </trkpt>
      <trkpt lat="55.936716" lon="37.327958">
        <ele>158.030851</ele>
        <time>2026-01-04T14:23:38.052Z</time>
      </trkpt>
      <trkpt lat="55.936760" lon="37.327147">
        <ele>156.219625</ele>
        <time>2026-01-04T14:23:41.810Z</time>
      </trkpt>
      <trkpt lat="55.936828" lon="37.326471">
        <ele>155.768696</ele>
        <time>2026-01-04T14:23:45.292Z</time>
      </trkpt>
      <trkpt lat="55.936981" lon="37.325383">
        <ele>155.032200</ele>
        <time>2026-01-04T14:23:51.700Z</time>
      </trkpt>
      <trkpt lat="55.937061" lon="37.324845">
        <ele>154.666742</ele>
        <time>2026-01-04T14:23:55.592Z</time>
      </trkpt>
      <trkpt lat="55.937187" lon="37.323993">
        <ele>154.721016</ele>
        <time>2026-01-04T14:24:02.140Z</time>
      </trkpt>
      <trkpt lat="55.937467" lon="37.322096">
        <ele>156.294062</ele>
        <time>2026-01-04T14:24:19.583Z</time>
      </trkpt>
      <trkpt lat="55.937509" lon="37.321815">
        <ele>156.527267</ele>
        <time>2026-01-04T14:24:22.744Z</time>
      </trkpt>
      <trkpt lat="55.937632" lon="37.320981">
        <ele>157.520050</ele>
        <time>2026-01-04T14:24:32.353Z</time>
      </trkpt>
      <trkpt lat="55.937677" lon="37.320678">
        <ele>158.051084</ele>
        <time>2026-01-04T14:24:35.990Z</time>
      </trkpt>
      <trkpt lat="55.937794" lon="37.319886">
        <ele>159.438650</ele>
        <time>2026-01-04T14:24:45.735Z</time>
      </trkpt>
      <trkpt lat="55.938055" lon="37.318118">
        <ele>162.540059</ele>
        <time>2026-01-04T14:25:08.604Z</time>
      </trkpt>
      <trkpt lat="55.938445" lon="37.315406">
        <ele>167.413833</ele>
        <time>2026-01-04T14:25:45.046Z</time>
      </trkpt>
      <trkpt lat="55.938471" lon="37.315214">
        <ele>167.757667</ele>
        <time>2026-01-04T14:25:47.156Z</time>
      </trkpt>
      <trkpt lat="55.938584" lon="37.314436">
        <ele>168.066148</ele>
        <time>2026-01-04T14:25:54.609Z</time>
      </trkpt>
      <trkpt lat="55.938835" lon="37.312647">
        <ele>168.306039</ele>
        <time>2026-01-04T14:26:06.479Z</time>
      </trkpt>
      <trkpt lat="55.938888" lon="37.312288">
        <ele>168.354330</ele>
        <time>2026-01-04T14:26:08.427Z</time>
      </trkpt>
      <trkpt lat="55.938934" lon="37.311984">
        <ele>168.395290</ele>
        <time>2026-01-04T14:26:10.136Z</time>
      </trkpt>
      <trkpt lat="55.938972" lon="37.311723">
        <ele>168.331754</ele>
        <time>2026-01-04T14:26:11.624Z</time>
      </trkpt>
      <trkpt lat="55.939043" lon="37.311239">
        <ele>168.211221</ele>
        <time>2026-01-04T14:26:14.480Z</time>
      </trkpt>
      <trkpt lat="55.939614" lon="37.307550">
        <ele>168.600984</ele>
        <time>2026-01-04T14:26:38.216Z</time>
      </trkpt>
      <trkpt lat="55.939778" lon="37.306490">
        <ele>169.379893</ele>
        <time>2026-01-04T14:26:47.403Z</time>
      </trkpt>
      <trkpt lat="55.939796" lon="37.306369">
        <ele>169.468568</ele>
        <time>2026-01-04T14:26:48.495Z</time>
      </trkpt>
      <trkpt lat="55.939907" lon="37.305655">
        <ele>170.391360</ele>
        <time>2026-01-04T14:26:56.772Z</time>
      </trkpt>
      <trkpt lat="55.940238" lon="37.303464">
        <ele>178.619707</ele>
        <time>2026-01-04T14:27:40.220Z</time>
      </trkpt>
      <trkpt lat="55.940370" lon="37.302804">
        <ele>181.160815</ele>
        <time>2026-01-04T14:27:55.513Z</time>
      </trkpt>
      <trkpt lat="55.940599" lon="37.301120">
        <ele>186.179450</ele>
        <time>2026-01-04T14:28:29.285Z</time>
      </trkpt>
      <trkpt lat="55.940726" lon="37.300012">
        <ele>189.401523</ele>
        <time>2026-01-04T14:28:43.607Z</time>
      </trkpt>
      <trkpt lat="55.940794" lon="37.299404">
        <ele>190.833640</ele>
        <time>2026-01-04T14:28:50.392Z</time>
      </trkpt>
      <trkpt lat="55.940853" lon="37.298848">
        <ele>191.315532</ele>
        <time>2026-01-04T14:28:55.935Z</time>
      </trkpt>
      <trkpt lat="55.940855" lon="37.298822">
        <ele>191.337880</ele>
        <time>2026-01-04T14:28:56.191Z</time>
      </trkpt>
      <trkpt lat="55.940863" lon="37.298755">
        <ele>191.396217</ele>
        <time>2026-01-04T14:28:56.868Z</time>
      </trkpt>
      <trkpt lat="55.940932" lon="37.298181">
        <ele>191.896145</ele>
        <time>2026-01-04T14:29:02.218Z</time>
      </trkpt>
      <trkpt lat="55.941279" lon="37.296264">
        <ele>193.559458</ele>
        <time>2026-01-04T14:29:19.768Z</time>
      </trkpt>
      <trkpt lat="55.941368" lon="37.295806">
        <ele>193.856103</ele>
        <time>2026-01-04T14:29:23.520Z</time>
      </trkpt>
      <trkpt lat="55.941505" lon="37.295145">
        <ele>194.287383</ele>
        <time>2026-01-04T14:29:30.242Z</time>
      </trkpt>
      <trkpt lat="55.941812" lon="37.293914">
        <ele>195.111946</ele>
        <time>2026-01-04T14:29:42.330Z</time>
      </trkpt>
      <trkpt lat="55.941845" lon="37.293658">
        <ele>195.272689</ele>
        <time>2026-01-04T14:29:44.558Z</time>
      </trkpt>
      <trkpt lat="55.941944" lon="37.291256">
        <ele>194.933323</ele>
        <time>2026-01-04T14:30:01.816Z</time>
      </trkpt>
      <trkpt lat="55.941954" lon="37.290958">
        <ele>194.871603</ele>
        <time>2026-01-04T14:30:03.601Z</time>
      </trkpt>
      <trkpt lat="55.941961" lon="37.290760">
        <ele>194.830586</ele>
        <time>2026-01-04T14:30:04.718Z</time>
      </trkpt>
      <trkpt lat="55.941742" lon="37.290573">
        <ele>194.740971</ele>
        <time>2026-01-04T14:30:06.909Z</time>
      </trkpt>
      <trkpt lat="55.941423" lon="37.290290">
        <ele>192.924535</ele>
        <time>2026-01-04T14:30:09.894Z</time>
      </trkpt>
      <trkpt lat="55.941129" lon="37.290035">
        <ele>191.077276</ele>
        <time>2026-01-04T14:30:12.462Z</time>
      </trkpt>
      <trkpt lat="55.941021" lon="37.289952">
        <ele>190.412756</ele>
        <time>2026-01-04T14:30:13.348Z</time>
      </trkpt>
      <trkpt lat="55.939865" lon="37.289546">
        <ele>183.291035</ele>
        <time>2026-01-04T14:30:21.780Z</time>
      </trkpt>
      <trkpt lat="55.939268" lon="37.289337">
        <ele>177.880901</ele>
        <time>2026-01-04T14:30:25.963Z</time>
      </trkpt>
      <trkpt lat="55.938771" lon="37.289169">
        <ele>173.382631</ele>
        <time>2026-01-04T14:30:29.457Z</time>
      </trkpt>
      <trkpt lat="55.938212" lon="37.288979">
        <ele>168.441375</ele>
        <time>2026-01-04T14:30:33.432Z</time>
      </trkpt>
      <trkpt lat="55.937857" lon="37.288847">
        <ele>166.788127</ele>
        <time>2026-01-04T14:30:35.990Z</time>
      </trkpt>
      <trkpt lat="55.936983" lon="37.288542">
        <ele>162.727969</ele>
        <time>2026-01-04T14:30:42.580Z</time>
      </trkpt>
      <trkpt lat="55.936384" lon="37.288352">
        <ele>160.814627</ele>
        <time>2026-01-04T14:30:48.499Z</time>
      </trkpt>
      <trkpt lat="55.936208" lon="37.288260">
        <ele>161.724269</ele>
        <time>2026-01-04T14:30:51.713Z</time>
      </trkpt>
      <trkpt lat="55.935916" lon="37.288005">
        <ele>163.336632</ele>
        <time>2026-01-04T14:30:59.398Z</time>
      </trkpt>
      <trkpt lat="55.935764" lon="37.287895">
        <ele>164.150167</ele>
        <time>2026-01-04T14:31:04.093Z</time>
      </trkpt>
      <trkpt lat="55.935492" lon="37.287752">
        <ele>165.556620</ele>
        <time>2026-01-04T14:31:13.407Z</time>
      </trkpt>
      <trkpt lat="55.935430" lon="37.287735">
        <ele>165.867758</ele>
        <time>2026-01-04T14:31:15.725Z</time>
      </trkpt>
      <trkpt lat="55.934880" lon="37.287587">
        <ele>168.626677</ele>
        <time>2026-01-04T14:31:37.689Z</time>
      </trkpt>
      <trkpt lat="55.934092" lon="37.287334">
        <ele>171.320565</ele>
        <time>2026-01-04T14:32:03.841Z</time>
      </trkpt>
      <trkpt lat="55.933679" lon="37.287130">
        <ele>172.625797</ele>
        <time>2026-01-04T14:32:12.797Z</time>
      </trkpt>
      <trkpt lat="55.934250" lon="37.284142">
        <ele>173.934527</ele>
        <time>2026-01-04T14:32:31.348Z</time>
      </trkpt>
      <trkpt lat="55.934410" lon="37.283191">
        <ele>173.500307</ele>
        <time>2026-01-04T14:32:36.717Z</time>
      </trkpt>
      <trkpt lat="55.934513" lon="37.282407">
        <ele>172.846082</ele>
        <time>2026-01-04T14:32:40.932Z</time>
      </trkpt>
      <trkpt lat="55.934524" lon="37.281860">
        <ele>172.269053</ele>
        <time>2026-01-04T14:32:43.972Z</time>
      </trkpt>
      <trkpt lat="55.934480" lon="37.281489">
        <ele>171.869266</ele>
        <time>2026-01-04T14:32:46.001Z</time>
      </trkpt>
      <trkpt lat="55.934464" lon="37.281356">
        <ele>171.725858</ele>
        <time>2026-01-04T14:32:46.712Z</time>
      </trkpt>
      <trkpt lat="55.934302" lon="37.280112">
        <ele>170.379429</ele>
        <time>2026-01-04T14:32:52.958Z</time>
      </trkpt>
      <trkpt lat="55.933922" lon="37.279480">
        <ele>168.778917</ele>
        <time>2026-01-04T14:32:57.163Z</time>
      </trkpt>
      <trkpt lat="55.933714" lon="37.279048">
        <ele>167.527780</ele>
        <time>2026-01-04T14:32:59.661Z</time>
      </trkpt>
      <trkpt lat="55.933310" lon="37.277703">
        <ele>164.175827</ele>
        <time>2026-01-04T14:33:06.155Z</time>
      </trkpt>
      <trkpt lat="55.933174" lon="37.277425">
        <ele>163.365174</ele>
        <time>2026-01-04T14:33:07.725Z</time>
      </trkpt>
      <trkpt lat="55.932868" lon="37.277081">
        <ele>163.054180</ele>
        <time>2026-01-04T14:33:10.574Z</time>
      </trkpt>
      <trkpt lat="55.932736" lon="37.276885">
        <ele>163.143276</ele>
        <time>2026-01-04T14:33:12.053Z</time>
      </trkpt>
      <trkpt lat="55.932622" lon="37.276794">
        <ele>163.208078</ele>
        <time>2026-01-04T14:33:13.226Z</time>
      </trkpt>
      <trkpt lat="55.932398" lon="37.276724">
        <ele>163.326085</ele>
        <time>2026-01-04T14:33:15.704Z</time>
      </trkpt>
      <trkpt lat="55.932099" lon="37.276711">
        <ele>163.481289</ele>
        <time>2026-01-04T14:33:20.259Z</time>
      </trkpt>
      <trkpt lat="55.930924" lon="37.276882">
        <ele>166.014729</ele>
        <time>2026-01-04T14:33:47.259Z</time>
      </trkpt>
      <trkpt lat="55.930543" lon="37.276842">
        <ele>167.833158</ele>
        <time>2026-01-04T14:33:58.489Z</time>
      </trkpt>
      <trkpt lat="55.930424" lon="37.276818">
        <ele>168.403746</ele>
        <time>2026-01-04T14:34:02.101Z</time>
      </trkpt>
      <trkpt lat="55.930150" lon="37.276779">
        <ele>169.713375</ele>
        <time>2026-01-04T14:34:10.278Z</time>
      </trkpt>
      <trkpt lat="55.929890" lon="37.276724">
        <ele>170.960825</ele>
        <time>2026-01-04T14:34:17.915Z</time>
      </trkpt>
      <trkpt lat="55.929358" lon="37.276525">
        <ele>173.345003</ele>
        <time>2026-01-04T14:34:33.190Z</time>
      </trkpt>
      <trkpt lat="55.928911" lon="37.276238">
        <ele>175.193834</ele>
        <time>2026-01-04T14:34:45.788Z</time>
      </trkpt>
      <trkpt lat="55.928344" lon="37.276035">
        <ele>177.444535</ele>
        <time>2026-01-04T14:34:59.344Z</time>
      </trkpt>
      <trkpt lat="55.928298" lon="37.276024">
        <ele>177.625165</ele>
        <time>2026-01-04T14:35:00.374Z</time>
      </trkpt>
      <trkpt lat="55.928089" lon="37.275978">
        <ele>178.444748</ele>
        <time>2026-01-04T14:35:05.031Z</time>
      </trkpt>
      <trkpt lat="55.927857" lon="37.275978">
        <ele>179.347686</ele>
        <time>2026-01-04T14:35:10.064Z</time>
      </trkpt>
      <trkpt lat="55.927330" lon="37.276078">
        <ele>179.782305</ele>
        <time>2026-01-04T14:35:20.825Z</time>
      </trkpt>
      <trkpt lat="55.927073" lon="37.276142">
        <ele>179.962744</ele>
        <time>2026-01-04T14:35:25.702Z</time>
      </trkpt>
      <trkpt lat="55.926840" lon="37.276199">
        <ele>180.126278</ele>
        <time>2026-01-04T14:35:29.676Z</time>
      </trkpt>
      <trkpt lat="55.926718" lon="37.276152">
        <ele>180.213066</ele>
        <time>2026-01-04T14:35:31.512Z</time>
      </trkpt>
      <trkpt lat="55.926693" lon="37.275989">
        <ele>180.278904</ele>
        <time>2026-01-04T14:35:32.810Z</time>
      </trkpt>
      <trkpt lat="55.926685" lon="37.274605">
        <ele>179.996623</ele>
        <time>2026-01-04T14:35:39.836Z</time>
      </trkpt>
      <trkpt lat="55.926632" lon="37.274363">
        <ele>179.500632</ele>
        <time>2026-01-04T14:35:40.987Z</time>
      </trkpt>
      <trkpt lat="55.926552" lon="37.274050">
        <ele>178.843911</ele>
        <time>2026-01-04T14:35:42.485Z</time>
      </trkpt>
      <trkpt lat="55.926413" lon="37.272661">
        <ele>176.150494</ele>
        <time>2026-01-04T14:35:48.501Z</time>
      </trkpt>
      <trkpt lat="55.926347" lon="37.272438">
        <ele>175.669064</ele>
        <time>2026-01-04T14:35:49.584Z</time>
      </trkpt>
      <trkpt lat="55.926155" lon="37.271952">
        <ele>174.555772</ele>
        <time>2026-01-04T14:35:52.237Z</time>
      </trkpt>
      <trkpt lat="55.926089" lon="37.271541">
        <ele>174.810058</ele>
        <time>2026-01-04T14:35:54.323Z</time>
      </trkpt>
      <trkpt lat="55.926117" lon="37.271172">
        <ele>175.031525</ele>
        <time>2026-01-04T14:35:56.378Z</time>
      </trkpt>
      <trkpt lat="55.926205" lon="37.270819">
        <ele>175.261318</ele>
        <time>2026-01-04T14:35:59.142Z</time>
      </trkpt>
      <trkpt lat="55.926279" lon="37.270659">
        <ele>175.384713</ele>
        <time>2026-01-04T14:36:00.921Z</time>
      </trkpt>
      <trkpt lat="55.926699" lon="37.269849">
        <ele>176.041117</ele>
        <time>2026-01-04T14:36:13.310Z</time>
      </trkpt>
      <trkpt lat="55.927132" lon="37.269163">
        <ele>176.630479</ele>
        <time>2026-01-04T14:36:27.479Z</time>
      </trkpt>
      <trkpt lat="55.927412" lon="37.268839">
        <ele>176.939036</ele>
        <time>2026-01-04T14:36:35.146Z</time>
      </trkpt>
      <trkpt lat="55.927556" lon="37.268684">
        <ele>177.094527</ele>
        <time>2026-01-04T14:36:38.549Z</time>
      </trkpt>
      <trkpt lat="55.928048" lon="37.268198">
        <ele>177.614488</ele>
        <time>2026-01-04T14:36:47.527Z</time>
      </trkpt>
      <trkpt lat="55.928883" lon="37.267441">
        <ele>176.566601</ele>
        <time>2026-01-04T14:36:55.767Z</time>
      </trkpt>
      <trkpt lat="55.929523" lon="37.266622">
        <ele>173.395040</ele>
        <time>2026-01-04T14:37:01.753Z</time>
      </trkpt>
      <trkpt lat="55.930061" lon="37.265856">
        <ele>170.654257</ele>
        <time>2026-01-04T14:37:06.931Z</time>
      </trkpt>
      <trkpt lat="55.930205" lon="37.265652">
        <ele>170.003232</ele>
        <time>2026-01-04T14:37:08.313Z</time>
      </trkpt>
      <trkpt lat="55.931142" lon="37.264320">
        <ele>165.761413</ele>
        <time>2026-01-04T14:37:17.733Z</time>
      </trkpt>
      <trkpt lat="55.931393" lon="37.263948">
        <ele>164.606126</ele>
        <time>2026-01-04T14:37:20.553Z</time>
      </trkpt>
      <trkpt lat="55.931520" lon="37.263722">
        <ele>164.490341</ele>
        <time>2026-01-04T14:37:22.153Z</time>
      </trkpt>
      <trkpt lat="55.931856" lon="37.263183">
        <ele>164.433412</ele>
        <time>2026-01-04T14:37:26.538Z</time>
      </trkpt>
      <trkpt lat="55.931714" lon="37.262767">
        <ele>164.399021</ele>
        <time>2026-01-04T14:37:29.722Z</time>
      </trkpt>
      <trkpt lat="55.931579" lon="37.262107">
        <ele>164.349419</ele>
        <time>2026-01-04T14:37:35.366Z</time>
      </trkpt>
      <trkpt lat="55.931364" lon="37.260751">
        <ele>164.658477</ele>
        <time>2026-01-04T14:37:47.450Z</time>
      </trkpt>
      <trkpt lat="55.931270" lon="37.259964">
        <ele>165.307102</ele>
        <time>2026-01-04T14:37:54.673Z</time>
      </trkpt>
      <trkpt lat="55.930662" lon="37.257740">
        <ele>167.860794</ele>
        <time>2026-01-04T14:38:17.870Z</time>
      </trkpt>
      <trkpt lat="55.930412" lon="37.256806">
        <ele>169.777355</ele>
        <time>2026-01-04T14:38:29.906Z</time>
      </trkpt>
      <trkpt lat="55.930118" lon="37.255447">
        <ele>172.474666</ele>
        <time>2026-01-04T14:38:50.117Z</time>
      </trkpt>
      <trkpt lat="55.929956" lon="37.254910">
        <ele>174.098049</ele>
        <time>2026-01-04T14:38:59.600Z</time>
      </trkpt>
      <trkpt lat="55.929774" lon="37.254431">
        <ele>175.841341</ele>
        <time>2026-01-04T14:39:08.892Z</time>
      </trkpt>
      <trkpt lat="55.929631" lon="37.254045">
        <ele>177.235206</ele>
        <time>2026-01-04T14:39:16.519Z</time>
      </trkpt>
      <trkpt lat="55.929274" lon="37.253036">
        <ele>180.829738</ele>
        <time>2026-01-04T14:39:36.960Z</time>
      </trkpt>
      <trkpt lat="55.929036" lon="37.252219">
        <ele>183.168651</ele>
        <time>2026-01-04T14:39:52.204Z</time>
      </trkpt>
      <trkpt lat="55.928926" lon="37.251559">
        <ele>184.435655</ele>
        <time>2026-01-04T14:40:04.087Z</time>
      </trkpt>
      <trkpt lat="55.928812" lon="37.250673">
        <ele>186.108347</ele>
        <time>2026-01-04T14:40:17.062Z</time>
      </trkpt>
      <trkpt lat="55.928749" lon="37.250170">
        <ele>187.056721</ele>
        <time>2026-01-04T14:40:22.917Z</time>
      </trkpt>
      <trkpt lat="55.928200" lon="37.247244">
        <ele>187.409238</ele>
        <time>2026-01-04T14:40:40.822Z</time>
      </trkpt>
      <trkpt lat="55.928109" lon="37.246578">
        <ele>187.123185</ele>
        <time>2026-01-04T14:40:44.242Z</time>
      </trkpt>
      <trkpt lat="55.927949" lon="37.244749">
        <ele>185.648415</ele>
        <time>2026-01-04T14:40:54.260Z</time>
      </trkpt>
      <trkpt lat="55.927902" lon="37.243899">
        <ele>184.936058</ele>
        <time>2026-01-04T14:40:58.663Z</time>
      </trkpt>
      <trkpt lat="55.927898" lon="37.243834">
        <ele>184.881521</ele>
        <time>2026-01-04T14:40:58.999Z</time>
      </trkpt>
      <trkpt lat="55.927902" lon="37.243724">
        <ele>184.789586</ele>
        <time>2026-01-04T14:40:59.542Z</time>
      </trkpt>
      <trkpt lat="55.927902" lon="37.243586">
        <ele>184.674492</ele>
        <time>2026-01-04T14:41:00.230Z</time>
      </trkpt>
      <trkpt lat="55.928354" lon="37.244455">
        <ele>183.184853</ele>
        <time>2026-01-04T14:41:06.005Z</time>
      </trkpt>
      <trkpt lat="55.928603" lon="37.244873">
        <ele>182.307197</ele>
        <time>2026-01-04T14:41:08.892Z</time>
      </trkpt>
      <trkpt lat="55.928731" lon="37.245040">
        <ele>181.900110</ele>
        <time>2026-01-04T14:41:10.182Z</time>
      </trkpt>
      <trkpt lat="55.928919" lon="37.245253">
        <ele>181.328372</ele>
        <time>2026-01-04T14:41:11.995Z</time>
      </trkpt>
      <trkpt lat="55.929339" lon="37.245728">
        <ele>180.051743</ele>
        <time>2026-01-04T14:41:16.158Z</time>
      </trkpt>
      <trkpt lat="55.930515" lon="37.246790">
        <ele>175.688484</ele>
        <time>2026-01-04T14:41:27.083Z</time>
      </trkpt>
      <trkpt lat="55.931472" lon="37.247593">
        <ele>172.096806</ele>
        <time>2026-01-04T14:41:35.208Z</time>
      </trkpt>
      <trkpt lat="55.931709" lon="37.247741">
        <ele>171.239065</ele>
        <time>2026-01-04T14:41:37.096Z</time>
      </trkpt>
      <trkpt lat="55.932031" lon="37.247803">
        <ele>170.132678</ele>
        <time>2026-01-04T14:41:39.533Z</time>
      </trkpt>
      <trkpt lat="55.932736" lon="37.247694">
        <ele>167.715263</ele>
        <time>2026-01-04T14:41:45.296Z</time>
      </trkpt>
      <trkpt lat="55.933030" lon="37.247660">
        <ele>168.568269</ele>
        <time>2026-01-04T14:41:48.707Z</time>
      </trkpt>
      <trkpt lat="55.933267" lon="37.247631">
        <ele>169.590088</ele>
        <time>2026-01-04T14:41:52.776Z</time>
      </trkpt>
      <trkpt lat="55.933748" lon="37.247607">
        <ele>171.659861</ele>
        <time>2026-01-04T14:42:04.471Z</time>
      </trkpt>
      <trkpt lat="55.934413" lon="37.247661">
        <ele>174.523238</ele>
        <time>2026-01-04T14:42:27.646Z</time>
      </trkpt>
      <trkpt lat="55.934793" lon="37.247736">
        <ele>176.724240</ele>
        <time>2026-01-04T14:42:42.908Z</time>
      </trkpt>
      <trkpt lat="55.935491" lon="37.247943">
        <ele>181.651437</ele>
        <time>2026-01-04T14:43:10.237Z</time>
      </trkpt>
      <trkpt lat="55.936286" lon="37.248221">
        <ele>187.292691</ele>
        <time>2026-01-04T14:43:36.798Z</time>
      </trkpt>
      <trkpt lat="55.938404" lon="37.249134">
        <ele>194.872174</ele>
        <time>2026-01-04T14:44:27.624Z</time>
      </trkpt>
      <trkpt lat="55.938450" lon="37.249151">
        <ele>194.918736</ele>
        <time>2026-01-04T14:44:28.419Z</time>
      </trkpt>
      <trkpt lat="55.938405" lon="37.248611">
        <ele>195.221819</ele>
        <time>2026-01-04T14:44:34.592Z</time>
      </trkpt>
      <trkpt lat="55.937858" lon="37.244717">
        <ele>196.082880</ele>
        <time>2026-01-04T14:45:10.810Z</time>
      </trkpt>
      <trkpt lat="55.937699" lon="37.243589">
        <ele>195.926576</ele>
        <time>2026-01-04T14:45:20.431Z</time>
      </trkpt>
      <trkpt lat="55.937379" lon="37.241393">
        <ele>195.195402</ele>
        <time>2026-01-04T14:45:38.703Z</time>
      </trkpt>
      <trkpt lat="55.937323" lon="37.240702">
        <ele>194.966572</ele>
        <time>2026-01-04T14:45:44.432Z</time>
      </trkpt>
      <trkpt lat="55.937262" lon="37.239789">
        <ele>194.972827</ele>
        <time>2026-01-04T14:45:50.123Z</time>
      </trkpt>
      <trkpt lat="55.937179" lon="37.239235">
        <ele>195.073697</ele>
        <time>2026-01-04T14:45:53.961Z</time>
      </trkpt>
      <trkpt lat="55.937167" lon="37.238790">
        <ele>195.152059</ele>
        <time>2026-01-04T14:45:57.007Z</time>
      </trkpt>
      <trkpt lat="55.937303" lon="37.237583">
        <ele>195.368613</ele>
        <time>2026-01-04T14:46:06.297Z</time>
      </trkpt>
      <trkpt lat="55.937461" lon="37.236634">
        <ele>196.011415</ele>
        <time>2026-01-04T14:46:14.871Z</time>
      </trkpt>
      <trkpt lat="55.938217" lon="37.236917">
        <ele>197.264364</ele>
        <time>2026-01-04T14:46:28.133Z</time>
      </trkpt>
      <trkpt lat="55.940324" lon="37.237572">
        <ele>200.809006</ele>
        <time>2026-01-04T14:47:07.244Z</time>
      </trkpt>
      <trkpt lat="55.940949" lon="37.237826">
        <ele>201.155934</ele>
        <time>2026-01-04T14:47:16.682Z</time>
      </trkpt>
      <trkpt lat="55.941155" lon="37.237917">
        <ele>201.019230</ele>
        <time>2026-01-04T14:47:22.990Z</time>
      </trkpt>
      <trkpt lat="55.941484" lon="37.238045">
        <ele>200.802320</ele>
        <time>2026-01-04T14:47:26.603Z</time>
      </trkpt>
      <trkpt lat="55.941716" lon="37.237591">
        <ele>200.580593</ele>
        <time>2026-01-04T14:47:35.927Z</time>
      </trkpt>
      <trkpt lat="55.942123" lon="37.236750">
        <ele>200.117448</ele>
        <time>2026-01-04T14:47:44.093Z</time>
      </trkpt>
      <trkpt lat="55.943187" lon="37.234362">
        <ele>195.486351</ele>
        <time>2026-01-04T14:48:04.751Z</time>
      </trkpt>
      <trkpt lat="55.944405" lon="37.231643">
        <ele>187.020859</ele>
        <time>2026-01-04T14:48:26.140Z</time>
      </trkpt>
      <trkpt lat="55.944660" lon="37.230992">
        <ele>185.411506</ele>
        <time>2026-01-04T14:48:30.921Z</time>
      </trkpt>
      <trkpt lat="55.944807" lon="37.230346">
        <ele>183.998970</ele>
        <time>2026-01-04T14:48:35.226Z</time>
      </trkpt>
      <trkpt lat="55.944948" lon="37.229845">
        <ele>182.863122</ele>
        <time>2026-01-04T14:48:38.810Z</time>
      </trkpt>
      <trkpt lat="55.945050" lon="37.229640">
        <ele>182.307609</ele>
        <time>2026-01-04T14:48:40.611Z</time>
      </trkpt>
      <trkpt lat="55.945113" lon="37.229505">
        <ele>181.951626</ele>
        <time>2026-01-04T14:48:41.791Z</time>
      </trkpt>
      <trkpt lat="55.945328" lon="37.229211">
        <ele>180.972047</ele>
        <time>2026-01-04T14:48:45.133Z</time>
      </trkpt>
      <trkpt lat="55.945757" lon="37.228662">
        <ele>180.922716</ele>
        <time>2026-01-04T14:48:52.351Z</time>
      </trkpt>
      <trkpt lat="55.946652" lon="37.227847">
        <ele>181.079279</ele>
        <time>2026-01-04T14:49:10.067Z</time>
      </trkpt>
      <trkpt lat="55.946900" lon="37.227469">
        <ele>181.198662</ele>
        <time>2026-01-04T14:49:16.667Z</time>
      </trkpt>
      <trkpt lat="55.947451" lon="37.226236">
        <ele>183.763567</ele>
        <time>2026-01-04T14:49:38.637Z</time>
      </trkpt>
      <trkpt lat="55.947524" lon="37.226072">
        <ele>184.104199</ele>
        <time>2026-01-04T14:49:41.924Z</time>
      </trkpt>
      <trkpt lat="55.947820" lon="37.225659">
        <ele>185.194890</ele>
        <time>2026-01-04T14:49:52.632Z</time>
      </trkpt>
      <trkpt lat="55.948054" lon="37.225417">
        <ele>185.980046</ele>
        <time>2026-01-04T14:50:00.259Z</time>
      </trkpt>
      <trkpt lat="55.948308" lon="37.225235">
        <ele>186.571224</ele>
        <time>2026-01-04T14:50:07.858Z</time>
      </trkpt>
      <trkpt lat="55.948695" lon="37.224957">
        <ele>187.203718</ele>
        <time>2026-01-04T14:50:18.619Z</time>
      </trkpt>
      <trkpt lat="55.948783" lon="37.224950">
        <ele>187.337284</ele>
        <time>2026-01-04T14:50:20.635Z</time>
      </trkpt>
      <trkpt lat="55.948931" lon="37.224735">
        <ele>187.626561</ele>
        <time>2026-01-04T14:50:24.021Z</time>
      </trkpt>
      <trkpt lat="55.948983" lon="37.224601">
        <ele>187.764981</ele>
        <time>2026-01-04T14:50:25.566Z</time>
      </trkpt>
      <trkpt lat="55.949794" lon="37.220848">
        <ele>189.193802</ele>
        <time>2026-01-04T14:50:53.087Z</time>
      </trkpt>
      <trkpt lat="55.949926" lon="37.220336">
        <ele>189.220574</ele>
        <time>2026-01-04T14:50:56.888Z</time>
      </trkpt>
      <trkpt lat="55.950141" lon="37.219941">
        <ele>189.164617</ele>
        <time>2026-01-04T14:51:00.623Z</time>
      </trkpt>
      <trkpt lat="55.950336" lon="37.219719">
        <ele>189.095159</ele>
        <time>2026-01-04T14:51:03.464Z</time>
      </trkpt>
      <trkpt lat="55.951154" lon="37.218877">
        <ele>188.811580</ele>
        <time>2026-01-04T14:51:14.217Z</time>
      </trkpt>
      <trkpt lat="55.951226" lon="37.218685">
        <ele>188.772718</ele>
        <time>2026-01-04T14:51:15.585Z</time>
      </trkpt>
      <trkpt lat="55.951397" lon="37.217876">
        <ele>188.435626</ele>
        <time>2026-01-04T14:51:20.301Z</time>
      </trkpt>
      <trkpt lat="55.951568" lon="37.217986">
        <ele>188.209829</ele>
        <time>2026-01-04T14:51:22.084Z</time>
      </trkpt>
      <trkpt lat="55.951810" lon="37.216857">
        <ele>187.368950</ele>
        <time>2026-01-04T14:51:28.441Z</time>
      </trkpt>
      <trkpt lat="55.951960" lon="37.216145">
        <ele>186.839808</ele>
        <time>2026-01-04T14:51:32.399Z</time>
      </trkpt>
      <trkpt lat="55.952279" lon="37.214667">
        <ele>185.812986</ele>
        <time>2026-01-04T14:51:40.626Z</time>
      </trkpt>
      <trkpt lat="55.953128" lon="37.210762">
        <ele>184.154268</ele>
        <time>2026-01-04T14:52:03.764Z</time>
      </trkpt>
      <trkpt lat="55.954059" lon="37.206464">
        <ele>185.421177</ele>
        <time>2026-01-04T14:52:40.949Z</time>
      </trkpt>
      <trkpt lat="55.954112" lon="37.206227">
        <ele>185.484782</ele>
        <time>2026-01-04T14:52:43.046Z</time>
      </trkpt>
      <trkpt lat="55.954125" lon="37.206165">
        <ele>185.501282</ele>
        <time>2026-01-04T14:52:43.579Z</time>
      </trkpt>
      <trkpt lat="55.954488" lon="37.204492">
        <ele>185.948459</ele>
        <time>2026-01-04T14:52:57.207Z</time>
      </trkpt>
      <trkpt lat="55.954980" lon="37.202238">
        <ele>186.513360</ele>
        <time>2026-01-04T14:53:13.194Z</time>
      </trkpt>
      <trkpt lat="55.955186" lon="37.201299">
        <ele>186.739320</ele>
        <time>2026-01-04T14:53:20.475Z</time>
      </trkpt>
      <trkpt lat="55.955234" lon="37.201095">
        <ele>186.788899</ele>
        <time>2026-01-04T14:53:22.167Z</time>
      </trkpt>
      <trkpt lat="55.955877" lon="37.198199">
        <ele>189.095789</ele>
        <time>2026-01-04T14:53:50.681Z</time>
      </trkpt>
      <trkpt lat="55.956262" lon="37.196511">
        <ele>190.760451</ele>
        <time>2026-01-04T14:54:09.279Z</time>
      </trkpt>
      <trkpt lat="55.956291" lon="37.196388">
        <ele>190.887229</ele>
        <time>2026-01-04T14:54:10.674Z</time>
      </trkpt>
      <trkpt lat="55.956484" lon="37.195536">
        <ele>191.760294</ele>
        <time>2026-01-04T14:54:19.844Z</time>
      </trkpt>
      <trkpt lat="55.956492" lon="37.195495">
        <ele>191.801538</ele>
        <time>2026-01-04T14:54:20.272Z</time>
      </trkpt>
      <trkpt lat="55.956659" lon="37.194742">
        <ele>192.570898</ele>
        <time>2026-01-04T14:54:27.653Z</time>
      </trkpt>
      <trkpt lat="55.956764" lon="37.194264">
        <ele>192.796458</ele>
        <time>2026-01-04T14:54:32.137Z</time>
      </trkpt>
      <trkpt lat="55.957070" lon="37.192879">
        <ele>193.362392</ele>
        <time>2026-01-04T14:54:44.995Z</time>
      </trkpt>
      <trkpt lat="55.957267" lon="37.191988">
        <ele>193.726503</ele>
        <time>2026-01-04T14:54:51.952Z</time>
      </trkpt>
      <trkpt lat="55.957638" lon="37.190345">
        <ele>192.849880</ele>
        <time>2026-01-04T14:55:02.217Z</time>
      </trkpt>
      <trkpt lat="55.957753" lon="37.189837">
        <ele>192.478710</ele>
        <time>2026-01-04T14:55:04.901Z</time>
      </trkpt>
      <trkpt lat="55.958299" lon="37.187418">
        <ele>191.531553</ele>
        <time>2026-01-04T14:55:17.916Z</time>
      </trkpt>
      <trkpt lat="55.958424" lon="37.187003">
        <ele>191.486452</ele>
        <time>2026-01-04T14:55:21.185Z</time>
      </trkpt>
      <trkpt lat="55.958565" lon="37.186840">
        <ele>191.457739</ele>
        <time>2026-01-04T14:55:23.498Z</time>
      </trkpt>
      <trkpt lat="55.958588" lon="37.186841">
        <ele>191.453805</ele>
        <time>2026-01-04T14:55:23.808Z</time>
      </trkpt>
      <trkpt lat="55.959334" lon="37.186797">
        <ele>191.666806</ele>
        <time>2026-01-04T14:55:36.676Z</time>
      </trkpt>
      <trkpt lat="55.959628" lon="37.186743">
        <ele>192.142550</ele>
        <time>2026-01-04T14:55:42.351Z</time>
      </trkpt>
      <trkpt lat="55.961249" lon="37.186440">
        <ele>194.506549</ele>
        <time>2026-01-04T14:56:09.897Z</time>
      </trkpt>
      <trkpt lat="55.961663" lon="37.186361">
        <ele>194.836956</ele>
        <time>2026-01-04T14:56:15.953Z</time>
      </trkpt>
      <trkpt lat="55.962879" lon="37.186127">
        <ele>195.856649</ele>
        <time>2026-01-04T14:56:32.125Z</time>
      </trkpt>
      <trkpt lat="55.963334" lon="37.186037">
        <ele>196.361563</ele>
        <time>2026-01-04T14:56:38.536Z</time>
      </trkpt>
      <trkpt lat="55.963519" lon="37.185979">
        <ele>196.568729</ele>
        <time>2026-01-04T14:56:41.298Z</time>
      </trkpt>
      <trkpt lat="55.963724" lon="37.185917">
        <ele>196.798054</ele>
        <time>2026-01-04T14:56:44.472Z</time>
      </trkpt>
      <trkpt lat="55.967382" lon="37.185322">
        <ele>202.105770</ele>
        <time>2026-01-04T14:57:46.877Z</time>
      </trkpt>
      <trkpt lat="55.969097" lon="37.185021">
        <ele>203.633963</ele>
        <time>2026-01-04T14:58:13.781Z</time>
      </trkpt>
      <trkpt lat="55.969328" lon="37.184914">
        <ele>203.755023</ele>
        <time>2026-01-04T14:58:16.596Z</time>
      </trkpt>
      <trkpt lat="55.969428" lon="37.184824">
        <ele>203.811825</ele>
        <time>2026-01-04T14:58:17.890Z</time>
      </trkpt>
      <trkpt lat="55.970056" lon="37.184050">
        <ele>204.180538</ele>
        <time>2026-01-04T14:58:25.895Z</time>
      </trkpt>
      <trkpt lat="55.970161" lon="37.184012">
        <ele>204.228900</ele>
        <time>2026-01-04T14:58:26.995Z</time>
      </trkpt>
      <trkpt lat="55.970282" lon="37.184044">
        <ele>204.284117</ele>
        <time>2026-01-04T14:58:28.283Z</time>
      </trkpt>
      <trkpt lat="55.970463" lon="37.183935">
        <ele>204.370340</ele>
        <time>2026-01-04T14:58:30.386Z</time>
      </trkpt>
      <trkpt lat="55.970543" lon="37.183750">
        <ele>204.429404</ele>
        <time>2026-01-04T14:58:31.963Z</time>
      </trkpt>
      <trkpt lat="55.970589" lon="37.183540">
        <ele>204.486375</ele>
        <time>2026-01-04T14:58:33.621Z</time>
      </trkpt>
      <trkpt lat="55.970733" lon="37.183150">
        <ele>204.604411</ele>
        <time>2026-01-04T14:58:37.484Z</time>
      </trkpt>
      <trkpt lat="55.970741" lon="37.183139">
        <ele>204.608968</ele>
        <time>2026-01-04T14:58:37.645Z</time>
      </trkpt>
      <trkpt lat="55.970750" lon="37.183121">
        <ele>204.615066</ele>
        <time>2026-01-04T14:58:37.864Z</time>
      </trkpt>
      <trkpt lat="55.971351" lon="37.182304">
        <ele>205.164675</ele>
        <time>2026-01-04T14:58:50.653Z</time>
      </trkpt>
      <trkpt lat="55.971535" lon="37.182211">
        <ele>205.412792</ele>
        <time>2026-01-04T14:58:53.817Z</time>
      </trkpt>
      <trkpt lat="55.972048" lon="37.182188">
        <ele>206.078648</ele>
        <time>2026-01-04T14:59:02.756Z</time>
      </trkpt>
      <trkpt lat="55.972317" lon="37.182272">
        <ele>206.432979</ele>
        <time>2026-01-04T14:59:07.017Z</time>
      </trkpt>
      <trkpt lat="55.972615" lon="37.182428">
        <ele>206.835900</ele>
        <time>2026-01-04T14:59:11.663Z</time>
      </trkpt>
      <trkpt lat="55.972858" lon="37.182569">
        <ele>207.167411</ele>
        <time>2026-01-04T14:59:15.383Z</time>
      </trkpt>
      <trkpt lat="55.973208" lon="37.182755">
        <ele>207.794961</ele>
        <time>2026-01-04T14:59:20.167Z</time>
      </trkpt>
      <trkpt lat="55.973275" lon="37.182797">
        <ele>207.917700</ele>
        <time>2026-01-04T14:59:21.190Z</time>
      </trkpt>
      <trkpt lat="55.973289" lon="37.182806">
        <ele>207.943419</ele>
        <time>2026-01-04T14:59:21.403Z</time>
      </trkpt>
      <trkpt lat="55.973330" lon="37.182930">
        <ele>208.082741</ele>
        <time>2026-01-04T14:59:22.690Z</time>
      </trkpt>
      <trkpt lat="55.973350" lon="37.183264">
        <ele>208.407669</ele>
        <time>2026-01-04T14:59:25.887Z</time>
      </trkpt>
      <trkpt lat="55.973352" lon="37.183338">
        <ele>208.479334</ele>
        <time>2026-01-04T14:59:26.623Z</time>
      </trkpt>
      <trkpt lat="55.973379" lon="37.183464">
        <ele>208.609847</ele>
        <time>2026-01-04T14:59:28.112Z</time>
      </trkpt>
      <trkpt lat="55.973431" lon="37.183561">
        <ele>208.739786</ele>
        <time>2026-01-04T14:59:29.593Z</time>
      </trkpt>
      <trkpt lat="55.973500" lon="37.183614">
        <ele>208.869614</ele>
        <time>2026-01-04T14:59:31.154Z</time>
      </trkpt>
      <trkpt lat="55.973576" lon="37.183615">
        <ele>209.000995</ele>
        <time>2026-01-04T14:59:32.617Z</time>
      </trkpt>
      <trkpt lat="55.973645" lon="37.183563">
        <ele>209.130444</ele>
        <time>2026-01-04T14:59:34.156Z</time>
      </trkpt>
      <trkpt lat="55.973701" lon="37.183458">
        <ele>209.270755</ele>
        <time>2026-01-04T14:59:35.651Z</time>
      </trkpt>
      <trkpt lat="55.973885" lon="37.183334">
        <ele>209.610691</ele>
        <time>2026-01-04T14:59:39.530Z</time>
      </trkpt>
      <trkpt lat="55.974033" lon="37.183335">
        <ele>209.866533</ele>
        <time>2026-01-04T14:59:42.474Z</time>
      </trkpt>
      <trkpt lat="55.974471" lon="37.183572">
        <ele>210.606371</ele>
        <time>2026-01-04T14:59:51.047Z</time>
      </trkpt>
      <trkpt lat="55.974657" lon="37.183677">
        <ele>210.896845</ele>
        <time>2026-01-04T14:59:54.492Z</time>
      </trkpt>
      <trkpt lat="55.974728" lon="37.183756">
        <ele>211.021393</ele>
        <time>2026-01-04T14:59:55.861Z</time>
      </trkpt>
      <trkpt lat="55.976048" lon="37.185176">
        <ele>213.460977</ele>
        <time>2026-01-04T15:00:19.777Z</time>
      </trkpt>
      <trkpt lat="55.977785" lon="37.187064">
        <ele>217.668928</ele>
        <time>2026-01-04T15:00:58.948Z</time>
      </trkpt>
      <trkpt lat="55.977901" lon="37.187180">
        <ele>217.927180</ele>
        <time>2026-01-04T15:01:01.957Z</time>
      </trkpt>
      <trkpt lat="55.977924" lon="37.187203">
        <ele>217.978385</ele>
        <time>2026-01-04T15:01:02.540Z</time>
      </trkpt>
      <trkpt lat="55.978175" lon="37.187447">
        <ele>218.533513</ele>
        <time>2026-01-04T15:01:08.711Z</time>
      </trkpt>
      <trkpt lat="55.978423" lon="37.187702">
        <ele>219.089391</ele>
        <time>2026-01-04T15:01:14.460Z</time>
      </trkpt>
      <trkpt lat="55.978740" lon="37.188108">
        <ele>219.847085</ele>
        <time>2026-01-04T15:01:21.197Z</time>
      </trkpt>
      <trkpt lat="55.979124" lon="37.188527">
        <ele>219.900741</ele>
        <time>2026-01-04T15:01:26.956Z</time>
      </trkpt>
      <trkpt lat="55.979293" lon="37.188743">
        <ele>219.598525</ele>
        <time>2026-01-04T15:01:29.049Z</time>
      </trkpt>
      <trkpt lat="55.979477" lon="37.189062">
        <ele>219.225650</ele>
        <time>2026-01-04T15:01:31.358Z</time>
      </trkpt>
      <trkpt lat="55.979597" lon="37.189519">
        <ele>218.814801</ele>
        <time>2026-01-04T15:01:33.769Z</time>
      </trkpt>
      <trkpt lat="55.979676" lon="37.189986">
        <ele>218.417746</ele>
        <time>2026-01-04T15:01:36.061Z</time>
      </trkpt>
      <trkpt lat="55.979897" lon="37.191193">
        <ele>217.418360</ele>
        <time>2026-01-04T15:01:42.091Z</time>
      </trkpt>
      <trkpt lat="55.980433" lon="37.194075">
        <ele>215.269018</ele>
        <time>2026-01-04T15:01:58.745Z</time>
      </trkpt>
      <trkpt lat="55.980314" lon="37.194145">
        <ele>215.088392</ele>
        <time>2026-01-04T15:02:00.009Z</time>
      </trkpt>
      <trkpt lat="55.980314" lon="37.194246">
        <ele>215.006919</ele>
        <time>2026-01-04T15:02:00.557Z</time>
      </trkpt>
      <trkpt lat="55.980570" lon="37.195280">
        <ele>214.094822</ele>
        <time>2026-01-04T15:02:06.627Z</time>
      </trkpt>
      <trkpt lat="55.980690" lon="37.196100">
        <ele>213.411117</ele>
        <time>2026-01-04T15:02:10.970Z</time>
      </trkpt>
      <trkpt lat="55.980826" lon="37.199440">
        <ele>210.518976</ele>
        <time>2026-01-04T15:02:27.399Z</time>
      </trkpt>
      <trkpt lat="55.980891" lon="37.201337">
        <ele>210.104885</ele>
        <time>2026-01-04T15:02:39.213Z</time>
      </trkpt>
      <trkpt lat="55.980915" lon="37.202051">
        <ele>210.193525</ele>
        <time>2026-01-04T15:02:44.842Z</time>
      </trkpt>
      <trkpt lat="55.980926" lon="37.202619">
        <ele>210.263954</ele>
        <time>2026-01-04T15:02:49.368Z</time>
      </trkpt>
      <trkpt lat="55.980985" lon="37.204793">
        <ele>210.053707</ele>
        <time>2026-01-04T15:03:06.285Z</time>
      </trkpt>
      <trkpt lat="55.981108" lon="37.207092">
        <ele>208.959516</ele>
        <time>2026-01-04T15:03:18.728Z</time>
      </trkpt>
      <trkpt lat="55.981166" lon="37.207275">
        <ele>208.691229</ele>
        <time>2026-01-04T15:03:19.736Z</time>
      </trkpt>
      <trkpt lat="55.981290" lon="37.207686">
        <ele>208.095591</ele>
        <time>2026-01-04T15:03:21.925Z</time>
      </trkpt>
      <trkpt lat="55.981397" lon="37.208221">
        <ele>207.370861</ele>
        <time>2026-01-04T15:03:24.520Z</time>
      </trkpt>
      <trkpt lat="55.981443" lon="37.208261">
        <ele>207.254229</ele>
        <time>2026-01-04T15:03:24.938Z</time>
      </trkpt>
      <trkpt lat="55.981495" lon="37.208513">
        <ele>206.911616</ele>
        <time>2026-01-04T15:03:26.155Z</time>
      </trkpt>
      <trkpt lat="55.981777" lon="37.209689">
        <ele>205.427507</ele>
        <time>2026-01-04T15:03:32.130Z</time>
      </trkpt>
      <trkpt lat="55.981893" lon="37.209723">
        <ele>205.277278</ele>
        <time>2026-01-04T15:03:33.215Z</time>
      </trkpt>
      <trkpt lat="55.982015" lon="37.210257">
        <ele>204.864866</ele>
        <time>2026-01-04T15:03:36.348Z</time>
      </trkpt>
      <trkpt lat="55.982033" lon="37.210488">
        <ele>204.698110</ele>
        <time>2026-01-04T15:03:37.596Z</time>
      </trkpt>
      <trkpt lat="55.982004" lon="37.210798">
        <ele>204.473387</ele>
        <time>2026-01-04T15:03:39.281Z</time>
      </trkpt>
      <trkpt lat="55.981862" lon="37.211257">
        <ele>204.098373</ele>
        <time>2026-01-04T15:03:42.150Z</time>
      </trkpt>
      <trkpt lat="55.981851" lon="37.211516">
        <ele>203.912658</ele>
        <time>2026-01-04T15:03:43.595Z</time>
      </trkpt>
      <trkpt lat="55.981888" lon="37.211673">
        <ele>203.790851</ele>
        <time>2026-01-04T15:03:44.608Z</time>
      </trkpt>
      <trkpt lat="55.981963" lon="37.211751">
        <ele>203.679957</ele>
        <time>2026-01-04T15:03:45.539Z</time>
      </trkpt>
      <trkpt lat="55.982099" lon="37.211758">
        <ele>203.506076</ele>
        <time>2026-01-04T15:03:47.056Z</time>
      </trkpt>
      <trkpt lat="55.982807" lon="37.211371">
        <ele>202.735910</ele>
        <time>2026-01-04T15:03:54.310Z</time>
      </trkpt>
      <trkpt lat="55.983185" lon="37.211340">
        <ele>202.364670</ele>
        <time>2026-01-04T15:03:57.944Z</time>
      </trkpt>
      <trkpt lat="55.983630" lon="37.211418">
        <ele>201.925994</ele>
        <time>2026-01-04T15:04:02.287Z</time>
      </trkpt>
      <trkpt lat="55.984170" lon="37.211590">
        <ele>201.246130</ele>
        <time>2026-01-04T15:04:08.048Z</time>
      </trkpt>
      <trkpt lat="55.984275" lon="37.211678">
        <ele>201.034650</ele>
        <time>2026-01-04T15:04:09.121Z</time>
      </trkpt>
      <trkpt lat="55.984492" lon="37.211876">
        <ele>200.590355</ele>
        <time>2026-01-04T15:04:11.303Z</time>
      </trkpt>
      <trkpt lat="55.984871" lon="37.212047">
        <ele>199.877530</ele>
        <time>2026-01-04T15:04:14.723Z</time>
      </trkpt>
      <trkpt lat="55.985492" lon="37.212250">
        <ele>198.726288</ele>
        <time>2026-01-04T15:04:20.071Z</time>
      </trkpt>
      <trkpt lat="55.986029" lon="37.212401">
        <ele>198.030544</ele>
        <time>2026-01-04T15:04:24.836Z</time>
      </trkpt>
      <trkpt lat="55.985991" lon="37.212691">
        <ele>197.893660</ele>
        <time>2026-01-04T15:04:26.329Z</time>
      </trkpt>
      <trkpt lat="55.985579" lon="37.214132">
        <ele>197.149924</ele>
        <time>2026-01-04T15:04:35.498Z</time>
      </trkpt>
      <trkpt lat="55.985508" lon="37.214458">
        <ele>196.989147</ele>
        <time>2026-01-04T15:04:38.539Z</time>
      </trkpt>
      <trkpt lat="55.985488" lon="37.214698">
        <ele>196.877631</ele>
        <time>2026-01-04T15:04:40.548Z</time>
      </trkpt>
      <trkpt lat="55.985528" lon="37.215596">
        <ele>196.988444</ele>
        <time>2026-01-04T15:04:46.251Z</time>
      </trkpt>
      <trkpt lat="55.985549" lon="37.216095">
        <ele>197.122481</ele>
        <time>2026-01-04T15:04:49.501Z</time>
      </trkpt>
      <trkpt lat="55.985522" lon="37.216667">
        <ele>197.276239</ele>
        <time>2026-01-04T15:04:53.413Z</time>
      </trkpt>
      <trkpt lat="55.985466" lon="37.217013">
        <ele>197.372718</ele>
        <time>2026-01-04T15:04:56.300Z</time>
      </trkpt>
      <trkpt lat="55.985405" lon="37.217205">
        <ele>197.431861</ele>
        <time>2026-01-04T15:04:58.289Z</time>
      </trkpt>
      <trkpt lat="55.985248" lon="37.217544">
        <ele>197.549745</ele>
        <time>2026-01-04T15:05:02.482Z</time>
      </trkpt>
      <trkpt lat="55.985064" lon="37.217923">
        <ele>197.638127</ele>
        <time>2026-01-04T15:05:06.603Z</time>
      </trkpt>
      <trkpt lat="55.984850" lon="37.218333">
        <ele>197.539023</ele>
        <time>2026-01-04T15:05:10.974Z</time>
      </trkpt>
      <trkpt lat="55.984728" lon="37.218632">
        <ele>197.473616</ele>
        <time>2026-01-04T15:05:14.181Z</time>
      </trkpt>
      <trkpt lat="55.984641" lon="37.218963">
        <ele>197.408982</ele>
        <time>2026-01-04T15:05:17.395Z</time>
      </trkpt>
      <trkpt lat="55.984462" lon="37.220115">
        <ele>197.197674</ele>
        <time>2026-01-04T15:05:25.150Z</time>
      </trkpt>
      <trkpt lat="55.984210" lon="37.221900">
        <ele>194.777046</ele>
        <time>2026-01-04T15:05:33.604Z</time>
      </trkpt>
      <trkpt lat="55.984119" lon="37.222708">
        <ele>193.217527</ele>
        <time>2026-01-04T15:05:37.068Z</time>
      </trkpt>
      <trkpt lat="55.984113" lon="37.223194">
        <ele>192.297725</ele>
        <time>2026-01-04T15:05:39.140Z</time>
      </trkpt>
      <trkpt lat="55.984205" lon="37.223725">
        <ele>191.245918</ele>
        <time>2026-01-04T15:05:41.618Z</time>
      </trkpt>
      <trkpt lat="55.984319" lon="37.224071">
        <ele>191.181752</ele>
        <time>2026-01-04T15:05:43.524Z</time>
      </trkpt>
      <trkpt lat="55.984576" lon="37.224627">
        <ele>191.647937</ele>
        <time>2026-01-04T15:05:47.376Z</time>
      </trkpt>
      <trkpt lat="55.984971" lon="37.225483">
        <ele>192.365165</ele>
        <time>2026-01-04T15:05:57.373Z</time>
      </trkpt>
      <trkpt lat="55.985283" lon="37.226084">
        <ele>192.895121</ele>
        <time>2026-01-04T15:06:09.086Z</time>
      </trkpt>
      <trkpt lat="55.986564" lon="37.228499">
        <ele>199.240955</ele>
        <time>2026-01-04T15:06:56.574Z</time>
      </trkpt>
      <trkpt lat="55.986606" lon="37.228580">
        <ele>199.464852</ele>
        <time>2026-01-04T15:06:57.727Z</time>
      </trkpt>
      <trkpt lat="55.987092" lon="37.229493">
        <ele>199.060055</ele>
        <time>2026-01-04T15:07:06.457Z</time>
      </trkpt>
      <trkpt lat="55.987201" lon="37.229697">
        <ele>198.932132</ele>
        <time>2026-01-04T15:07:07.882Z</time>
      </trkpt>
      <trkpt lat="55.987284" lon="37.229853">
        <ele>198.834505</ele>
        <time>2026-01-04T15:07:08.932Z</time>
      </trkpt>
      <trkpt lat="55.987318" lon="37.229916">
        <ele>198.794809</ele>
        <time>2026-01-04T15:07:09.354Z</time>
      </trkpt>
      <trkpt lat="55.987513" lon="37.230234">
        <ele>198.580846</ele>
        <time>2026-01-04T15:07:11.594Z</time>
      </trkpt>
      <trkpt lat="55.987682" lon="37.230411">
        <ele>198.422069</ele>
        <time>2026-01-04T15:07:13.256Z</time>
      </trkpt>
      <trkpt lat="55.987764" lon="37.230464">
        <ele>198.351385</ele>
        <time>2026-01-04T15:07:13.998Z</time>
      </trkpt>
      <trkpt lat="55.987781" lon="37.230478">
        <ele>198.336213</ele>
        <time>2026-01-04T15:07:14.153Z</time>
      </trkpt>
      <trkpt lat="55.987839" lon="37.230574">
        <ele>198.272138</ele>
        <time>2026-01-04T15:07:14.833Z</time>
      </trkpt>
      <trkpt lat="55.987866" lon="37.230692">
        <ele>198.214328</ele>
        <time>2026-01-04T15:07:15.432Z</time>
      </trkpt>
      <trkpt lat="55.987873" lon="37.230887">
        <ele>198.129353</ele>
        <time>2026-01-04T15:07:16.378Z</time>
      </trkpt>
      <trkpt lat="55.987926" lon="37.230753">
        <ele>198.070535</ele>
        <time>2026-01-04T15:07:17.156Z</time>
      </trkpt>
      <trkpt lat="55.988030" lon="37.230472">
        <ele>197.949776</ele>
        <time>2026-01-04T15:07:18.766Z</time>
      </trkpt>
      <trkpt lat="55.988554" lon="37.227756">
        <ele>197.129266</ele>
        <time>2026-01-04T15:07:36.387Z</time>
      </trkpt>
      <trkpt lat="55.988575" lon="37.227650">
        <ele>197.208524</ele>
        <time>2026-01-04T15:07:37.327Z</time>
      </trkpt>
      <trkpt lat="55.988759" lon="37.226695">
        <ele>197.920435</ele>
        <time>2026-01-04T15:07:46.055Z</time>
      </trkpt>
      <trkpt lat="55.989033" lon="37.225415">
        <ele>198.886403</ele>
        <time>2026-01-04T15:07:59.501Z</time>
      </trkpt>
      <trkpt lat="55.989098" lon="37.225234">
        <ele>199.038002</ele>
        <time>2026-01-04T15:08:01.655Z</time>
      </trkpt>
      <trkpt lat="55.989371" lon="37.224821">
        <ele>199.550632</ele>
        <time>2026-01-04T15:08:07.826Z</time>
      </trkpt>
      <trkpt lat="55.989508" lon="37.224700">
        <ele>199.794716</ele>
        <time>2026-01-04T15:08:10.499Z</time>
      </trkpt>
      <trkpt lat="55.989665" lon="37.224635">
        <ele>200.052135</ele>
        <time>2026-01-04T15:08:13.354Z</time>
      </trkpt>
      <trkpt lat="55.989915" lon="37.224617">
        <ele>200.451795</ele>
        <time>2026-01-04T15:08:17.816Z</time>
      </trkpt>
      <trkpt lat="55.990097" lon="37.224623">
        <ele>200.742561</ele>
        <time>2026-01-04T15:08:21.096Z</time>
      </trkpt>
      <trkpt lat="55.990565" lon="37.224771">
        <ele>201.501722</ele>
        <time>2026-01-04T15:08:28.955Z</time>
      </trkpt>
      <trkpt lat="55.991204" lon="37.224971">
        <ele>202.359053</ele>
        <time>2026-01-04T15:08:39.623Z</time>
      </trkpt>
      <trkpt lat="55.991404" lon="37.224955">
        <ele>202.538594</ele>
        <time>2026-01-04T15:08:42.531Z</time>
      </trkpt>
      <trkpt lat="55.991469" lon="37.224852">
        <ele>202.616487</ele>
        <time>2026-01-04T15:08:43.778Z</time>
      </trkpt>
      <trkpt lat="55.991496" lon="37.224668">
        <ele>202.711905</ele>
        <time>2026-01-04T15:08:45.235Z</time>
      </trkpt>
      <trkpt lat="55.991433" lon="37.224443">
        <ele>202.838117</ele>
        <time>2026-01-04T15:08:47.211Z</time>
      </trkpt>
      <trkpt lat="55.991228" lon="37.224095">
        <ele>203.091631</ele>
        <time>2026-01-04T15:08:51.155Z</time>
      </trkpt>
      <trkpt lat="55.991121" lon="37.223678">
        <ele>203.321761</ele>
        <time>2026-01-04T15:08:54.766Z</time>
      </trkpt>
      <trkpt lat="55.991118" lon="37.223421">
        <ele>203.450701</ele>
        <time>2026-01-04T15:08:56.830Z</time>
      </trkpt>
      <trkpt lat="55.991491" lon="37.219688">
        <ele>205.161647</ele>
        <time>2026-01-04T15:09:28.305Z</time>
      </trkpt>
      <trkpt lat="55.991498" lon="37.219615">
        <ele>205.164899</ele>
        <time>2026-01-04T15:09:28.860Z</time>
      </trkpt>
      <trkpt lat="55.991942" lon="37.215292">
        <ele>205.755249</ele>
        <time>2026-01-04T15:09:56.892Z</time>
      </trkpt>
      <trkpt lat="55.992000" lon="37.214910">
        <ele>205.937408</ele>
        <time>2026-01-04T15:09:59.424Z</time>
      </trkpt>
      <trkpt lat="55.992092" lon="37.214801">
        <ele>206.028218</ele>
        <time>2026-01-04T15:10:00.800Z</time>
      </trkpt>
      <trkpt lat="55.992419" lon="37.214657">
        <ele>206.305315</ele>
        <time>2026-01-04T15:10:05.133Z</time>
      </trkpt>
      <trkpt lat="55.993113" lon="37.214203">
        <ele>207.432183</ele>
        <time>2026-01-04T15:10:21.157Z</time>
      </trkpt>
      <trkpt lat="55.993154" lon="37.214458">
        <ele>207.805617</ele>
        <time>2026-01-04T15:10:24.366Z</time>
      </trkpt>
      <trkpt lat="55.993217" lon="37.214835">
        <ele>208.359401</ele>
        <time>2026-01-04T15:10:29.192Z</time>
      </trkpt>
      <trkpt lat="55.993272" lon="37.215172">
        <ele>208.853490</ele>
        <time>2026-01-04T15:10:33.615Z</time>
      </trkpt>
      <trkpt lat="55.993203" lon="37.215333">
        <ele>209.138966</ele>
        <time>2026-01-04T15:10:35.991Z</time>
      </trkpt>
      <trkpt lat="55.992965" lon="37.215497">
        <ele>209.780827</ele>
        <time>2026-01-04T15:10:41.382Z</time>
      </trkpt>
      <trkpt lat="55.992822" lon="37.215595">
        <ele>210.166211</ele>
        <time>2026-01-04T15:10:44.521Z</time>
      </trkpt>
      <trkpt lat="55.992754" lon="37.215751">
        <ele>210.444582</ele>
        <time>2026-01-04T15:10:46.781Z</time>
      </trkpt>
      <trkpt lat="55.992664" lon="37.216643">
        <ele>211.273439</ele>
        <time>2026-01-04T15:10:55.865Z</time>
      </trkpt>
      <trkpt lat="55.992571" lon="37.217661">
        <ele>211.507485</ele>
        <time>2026-01-04T15:11:02.496Z</time>
      </trkpt>
      <trkpt lat="55.992504" lon="37.218348">
        <ele>211.665718</ele>
        <time>2026-01-04T15:11:07.551Z</time>
      </trkpt>
      <trkpt lat="55.992441" lon="37.218993">
        <ele>211.814284</ele>
        <time>2026-01-04T15:11:12.144Z</time>
      </trkpt>
      <trkpt lat="55.992325" lon="37.220257">
        <ele>210.965006</ele>
        <time>2026-01-04T15:11:20.576Z</time>
      </trkpt>
      <trkpt lat="55.992235" lon="37.221245">
        <ele>209.812620</ele>
        <time>2026-01-04T15:11:25.241Z</time>
      </trkpt>
      <trkpt lat="55.992165" lon="37.221952">
        <ele>208.986056</ele>
        <time>2026-01-04T15:11:28.559Z</time>
      </trkpt>
      <trkpt lat="55.992165" lon="37.221952">
        <ele>208.986056</ele>
        <time>2026-01-04T15:11:28.592Z</time>
      </trkpt>
      <trkpt lat="55.992165" lon="37.221952">
        <ele>208.986056</ele>
        <time>2026-01-04T15:11:28.592Z</time>
      </trkpt>
      <trkpt lat="55.991848" lon="37.221861">
        <ele>208.325221</ele>
        <time>2026-01-04T15:11:34.543Z</time>
      </trkpt>
      <trkpt lat="55.991503" lon="37.222303">
        <ele>207.698616</ele>
        <time>2026-01-04T15:12:04.068Z</time>
      </trkpt>
      <trkpt lat="55.991469" lon="37.222294">
        <ele>207.650758</ele>
        <time>2026-01-04T15:12:06.462Z</time>
      </trkpt>
      <trkpt lat="55.990982" lon="37.222156">
        <ele>206.964191</ele>
        <time>2026-01-04T15:12:40.728Z</time>
      </trkpt>
      <trkpt lat="55.990924" lon="37.222140">
        <ele>206.882476</ele>
        <time>2026-01-04T15:12:44.771Z</time>
      </trkpt>
      <trkpt lat="55.990838" lon="37.222113">
        <ele>206.760896</ele>
        <time>2026-01-04T15:12:50.883Z</time>
      </trkpt>
      <trkpt lat="55.990680" lon="37.222063">
        <ele>206.537476</ele>
        <time>2026-01-04T15:13:10.643Z</time>
      </trkpt>
      <trkpt lat="55.990553" lon="37.222023">
        <ele>206.357917</ele>
        <time>2026-01-04T15:13:19.626Z</time>
      </trkpt>
      <trkpt lat="55.990472" lon="37.221973">
        <ele>206.238599</ele>
        <time>2026-01-04T15:13:25.565Z</time>
      </trkpt>
      <trkpt lat="55.990446" lon="37.221969">
        <ele>206.202262</ele>
        <time>2026-01-04T15:13:28.854Z</time>
      </trkpt>
      <trkpt lat="55.990388" lon="37.221973">
        <ele>206.121443</ele>
        <time>2026-01-04T15:13:32.881Z</time>
      </trkpt>
      <trkpt lat="55.990395" lon="37.221875">
        <ele>206.044499</ele>
        <time>2026-01-04T15:13:34.069Z</time>
      </trkpt>
      <trkpt lat="55.990457" lon="37.221129">
        <ele>205.576199</ele>
        <time>2026-01-04T15:13:40.351Z</time>
      </trkpt>
      <trkpt lat="55.990511" lon="37.220559">
        <ele>205.337417</ele>
        <time>2026-01-04T15:13:43.613Z</time>
      </trkpt>
      <trkpt lat="55.990556" lon="37.220081">
        <ele>205.137210</ele>
        <time>2026-01-04T15:13:46.831Z</time>
      </trkpt>
      <trkpt lat="55.990473" lon="37.220032">
        <ele>205.072664</ele>
        <time>2026-01-04T15:13:47.949Z</time>
      </trkpt>
      <trkpt lat="55.990480" lon="37.219954">
        <ele>205.040036</ele>
        <time>2026-01-04T15:13:51.627Z</time>
      </trkpt>
      <trkpt lat="55.990246" lon="37.219560">
        <ele>204.802673</ele>
        <time>2026-01-04T15:14:19.241Z</time>
      </trkpt>
      <trkpt lat="55.990282" lon="37.219055">
        <ele>204.592403</ele>
        <time>2026-01-04T15:14:43.369Z</time>
      </trkpt>
      <trkpt lat="55.990196" lon="37.219167">
        <ele>204.513834</ele>
        <time>2026-01-04T15:14:52.429Z</time>
      </trkpt>
      <trkpt lat="55.990058" lon="37.218940">
        <ele>204.379880</ele>
        <time>2026-01-04T15:14:54.769Z</time>
      </trkpt>
      <trkpt lat="55.989987" lon="37.218821">
        <ele>204.353742</ele>
        <time>2026-01-04T15:14:56.046Z</time>
      </trkpt>
      <trkpt lat="55.989980" lon="37.218671">
        <ele>204.331130</ele>
        <time>2026-01-04T15:14:57.051Z</time>
      </trkpt>
      <trkpt lat="55.990006" lon="37.218386">
        <ele>204.287751</ele>
        <time>2026-01-04T15:14:59.000Z</time>
      </trkpt>
      <trkpt lat="55.990017" lon="37.218263">
        <ele>204.269038</ele>
        <time>2026-01-04T15:14:59.887Z</time>
      </trkpt>
      <trkpt lat="55.990056" lon="37.217844">
        <ele>204.205229</ele>
        <time>2026-01-04T15:15:02.768Z</time>
      </trkpt>
      <trkpt lat="55.990092" lon="37.217457">
        <ele>204.146294</ele>
        <time>2026-01-04T15:15:05.903Z</time>
      </trkpt>
      <trkpt lat="55.990094" lon="37.217430">
        <ele>204.142203</ele>
        <time>2026-01-04T15:15:06.116Z</time>
      </trkpt>
      <trkpt lat="55.990141" lon="37.216927">
        <ele>204.065594</ele>
        <time>2026-01-04T15:15:10.696Z</time>
      </trkpt>
      <trkpt lat="55.990165" lon="37.216659">
        <ele>204.024821</ele>
        <time>2026-01-04T15:15:13.459Z</time>
      </trkpt>
      <trkpt lat="55.990201" lon="37.216272">
        <ele>203.965887</ele>
        <time>2026-01-04T15:15:18.170Z</time>
      </trkpt>
      <trkpt lat="55.990209" lon="37.216188">
        <ele>203.953086</ele>
        <time>2026-01-04T15:15:19.315Z</time>
      </trkpt>
      <trkpt lat="55.990194" lon="37.216011">
        <ele>203.926194</ele>
        <time>2026-01-04T15:15:26.274Z</time>
      </trkpt>
      <trkpt lat="55.990194" lon="37.216004">
        <ele>203.925142</ele>
        <time>2026-01-04T15:15:26.547Z</time>
      </trkpt>
      <trkpt lat="55.990205" lon="37.215816">
        <ele>203.907812</ele>
        <time>2026-01-04T15:15:33.904Z</time>
      </trkpt>
      <trkpt lat="55.990245" lon="37.215826">
        <ele>203.942273</ele>
        <time>2026-01-04T15:15:36.738Z</time>
      </trkpt>
      <trkpt lat="55.990254" lon="37.215828">
        <ele>203.950011</ele>
        <time>2026-01-04T15:15:37.370Z</time>
      </trkpt>
      <trkpt lat="55.990307" lon="37.215844">
        <ele>203.995872</ele>
        <time>2026-01-04T15:15:38.369Z</time>
      </trkpt>
      <trkpt lat="55.990432" lon="37.215882">
        <ele>204.104055</ele>
        <time>2026-01-04T15:15:40.832Z</time>
      </trkpt>
      <trkpt lat="55.990564" lon="37.215923">
        <ele>204.218368</ele>
        <time>2026-01-04T15:15:43.318Z</time>
      </trkpt>
      <trkpt lat="55.990865" lon="37.216015">
        <ele>204.478913</ele>
        <time>2026-01-04T15:15:48.440Z</time>
      </trkpt>
      <trkpt lat="55.990944" lon="37.216040">
        <ele>204.547365</ele>
        <time>2026-01-04T15:15:49.466Z</time>
      </trkpt>
      <trkpt lat="55.990977" lon="37.215658">
        <ele>204.731827</ele>
        <time>2026-01-04T15:15:52.564Z</time>
      </trkpt>
      <trkpt lat="55.991006" lon="37.215578">
        <ele>204.777322</ele>
        <time>2026-01-04T15:15:53.377Z</time>
      </trkpt>
      <trkpt lat="55.991082" lon="37.215514">
        <ele>204.849000</ele>
        <time>2026-01-04T15:15:54.657Z</time>
      </trkpt>
      <trkpt lat="55.991102" lon="37.215497">
        <ele>204.867894</ele>
        <time>2026-01-04T15:15:55.042Z</time>
      </trkpt>
      <trkpt lat="55.991201" lon="37.215428">
        <ele>204.958555</ele>
        <time>2026-01-04T15:15:56.640Z</time>
      </trkpt>
      <trkpt lat="55.991712" lon="37.215074">
        <ele>205.426135</ele>
        <time>2026-01-04T15:16:03.120Z</time>
      </trkpt>
      <trkpt lat="55.991817" lon="37.215013">
        <ele>205.473645</ele>
        <time>2026-01-04T15:16:04.302Z</time>
      </trkpt>
      <trkpt lat="55.992000" lon="37.214910">
        <ele>205.548778</ele>
        <time>2026-01-04T15:16:06.293Z</time>
      </trkpt>
      <trkpt lat="55.992092" lon="37.214801">
        <ele>205.592000</ele>
        <time>2026-01-04T15:16:07.372Z</time>
      </trkpt>
      <trkpt lat="55.992419" lon="37.214657">
        <ele>205.723885</ele>
        <time>2026-01-04T15:16:10.834Z</time>
      </trkpt>
      <trkpt lat="55.993113" lon="37.214203">
        <ele>206.013288</ele>
        <time>2026-01-04T15:16:20.445Z</time>
      </trkpt>
      <trkpt lat="55.993204" lon="37.214156">
        <ele>206.050383</ele>
        <time>2026-01-04T15:16:21.742Z</time>
      </trkpt>
      <trkpt lat="55.994232" lon="37.213533">
        <ele>207.524519</ele>
        <time>2026-01-04T15:16:42.309Z</time>
      </trkpt>
      <trkpt lat="55.994300" lon="37.213489">
        <ele>207.640985</ele>
        <time>2026-01-04T15:16:43.462Z</time>
      </trkpt>
      <trkpt lat="55.994723" lon="37.213220">
        <ele>208.364042</ele>
        <time>2026-01-04T15:16:49.831Z</time>
      </trkpt>
      <trkpt lat="55.994797" lon="37.213174">
        <ele>208.490218</ele>
        <time>2026-01-04T15:16:51.046Z</time>
      </trkpt>
      <trkpt lat="55.995012" lon="37.213040">
        <ele>208.856913</ele>
        <time>2026-01-04T15:16:54.713Z</time>
      </trkpt>
      <trkpt lat="55.995501" lon="37.212751">
        <ele>209.553940</ele>
        <time>2026-01-04T15:17:04.323Z</time>
      </trkpt>
      <trkpt lat="55.995578" lon="37.212708">
        <ele>209.657438</ele>
        <time>2026-01-04T15:17:05.789Z</time>
      </trkpt>
      <trkpt lat="55.995691" lon="37.212630">
        <ele>209.812847</ele>
        <time>2026-01-04T15:17:07.978Z</time>
      </trkpt>
      <trkpt lat="55.996380" lon="37.212217">
        <ele>210.745192</ele>
        <time>2026-01-04T15:17:19.145Z</time>
      </trkpt>
      <trkpt lat="55.997275" lon="37.211682">
        <ele>211.274646</ele>
        <time>2026-01-04T15:17:33.667Z</time>
      </trkpt>
      <trkpt lat="55.998087" lon="37.211178">
        <ele>211.151946</ele>
        <time>2026-01-04T15:17:42.175Z</time>
      </trkpt>
      <trkpt lat="56.000468" lon="37.209718">
        <ele>210.330579</ele>
        <time>2026-01-04T15:18:09.928Z</time>
      </trkpt>
      <trkpt lat="56.000825" lon="37.209499">
        <ele>210.157220</ele>
        <time>2026-01-04T15:18:13.837Z</time>
      </trkpt>
      <trkpt lat="56.001002" lon="37.209392">
        <ele>210.071399</ele>
        <time>2026-01-04T15:18:15.727Z</time>
      </trkpt>
      <trkpt lat="56.001102" lon="37.209328">
        <ele>210.022613</ele>
        <time>2026-01-04T15:18:16.792Z</time>
      </trkpt>
      <trkpt lat="56.001929" lon="37.208792">
        <ele>209.633312</ele>
        <time>2026-01-04T15:18:25.630Z</time>
      </trkpt>
      <trkpt lat="56.001996" lon="37.208605">
        <ele>209.788093</ele>
        <time>2026-01-04T15:18:27.194Z</time>
      </trkpt>
      <trkpt lat="56.001991" lon="37.208443">
        <ele>209.901165</ele>
        <time>2026-01-04T15:18:28.469Z</time>
      </trkpt>
      <trkpt lat="56.001963" lon="37.208359">
        <ele>209.969319</ele>
        <time>2026-01-04T15:18:29.260Z</time>
      </trkpt>
      <trkpt lat="56.001895" lon="37.208303">
        <ele>210.062625</ele>
        <time>2026-01-04T15:18:30.359Z</time>
      </trkpt>
      <trkpt lat="56.001826" lon="37.208306">
        <ele>210.148649</ele>
        <time>2026-01-04T15:18:31.418Z</time>
      </trkpt>
      <trkpt lat="56.001714" lon="37.208376">
        <ele>210.296519</ele>
        <time>2026-01-04T15:18:33.311Z</time>
      </trkpt>
      <trkpt lat="56.001361" lon="37.208599">
        <ele>210.763124</ele>
        <time>2026-01-04T15:18:39.841Z</time>
      </trkpt>
      <trkpt lat="56.001328" lon="37.208427">
        <ele>210.889855</ele>
        <time>2026-01-04T15:18:41.707Z</time>
      </trkpt>
      <trkpt lat="56.001195" lon="37.207724">
        <ele>211.407078</ele>
        <time>2026-01-04T15:18:48.827Z</time>
      </trkpt>
      <trkpt lat="56.001087" lon="37.207141">
        <ele>211.835105</ele>
        <time>2026-01-04T15:18:54.693Z</time>
      </trkpt>
      <trkpt lat="56.001061" lon="37.207011">
        <ele>211.970620</ele>
        <time>2026-01-04T15:18:55.939Z</time>
      </trkpt>
      <trkpt lat="56.000977" lon="37.206566">
        <ele>212.489793</ele>
        <time>2026-01-04T15:19:00.470Z</time>
      </trkpt>
      <trkpt lat="56.000915" lon="37.206237">
        <ele>212.873567</ele>
        <time>2026-01-04T15:19:04.109Z</time>
      </trkpt>
      <trkpt lat="56.000881" lon="37.206064">
        <ele>213.076268</ele>
        <time>2026-01-04T15:19:06.191Z</time>
      </trkpt>
      <trkpt lat="56.000774" lon="37.205493">
        <ele>213.741952</ele>
        <time>2026-01-04T15:19:13.096Z</time>
      </trkpt>
      <trkpt lat="56.000749" lon="37.205360">
        <ele>213.897054</ele>
        <time>2026-01-04T15:19:14.792Z</time>
      </trkpt>
      <trkpt lat="56.000664" lon="37.204913">
        <ele>214.418959</ele>
        <time>2026-01-04T15:19:19.192Z</time>
      </trkpt>
      <trkpt lat="56.000587" lon="37.204502">
        <ele>214.898103</ele>
        <time>2026-01-04T15:19:23.007Z</time>
      </trkpt>
      <trkpt lat="56.000546" lon="37.204288">
        <ele>215.148160</ele>
        <time>2026-01-04T15:19:25.179Z</time>
      </trkpt>
      <trkpt lat="56.000408" lon="37.203557">
        <ele>215.825507</ele>
        <time>2026-01-04T15:19:33.100Z</time>
      </trkpt>
      <trkpt lat="56.000331" lon="37.203155">
        <ele>216.153366</ele>
        <time>2026-01-04T15:19:37.574Z</time>
      </trkpt>
      <trkpt lat="56.000287" lon="37.202920">
        <ele>216.344576</ele>
        <time>2026-01-04T15:19:40.416Z</time>
      </trkpt>
      <trkpt lat="55.999765" lon="37.200261">
        <ele>217.600171</ele>
        <time>2026-01-04T15:20:04.371Z</time>
      </trkpt>
      <trkpt lat="55.999746" lon="37.200136">
        <ele>217.551363</ele>
        <time>2026-01-04T15:20:05.257Z</time>
      </trkpt>
      <trkpt lat="55.999548" lon="37.197931">
        <ele>216.709895</ele>
        <time>2026-01-04T15:20:16.955Z</time>
      </trkpt>
      <trkpt lat="55.999469" lon="37.196669">
        <ele>215.811261</ele>
        <time>2026-01-04T15:20:23.337Z</time>
      </trkpt>
      <trkpt lat="55.999478" lon="37.195763">
        <ele>215.156808</ele>
        <time>2026-01-04T15:20:28.388Z</time>
      </trkpt>
      <trkpt lat="55.999535" lon="37.194182">
        <ele>213.897904</ele>
        <time>2026-01-04T15:20:36.952Z</time>
      </trkpt>
      <trkpt lat="55.999545" lon="37.193911">
        <ele>213.638222</ele>
        <time>2026-01-04T15:20:38.349Z</time>
      </trkpt>
      <trkpt lat="55.999557" lon="37.193658">
        <ele>213.395446</ele>
        <time>2026-01-04T15:20:39.641Z</time>
      </trkpt>
      <trkpt lat="55.999564" lon="37.193363">
        <ele>213.113125</ele>
        <time>2026-01-04T15:20:41.134Z</time>
      </trkpt>
      <trkpt lat="55.999572" lon="37.192994">
        <ele>212.760038</ele>
        <time>2026-01-04T15:20:42.972Z</time>
      </trkpt>
      <trkpt lat="55.999631" lon="37.191379">
        <ele>211.211931</ele>
        <time>2026-01-04T15:20:50.821Z</time>
      </trkpt>
      <trkpt lat="55.999635" lon="37.191162">
        <ele>211.002685</ele>
        <time>2026-01-04T15:20:51.882Z</time>
      </trkpt>
      <trkpt lat="55.999657" lon="37.190615">
        <ele>210.474158</ele>
        <time>2026-01-04T15:20:54.740Z</time>
      </trkpt>
      <trkpt lat="55.999704" lon="37.189322">
        <ele>209.225413</ele>
        <time>2026-01-04T15:21:01.493Z</time>
      </trkpt>
      <trkpt lat="55.999712" lon="37.188997">
        <ele>208.911895</ele>
        <time>2026-01-04T15:21:03.055Z</time>
      </trkpt>
      <trkpt lat="55.999731" lon="37.188263">
        <ele>208.203754</ele>
        <time>2026-01-04T15:21:06.568Z</time>
      </trkpt>
      <trkpt lat="55.999713" lon="37.187776">
        <ele>208.010650</ele>
        <time>2026-01-04T15:21:09.066Z</time>
      </trkpt>
      <trkpt lat="55.999685" lon="37.187477">
        <ele>207.895366</ele>
        <time>2026-01-04T15:21:10.657Z</time>
      </trkpt>
      <trkpt lat="55.999479" lon="37.186462">
        <ele>207.484758</ele>
        <time>2026-01-04T15:21:16.371Z</time>
      </trkpt>
      <trkpt lat="55.999337" lon="37.185785">
        <ele>207.209800</ele>
        <time>2026-01-04T15:21:21.025Z</time>
      </trkpt>
      <trkpt lat="55.999125" lon="37.185241">
        <ele>206.967891</ele>
        <time>2026-01-04T15:21:26.654Z</time>
      </trkpt>
      <trkpt lat="55.998748" lon="37.184505">
        <ele>206.955842</ele>
        <time>2026-01-04T15:21:35.041Z</time>
      </trkpt>
      <trkpt lat="55.998510" lon="37.184150">
        <ele>206.949152</ele>
        <time>2026-01-04T15:21:38.261Z</time>
      </trkpt>
      <trkpt lat="55.998386" lon="37.183965">
        <ele>206.945666</ele>
        <time>2026-01-04T15:21:39.857Z</time>
      </trkpt>
      <trkpt lat="55.997508" lon="37.182674">
        <ele>207.189668</ele>
        <time>2026-01-04T15:21:52.219Z</time>
      </trkpt>
      <trkpt lat="55.997475" lon="37.182627">
        <ele>207.218324</ele>
        <time>2026-01-04T15:21:52.688Z</time>
      </trkpt>
      <trkpt lat="55.996941" lon="37.181850">
        <ele>207.685953</ele>
        <time>2026-01-04T15:22:01.683Z</time>
      </trkpt>
      <trkpt lat="55.996661" lon="37.181539">
        <ele>207.909845</ele>
        <time>2026-01-04T15:22:07.787Z</time>
      </trkpt>
      <trkpt lat="55.996178" lon="37.181251">
        <ele>208.212973</ele>
        <time>2026-01-04T15:22:16.845Z</time>
      </trkpt>
      <trkpt lat="55.996022" lon="37.181208">
        <ele>208.276397</ele>
        <time>2026-01-04T15:22:19.204Z</time>
      </trkpt>
      <trkpt lat="55.995815" lon="37.181182">
        <ele>208.359778</ele>
        <time>2026-01-04T15:22:21.979Z</time>
      </trkpt>
      <trkpt lat="55.995615" lon="37.181205">
        <ele>208.440308</ele>
        <time>2026-01-04T15:22:24.497Z</time>
      </trkpt>
      <trkpt lat="55.994714" lon="37.181478">
        <ele>208.807506</ele>
        <time>2026-01-04T15:22:36.322Z</time>
      </trkpt>
      <trkpt lat="55.993706" lon="37.181821">
        <ele>207.422245</ele>
        <time>2026-01-04T15:22:46.473Z</time>
      </trkpt>
      <trkpt lat="55.992945" lon="37.181851">
        <ele>206.138924</ele>
        <time>2026-01-04T15:22:52.858Z</time>
      </trkpt>
      <trkpt lat="55.992246" lon="37.181851">
        <ele>205.144571</ele>
        <time>2026-01-04T15:22:58.708Z</time>
      </trkpt>
      <trkpt lat="55.992098" lon="37.181776">
        <ele>204.939426</ele>
        <time>2026-01-04T15:23:00.060Z</time>
      </trkpt>
      <trkpt lat="55.991880" lon="37.181596">
        <ele>204.619201</ele>
        <time>2026-01-04T15:23:02.202Z</time>
      </trkpt>
      <trkpt lat="55.991773" lon="37.181510">
        <ele>204.462752</ele>
        <time>2026-01-04T15:23:03.247Z</time>
      </trkpt>
      <trkpt lat="55.991795" lon="37.181237">
        <ele>204.257022</ele>
        <time>2026-01-04T15:23:04.760Z</time>
      </trkpt>
      <trkpt lat="55.991889" lon="37.180687">
        <ele>203.828058</ele>
        <time>2026-01-04T15:23:08.339Z</time>
      </trkpt>
      <trkpt lat="55.992116" lon="37.179626">
        <ele>203.726110</ele>
        <time>2026-01-04T15:23:16.751Z</time>
      </trkpt>
      <trkpt lat="55.992134" lon="37.179533">
        <ele>203.771123</ele>
        <time>2026-01-04T15:23:17.598Z</time>
      </trkpt>
      <trkpt lat="55.992362" lon="37.178519">
        <ele>204.270999</ele>
        <time>2026-01-04T15:23:25.240Z</time>
      </trkpt>
      <trkpt lat="55.992519" lon="37.177820">
        <ele>204.615534</ele>
        <time>2026-01-04T15:23:31.135Z</time>
      </trkpt>
      <trkpt lat="55.992703" lon="37.176999">
        <ele>205.215943</ele>
        <time>2026-01-04T15:23:40.150Z</time>
      </trkpt>
      <trkpt lat="55.992804" lon="37.176218">
        <ele>206.257643</ele>
        <time>2026-01-04T15:23:49.287Z</time>
      </trkpt>
      <trkpt lat="55.992810" lon="37.175525">
        <ele>207.158316</ele>
        <time>2026-01-04T15:23:57.843Z</time>
      </trkpt>
      <trkpt lat="55.992804" lon="37.175259">
        <ele>207.504268</ele>
        <time>2026-01-04T15:24:01.208Z</time>
      </trkpt>
      <trkpt lat="55.992725" lon="37.174550">
        <ele>208.443731</ele>
        <time>2026-01-04T15:24:09.925Z</time>
      </trkpt>
      <trkpt lat="55.992632" lon="37.174026">
        <ele>209.042292</ele>
        <time>2026-01-04T15:24:15.546Z</time>
      </trkpt>
      <trkpt lat="55.992419" lon="37.173285">
        <ele>208.205121</ele>
        <time>2026-01-04T15:24:21.427Z</time>
      </trkpt>
      <trkpt lat="55.992158" lon="37.172498">
        <ele>207.285735</ele>
        <time>2026-01-04T15:24:26.144Z</time>
      </trkpt>
      <trkpt lat="55.991735" lon="37.171139">
        <ele>205.653552</ele>
        <time>2026-01-04T15:24:32.916Z</time>
      </trkpt>
      <trkpt lat="55.991432" lon="37.170194">
        <ele>204.010609</ele>
        <time>2026-01-04T15:24:37.692Z</time>
      </trkpt>
      <trkpt lat="55.991361" lon="37.169985">
        <ele>203.641783</ele>
        <time>2026-01-04T15:24:38.801Z</time>
      </trkpt>
      <trkpt lat="55.991022" lon="37.168927">
        <ele>201.802680</ele>
        <time>2026-01-04T15:24:44.667Z</time>
      </trkpt>
      <trkpt lat="55.990907" lon="37.168569">
        <ele>201.179981</ele>
        <time>2026-01-04T15:24:46.778Z</time>
      </trkpt>
      <trkpt lat="55.990756" lon="37.167926">
        <ele>200.941631</ele>
        <time>2026-01-04T15:24:50.790Z</time>
      </trkpt>
      <trkpt lat="55.990757" lon="37.167713">
        <ele>200.916399</ele>
        <time>2026-01-04T15:24:52.119Z</time>
      </trkpt>
      <trkpt lat="55.990812" lon="37.167339">
        <ele>200.870592</ele>
        <time>2026-01-04T15:24:54.513Z</time>
      </trkpt>
      <trkpt lat="55.990878" lon="37.167120">
        <ele>200.841125</ele>
        <time>2026-01-04T15:24:56.074Z</time>
      </trkpt>
      <trkpt lat="55.990916" lon="37.166822">
        <ele>200.804920</ele>
        <time>2026-01-04T15:24:58.006Z</time>
      </trkpt>
      <trkpt lat="55.990889" lon="37.166654">
        <ele>200.784215</ele>
        <time>2026-01-04T15:24:59.141Z</time>
      </trkpt>
      <trkpt lat="55.990798" lon="37.166501">
        <ele>200.757760</ele>
        <time>2026-01-04T15:25:00.561Z</time>
      </trkpt>
      <trkpt lat="55.990690" lon="37.166511">
        <ele>200.734857</ele>
        <time>2026-01-04T15:25:01.740Z</time>
      </trkpt>
      <trkpt lat="55.990493" lon="37.166654">
        <ele>200.689829</ele>
        <time>2026-01-04T15:25:04.238Z</time>
      </trkpt>
      <trkpt lat="55.989658" lon="37.167195">
        <ele>201.211159</ele>
        <time>2026-01-04T15:25:17.211Z</time>
      </trkpt>
      <trkpt lat="55.989396" lon="37.167391">
        <ele>201.483567</ele>
        <time>2026-01-04T15:25:22.066Z</time>
      </trkpt>
      <trkpt lat="55.989174" lon="37.167638">
        <ele>201.734364</ele>
        <time>2026-01-04T15:25:26.179Z</time>
      </trkpt>
      <trkpt lat="55.988908" lon="37.168001">
        <ele>202.055330</ele>
        <time>2026-01-04T15:25:31.174Z</time>
      </trkpt>
      <trkpt lat="55.988404" lon="37.168697">
        <ele>202.625452</ele>
        <time>2026-01-04T15:25:40.619Z</time>
      </trkpt>
      <trkpt lat="55.988277" lon="37.168863">
        <ele>202.756593</ele>
        <time>2026-01-04T15:25:42.774Z</time>
      </trkpt>
      <trkpt lat="55.987887" lon="37.169399">
        <ele>203.166651</ele>
        <time>2026-01-04T15:25:49.195Z</time>
      </trkpt>
      <trkpt lat="55.987739" lon="37.169623">
        <ele>203.328295</ele>
        <time>2026-01-04T15:25:51.837Z</time>
      </trkpt>
      <trkpt lat="55.987161" lon="37.170427">
        <ele>204.029237</ele>
        <time>2026-01-04T15:26:03.146Z</time>
      </trkpt>
      <trkpt lat="55.986987" lon="37.170623">
        <ele>204.384728</ele>
        <time>2026-01-04T15:26:06.540Z</time>
      </trkpt>
      <trkpt lat="55.986494" lon="37.170955">
        <ele>205.295349</ele>
        <time>2026-01-04T15:26:15.021Z</time>
      </trkpt>
      <trkpt lat="55.985572" lon="37.171423">
        <ele>206.952049</ele>
        <time>2026-01-04T15:26:33.041Z</time>
      </trkpt>
      <trkpt lat="55.985385" lon="37.171543">
        <ele>207.211190</ele>
        <time>2026-01-04T15:26:36.680Z</time>
      </trkpt>
      <trkpt lat="55.985133" lon="37.171744">
        <ele>207.567065</ele>
        <time>2026-01-04T15:26:41.685Z</time>
      </trkpt>
      <trkpt lat="55.984999" lon="37.171887">
        <ele>207.768329</ele>
        <time>2026-01-04T15:26:44.559Z</time>
      </trkpt>
      <trkpt lat="55.984802" lon="37.172184">
        <ele>208.100681</ele>
        <time>2026-01-04T15:26:49.026Z</time>
      </trkpt>
      <trkpt lat="55.984574" lon="37.172707">
        <ele>208.579040</ele>
        <time>2026-01-04T15:26:54.968Z</time>
      </trkpt>
      <trkpt lat="55.984478" lon="37.173008">
        <ele>208.829010</ele>
        <time>2026-01-04T15:26:57.883Z</time>
      </trkpt>
      <trkpt lat="55.984452" lon="37.173084">
        <ele>208.893280</ele>
        <time>2026-01-04T15:26:58.575Z</time>
      </trkpt>
      <trkpt lat="55.984400" lon="37.173238">
        <ele>209.023054</ele>
        <time>2026-01-04T15:26:59.941Z</time>
      </trkpt>
      <trkpt lat="55.983747" lon="37.175044">
        <ele>209.362030</ele>
        <time>2026-01-04T15:27:13.492Z</time>
      </trkpt>
      <trkpt lat="55.983445" lon="37.175867">
        <ele>209.405422</ele>
        <time>2026-01-04T15:27:19.869Z</time>
      </trkpt>
      <trkpt lat="55.983079" lon="37.176834">
        <ele>209.596004</ele>
        <time>2026-01-04T15:27:28.873Z</time>
      </trkpt>
      <trkpt lat="55.982997" lon="37.177051">
        <ele>209.657688</ele>
        <time>2026-01-04T15:27:30.938Z</time>
      </trkpt>
      <trkpt lat="55.982864" lon="37.177239">
        <ele>209.729083</ele>
        <time>2026-01-04T15:27:33.272Z</time>
      </trkpt>
      <trkpt lat="55.982649" lon="37.177204">
        <ele>209.819986</ele>
        <time>2026-01-04T15:27:36.166Z</time>
      </trkpt>
      <trkpt lat="55.982000" lon="37.176298">
        <ele>210.166718</ele>
        <time>2026-01-04T15:27:46.996Z</time>
      </trkpt>
      <trkpt lat="55.981768" lon="37.175915">
        <ele>210.225797</ele>
        <time>2026-01-04T15:27:51.027Z</time>
      </trkpt>
      <trkpt lat="55.978375" lon="37.168804">
        <ele>210.361999</ele>
        <time>2026-01-04T15:28:55.387Z</time>
      </trkpt>
      <trkpt lat="55.978309" lon="37.168666">
        <ele>210.173579</ele>
        <time>2026-01-04T15:28:56.280Z</time>
      </trkpt>
      <trkpt lat="55.977703" lon="37.167413">
        <ele>208.454623</ele>
        <time>2026-01-04T15:29:04.169Z</time>
      </trkpt>
      <trkpt lat="55.977464" lon="37.166804">
        <ele>207.682572</ele>
        <time>2026-01-04T15:29:07.658Z</time>
      </trkpt>
      <trkpt lat="55.977390" lon="37.166570">
        <ele>207.403598</ele>
        <time>2026-01-04T15:29:08.961Z</time>
      </trkpt>
      <trkpt lat="55.977295" lon="37.166147">
        <ele>207.056165</ele>
        <time>2026-01-04T15:29:11.232Z</time>
      </trkpt>
      <trkpt lat="55.977266" lon="37.165909">
        <ele>206.908292</ele>
        <time>2026-01-04T15:29:12.494Z</time>
      </trkpt>
      <trkpt lat="55.977207" lon="37.165110">
        <ele>206.419021</ele>
        <time>2026-01-04T15:29:16.922Z</time>
      </trkpt>
      <trkpt lat="55.977218" lon="37.163790">
        <ele>205.617574</ele>
        <time>2026-01-04T15:29:24.618Z</time>
      </trkpt>
      <trkpt lat="55.977219" lon="37.163602">
        <ele>205.503436</ele>
        <time>2026-01-04T15:29:25.731Z</time>
      </trkpt>
      <trkpt lat="55.977226" lon="37.162028">
        <ele>204.459872</ele>
        <time>2026-01-04T15:29:34.257Z</time>
      </trkpt>
      <trkpt lat="55.977109" lon="37.162032">
        <ele>204.317680</ele>
        <time>2026-01-04T15:29:35.382Z</time>
      </trkpt>
      <trkpt lat="55.976734" lon="37.162034">
        <ele>203.862018</ele>
        <time>2026-01-04T15:29:38.754Z</time>
      </trkpt>
      <trkpt lat="55.976219" lon="37.162038">
        <ele>203.236239</ele>
        <time>2026-01-04T15:29:43.494Z</time>
      </trkpt>
      <trkpt lat="55.976148" lon="37.162039">
        <ele>203.149965</ele>
        <time>2026-01-04T15:29:44.133Z</time>
      </trkpt>
      <trkpt lat="55.975909" lon="37.162041">
        <ele>203.180244</ele>
        <time>2026-01-04T15:29:46.387Z</time>
      </trkpt>
      <trkpt lat="55.975391" lon="37.162046">
        <ele>203.403967</ele>
        <time>2026-01-04T15:29:52.314Z</time>
      </trkpt>
      <trkpt lat="55.975320" lon="37.162047">
        <ele>203.434632</ele>
        <time>2026-01-04T15:29:53.217Z</time>
      </trkpt>
      <trkpt lat="55.974964" lon="37.162050">
        <ele>203.588387</ele>
        <time>2026-01-04T15:29:57.568Z</time>
      </trkpt>
      <trkpt lat="55.974060" lon="37.162058">
        <ele>204.045788</ele>
        <time>2026-01-04T15:30:14.025Z</time>
      </trkpt>
      <trkpt lat="55.973983" lon="37.162059">
        <ele>204.100083</ele>
        <time>2026-01-04T15:30:15.354Z</time>
      </trkpt>
      <trkpt lat="55.973609" lon="37.162062">
        <ele>204.363801</ele>
        <time>2026-01-04T15:30:21.740Z</time>
      </trkpt>
      <trkpt lat="55.972066" lon="37.162076">
        <ele>204.498636</ele>
        <time>2026-01-04T15:30:40.591Z</time>
      </trkpt>
      <trkpt lat="55.971998" lon="37.162077">
        <ele>204.399430</ele>
        <time>2026-01-04T15:30:41.222Z</time>
      </trkpt>
      <trkpt lat="55.971516" lon="37.162081">
        <ele>203.696256</ele>
        <time>2026-01-04T15:30:45.546Z</time>
      </trkpt>
      <trkpt lat="55.970338" lon="37.162092">
        <ele>201.596945</ele>
        <time>2026-01-04T15:30:55.652Z</time>
      </trkpt>
      <trkpt lat="55.970162" lon="37.162096">
        <ele>201.158965</ele>
        <time>2026-01-04T15:30:57.155Z</time>
      </trkpt>
      <trkpt lat="55.970162" lon="37.161987">
        <ele>201.007179</ele>
        <time>2026-01-04T15:30:57.673Z</time>
      </trkpt>
      <trkpt lat="55.970163" lon="37.161787">
        <ele>200.728663</ele>
        <time>2026-01-04T15:30:58.615Z</time>
      </trkpt>
      <trkpt lat="55.970159" lon="37.160432">
        <ele>198.841761</ele>
        <time>2026-01-04T15:31:04.804Z</time>
      </trkpt>
      <trkpt lat="55.970165" lon="37.160006">
        <ele>198.248357</ele>
        <time>2026-01-04T15:31:06.813Z</time>
      </trkpt>
      <trkpt lat="55.970167" lon="37.158929">
        <ele>198.358145</ele>
        <time>2026-01-04T15:31:12.342Z</time>
      </trkpt>
      <trkpt lat="55.970170" lon="37.157793">
        <ele>198.745327</ele>
        <time>2026-01-04T15:31:20.256Z</time>
      </trkpt>
      <trkpt lat="55.970165" lon="37.156378">
        <ele>199.628498</ele>
        <time>2026-01-04T15:31:37.167Z</time>
      </trkpt>
      <trkpt lat="55.970164" lon="37.156283">
        <ele>199.804300</ele>
        <time>2026-01-04T15:31:38.471Z</time>
      </trkpt>
      <trkpt lat="55.970159" lon="37.154731">
        <ele>202.675900</ele>
        <time>2026-01-04T15:31:59.501Z</time>
      </trkpt>
      <trkpt lat="55.970143" lon="37.152810">
        <ele>205.657689</ele>
        <time>2026-01-04T15:32:22.657Z</time>
      </trkpt>
      <trkpt lat="55.970140" lon="37.151956">
        <ele>206.448480</ele>
        <time>2026-01-04T15:32:31.423Z</time>
      </trkpt>
      <trkpt lat="55.970139" lon="37.151680">
        <ele>206.704051</ele>
        <time>2026-01-04T15:32:34.063Z</time>
      </trkpt>
      <trkpt lat="55.970137" lon="37.150773">
        <ele>207.543909</ele>
        <time>2026-01-04T15:32:41.854Z</time>
      </trkpt>
      <trkpt lat="55.970133" lon="37.149601">
        <ele>208.372587</ele>
        <time>2026-01-04T15:32:50.662Z</time>
      </trkpt>
      <trkpt lat="55.970136" lon="37.149299">
        <ele>208.526234</ele>
        <time>2026-01-04T15:32:52.764Z</time>
      </trkpt>
      <trkpt lat="55.970121" lon="37.149053">
        <ele>208.652111</ele>
        <time>2026-01-04T15:32:54.517Z</time>
      </trkpt>
      <trkpt lat="55.970059" lon="37.148345">
        <ele>209.016643</ele>
        <time>2026-01-04T15:32:59.922Z</time>
      </trkpt>
      <trkpt lat="55.970045" lon="37.148181">
        <ele>209.101032</ele>
        <time>2026-01-04T15:33:01.294Z</time>
      </trkpt>
      <trkpt lat="55.969951" lon="37.147388">
        <ele>209.513370</ele>
        <time>2026-01-04T15:33:08.746Z</time>
      </trkpt>
      <trkpt lat="55.969842" lon="37.146509">
        <ele>210.149332</ele>
        <time>2026-01-04T15:33:17.495Z</time>
      </trkpt>
      <trkpt lat="55.969761" lon="37.145874">
        <ele>210.693796</ele>
        <time>2026-01-04T15:33:23.928Z</time>
      </trkpt>
      <trkpt lat="55.969439" lon="37.143113">
        <ele>213.042543</ele>
        <time>2026-01-04T15:33:49.587Z</time>
      </trkpt>
      <trkpt lat="55.969203" lon="37.140429">
        <ele>215.204224</ele>
        <time>2026-01-04T15:34:14.894Z</time>
      </trkpt>
      <trkpt lat="55.969088" lon="37.138461">
        <ele>216.321746</ele>
        <time>2026-01-04T15:34:33.206Z</time>
      </trkpt>
      <trkpt lat="55.969014" lon="37.136553">
        <ele>216.380896</ele>
        <time>2026-01-04T15:34:46.375Z</time>
      </trkpt>
      <trkpt lat="55.968994" lon="37.133804">
        <ele>214.780624</ele>
        <time>2026-01-04T15:35:00.799Z</time>
      </trkpt>
      <trkpt lat="55.969007" lon="37.132930">
        <ele>213.868477</ele>
        <time>2026-01-04T15:35:05.146Z</time>
      </trkpt>
      <trkpt lat="55.969212" lon="37.122669">
        <ele>204.079527</ele>
        <time>2026-01-04T15:35:56.003Z</time>
      </trkpt>
      <trkpt lat="55.969261" lon="37.120486">
        <ele>203.766402</ele>
        <time>2026-01-04T15:36:12.030Z</time>
      </trkpt>
      <trkpt lat="55.969246" lon="37.118895">
        <ele>204.391172</ele>
        <time>2026-01-04T15:36:25.664Z</time>
      </trkpt>
      <trkpt lat="55.969158" lon="37.117584">
        <ele>204.450087</ele>
        <time>2026-01-04T15:36:36.020Z</time>
      </trkpt>
      <trkpt lat="55.969050" lon="37.116605">
        <ele>204.173081</ele>
        <time>2026-01-04T15:36:42.364Z</time>
      </trkpt>
      <trkpt lat="55.968933" lon="37.115814">
        <ele>203.945954</ele>
        <time>2026-01-04T15:36:46.778Z</time>
      </trkpt>
      <trkpt lat="55.968705" lon="37.114680">
        <ele>203.360401</ele>
        <time>2026-01-04T15:36:52.981Z</time>
      </trkpt>
      <trkpt lat="55.968548" lon="37.114049">
        <ele>202.816797</ele>
        <time>2026-01-04T15:36:56.452Z</time>
      </trkpt>
      <trkpt lat="55.968255" lon="37.113099">
        <ele>201.962905</ele>
        <time>2026-01-04T15:37:01.983Z</time>
      </trkpt>
      <trkpt lat="55.967801" lon="37.111900">
        <ele>201.121530</ele>
        <time>2026-01-04T15:37:09.836Z</time>
      </trkpt>
      <trkpt lat="55.967266" lon="37.110754">
        <ele>200.833886</ele>
        <time>2026-01-04T15:37:18.257Z</time>
      </trkpt>
      <trkpt lat="55.966676" lon="37.109776">
        <ele>200.606197</ele>
        <time>2026-01-04T15:37:29.106Z</time>
      </trkpt>
      <trkpt lat="55.966284" lon="37.109230">
        <ele>200.636382</ele>
        <time>2026-01-04T15:37:36.242Z</time>
      </trkpt>
      <trkpt lat="55.965826" lon="37.108687">
        <ele>200.669763</ele>
        <time>2026-01-04T15:37:43.457Z</time>
      </trkpt>
      <trkpt lat="55.964326" lon="37.107099">
        <ele>199.816483</ele>
        <time>2026-01-04T15:38:01.178Z</time>
      </trkpt>
      <trkpt lat="55.964099" lon="37.106861">
        <ele>199.605796</ele>
        <time>2026-01-04T15:38:03.717Z</time>
      </trkpt>
      <trkpt lat="55.963403" lon="37.106132">
        <ele>199.110603</ele>
        <time>2026-01-04T15:38:11.785Z</time>
      </trkpt>
      <trkpt lat="55.962949" lon="37.105656">
        <ele>198.895132</ele>
        <time>2026-01-04T15:38:17.167Z</time>
      </trkpt>
      <trkpt lat="55.962867" lon="37.105468">
        <ele>198.840526</ele>
        <time>2026-01-04T15:38:18.645Z</time>
      </trkpt>
      <trkpt lat="55.962831" lon="37.105264">
        <ele>198.791519</ele>
        <time>2026-01-04T15:38:20.034Z</time>
      </trkpt>
      <trkpt lat="55.962842" lon="37.105060">
        <ele>198.744564</ele>
        <time>2026-01-04T15:38:21.377Z</time>
      </trkpt>
      <trkpt lat="55.962874" lon="37.104895">
        <ele>198.704556</ele>
        <time>2026-01-04T15:38:22.545Z</time>
      </trkpt>
      <trkpt lat="55.962932" lon="37.104755">
        <ele>198.664650</ele>
        <time>2026-01-04T15:38:23.708Z</time>
      </trkpt>
      <trkpt lat="55.963076" lon="37.104545">
        <ele>198.588564</ele>
        <time>2026-01-04T15:38:25.971Z</time>
      </trkpt>
      <trkpt lat="55.963570" lon="37.104257">
        <ele>198.479511</ele>
        <time>2026-01-04T15:38:32.176Z</time>
      </trkpt>
      <trkpt lat="55.965403" lon="37.103331">
        <ele>198.091367</ele>
        <time>2026-01-04T15:38:53.697Z</time>
      </trkpt>
      <trkpt lat="55.965726" lon="37.103130">
        <ele>197.955904</ele>
        <time>2026-01-04T15:38:57.213Z</time>
      </trkpt>
      <trkpt lat="55.966297" lon="37.102572">
        <ele>197.698141</ele>
        <time>2026-01-04T15:39:03.964Z</time>
      </trkpt>
      <trkpt lat="55.969803" lon="37.098809">
        <ele>197.654558</ele>
        <time>2026-01-04T15:39:52.347Z</time>
      </trkpt>
      <trkpt lat="55.970680" lon="37.097898">
        <ele>198.134577</ele>
        <time>2026-01-04T15:40:05.823Z</time>
      </trkpt>
      <trkpt lat="55.971176" lon="37.097361">
        <ele>198.409000</ele>
        <time>2026-01-04T15:40:14.240Z</time>
      </trkpt>
      <trkpt lat="55.971688" lon="37.096797">
        <ele>198.723133</ele>
        <time>2026-01-04T15:40:22.655Z</time>
      </trkpt>
      <trkpt lat="55.971893" lon="37.096547">
        <ele>198.853392</ele>
        <time>2026-01-04T15:40:26.103Z</time>
      </trkpt>
      <trkpt lat="55.972286" lon="37.096041">
        <ele>199.107615</ele>
        <time>2026-01-04T15:40:32.655Z</time>
      </trkpt>
      <trkpt lat="55.972491" lon="37.095760">
        <ele>199.243214</ele>
        <time>2026-01-04T15:40:36.018Z</time>
      </trkpt>
      <trkpt lat="55.973991" lon="37.093736">
        <ele>199.846399</ele>
        <time>2026-01-04T15:40:59.755Z</time>
      </trkpt>
      <trkpt lat="55.975501" lon="37.091780">
        <ele>200.650867</ele>
        <time>2026-01-04T15:41:24.443Z</time>
      </trkpt>
      <trkpt lat="55.975937" lon="37.091198">
        <ele>201.095247</ele>
        <time>2026-01-04T15:41:31.973Z</time>
      </trkpt>
      <trkpt lat="55.976204" lon="37.090826">
        <ele>201.396306</ele>
        <time>2026-01-04T15:41:36.983Z</time>
      </trkpt>
      <trkpt lat="55.976451" lon="37.090347">
        <ele>201.720421</ele>
        <time>2026-01-04T15:41:42.499Z</time>
      </trkpt>
      <trkpt lat="55.976899" lon="37.089153">
        <ele>202.498834</ele>
        <time>2026-01-04T15:41:54.668Z</time>
      </trkpt>
      <trkpt lat="55.977506" lon="37.087352">
        <ele>203.997276</ele>
        <time>2026-01-04T15:42:13.648Z</time>
      </trkpt>
      <trkpt lat="55.977885" lon="37.086212">
        <ele>204.961075</ele>
        <time>2026-01-04T15:42:25.309Z</time>
      </trkpt>
      <trkpt lat="55.977926" lon="37.086101">
        <ele>205.060779</ele>
        <time>2026-01-04T15:42:26.566Z</time>
      </trkpt>
      <trkpt lat="55.978407" lon="37.084639">
        <ele>206.332139</ele>
        <time>2026-01-04T15:42:42.662Z</time>
      </trkpt>
      <trkpt lat="55.978711" lon="37.083649">
        <ele>207.081211</ele>
        <time>2026-01-04T15:42:52.158Z</time>
      </trkpt>
      <trkpt lat="55.978816" lon="37.083305">
        <ele>207.222751</ele>
        <time>2026-01-04T15:42:55.470Z</time>
      </trkpt>
      <trkpt lat="55.979136" lon="37.082265">
        <ele>207.651454</ele>
        <time>2026-01-04T15:43:05.432Z</time>
      </trkpt>
      <trkpt lat="55.979615" lon="37.080758">
        <ele>208.210961</ele>
        <time>2026-01-04T15:43:17.518Z</time>
      </trkpt>
      <trkpt lat="55.979633" lon="37.080700">
        <ele>208.222244</ele>
        <time>2026-01-04T15:43:17.977Z</time>
      </trkpt>
      <trkpt lat="55.979890" lon="37.079837">
        <ele>208.388555</ele>
        <time>2026-01-04T15:43:24.721Z</time>
      </trkpt>
      <trkpt lat="55.980677" lon="37.077227">
        <ele>209.908381</ele>
        <time>2026-01-04T15:43:46.410Z</time>
      </trkpt>
      <trkpt lat="55.980976" lon="37.076367">
        <ele>210.980801</ele>
        <time>2026-01-04T15:43:56.395Z</time>
      </trkpt>
      <trkpt lat="55.981165" lon="37.075859">
        <ele>211.626952</ele>
        <time>2026-01-04T15:44:03.580Z</time>
      </trkpt>
      <trkpt lat="55.981812" lon="37.074192">
        <ele>215.174313</ele>
        <time>2026-01-04T15:44:31.669Z</time>
      </trkpt>
      <trkpt lat="55.981929" lon="37.073890">
        <ele>215.888776</ele>
        <time>2026-01-04T15:44:36.963Z</time>
      </trkpt>
      <trkpt lat="55.982294" lon="37.073058">
        <ele>217.945160</ele>
        <time>2026-01-04T15:44:50.576Z</time>
      </trkpt>
      <trkpt lat="55.982718" lon="37.072204">
        <ele>218.976134</ele>
        <time>2026-01-04T15:45:02.213Z</time>
      </trkpt>
      <trkpt lat="55.983139" lon="37.071524">
        <ele>219.651533</ele>
        <time>2026-01-04T15:45:10.504Z</time>
      </trkpt>
      <trkpt lat="55.983778" lon="37.070440">
        <ele>220.510501</ele>
        <time>2026-01-04T15:45:22.094Z</time>
      </trkpt>
      <trkpt lat="55.983953" lon="37.070072">
        <ele>220.530933</ele>
        <time>2026-01-04T15:45:25.623Z</time>
      </trkpt>
      <trkpt lat="55.984190" lon="37.069400">
        <ele>220.564539</ele>
        <time>2026-01-04T15:45:31.464Z</time>
      </trkpt>
      <trkpt lat="55.984485" lon="37.068018">
        <ele>220.627113</ele>
        <time>2026-01-04T15:45:41.814Z</time>
      </trkpt>
      <trkpt lat="55.984912" lon="37.065743">
        <ele>219.045890</ele>
        <time>2026-01-04T15:45:54.619Z</time>
      </trkpt>
      <trkpt lat="55.985088" lon="37.064794">
        <ele>218.340695</ele>
        <time>2026-01-04T15:45:59.445Z</time>
      </trkpt>
      <trkpt lat="55.985548" lon="37.061879">
        <ele>216.387814</ele>
        <time>2026-01-04T15:46:15.232Z</time>
      </trkpt>
      <trkpt lat="55.985771" lon="37.060798">
        <ele>216.768326</ele>
        <time>2026-01-04T15:46:24.418Z</time>
      </trkpt>
      <trkpt lat="55.985807" lon="37.060639">
        <ele>216.851326</ele>
        <time>2026-01-04T15:46:25.941Z</time>
      </trkpt>
      <trkpt lat="55.986031" lon="37.059679">
        <ele>217.354641</ele>
        <time>2026-01-04T15:46:35.803Z</time>
      </trkpt>
      <trkpt lat="55.986639" lon="37.057408">
        <ele>218.220245</ele>
        <time>2026-01-04T15:46:56.972Z</time>
      </trkpt>
      <trkpt lat="55.987433" lon="37.054490">
        <ele>218.313142</ele>
        <time>2026-01-04T15:47:18.186Z</time>
      </trkpt>
      <trkpt lat="55.987895" lon="37.052752">
        <ele>217.974048</ele>
        <time>2026-01-04T15:47:29.062Z</time>
      </trkpt>
      <trkpt lat="55.987960" lon="37.052458">
        <ele>218.005657</ele>
        <time>2026-01-04T15:47:30.910Z</time>
      </trkpt>
      <trkpt lat="55.988107" lon="37.051806">
        <ele>218.075946</ele>
        <time>2026-01-04T15:47:35.212Z</time>
      </trkpt>
      <trkpt lat="55.988940" lon="37.048045">
        <ele>218.838322</ele>
        <time>2026-01-04T15:48:07.174Z</time>
      </trkpt>
      <trkpt lat="55.989390" lon="37.046374">
        <ele>219.216005</ele>
        <time>2026-01-04T15:48:19.796Z</time>
      </trkpt>
      <trkpt lat="55.989725" lon="37.045443">
        <ele>219.328472</ele>
        <time>2026-01-04T15:48:27.162Z</time>
      </trkpt>
      <trkpt lat="55.990037" lon="37.044716">
        <ele>219.421566</ele>
        <time>2026-01-04T15:48:33.193Z</time>
      </trkpt>
      <trkpt lat="55.990917" lon="37.043141">
        <ele>219.901435</ele>
        <time>2026-01-04T15:48:50.746Z</time>
      </trkpt>
      <trkpt lat="55.991700" lon="37.041828">
        <ele>219.990818</ele>
        <time>2026-01-04T15:49:04.812Z</time>
      </trkpt>
      <trkpt lat="55.992064" lon="37.041294">
        <ele>219.519167</ele>
        <time>2026-01-04T15:49:09.444Z</time>
      </trkpt>
      <trkpt lat="55.992449" lon="37.040813">
        <ele>219.048689</ele>
        <time>2026-01-04T15:49:13.657Z</time>
      </trkpt>
      <trkpt lat="55.993111" lon="37.040101">
        <ele>218.507331</ele>
        <time>2026-01-04T15:49:20.564Z</time>
      </trkpt>
      <trkpt lat="55.993147" lon="37.040069">
        <ele>218.519298</ele>
        <time>2026-01-04T15:49:20.923Z</time>
      </trkpt>
      <trkpt lat="55.997355" lon="37.037194">
        <ele>220.803747</ele>
        <time>2026-01-04T15:50:21.850Z</time>
      </trkpt>
      <trkpt lat="55.997604" lon="37.037015">
        <ele>221.108412</ele>
        <time>2026-01-04T15:50:26.523Z</time>
      </trkpt>
      <trkpt lat="55.999734" lon="37.035540">
        <ele>225.512480</ele>
        <time>2026-01-04T15:51:10.436Z</time>
      </trkpt>
      <trkpt lat="56.000306" lon="37.035087">
        <ele>226.004705</ele>
        <time>2026-01-04T15:51:20.448Z</time>
      </trkpt>
      <trkpt lat="56.000665" lon="37.034655">
        <ele>226.345172</ele>
        <time>2026-01-04T15:51:26.414Z</time>
      </trkpt>
      <trkpt lat="56.002373" lon="37.031874">
        <ele>227.073897</ele>
        <time>2026-01-04T15:51:53.400Z</time>
      </trkpt>
      <trkpt lat="56.003396" lon="37.030503">
        <ele>228.243410</ele>
        <time>2026-01-04T15:52:12.529Z</time>
      </trkpt>
      <trkpt lat="56.004676" lon="37.028568">
        <ele>230.243284</ele>
        <time>2026-01-04T15:52:39.828Z</time>
      </trkpt>
      <trkpt lat="56.004851" lon="37.028283">
        <ele>230.553252</ele>
        <time>2026-01-04T15:52:43.513Z</time>
      </trkpt>
      <trkpt lat="56.004945" lon="37.028138">
        <ele>230.715822</ele>
        <time>2026-01-04T15:52:45.491Z</time>
      </trkpt>
      <trkpt lat="56.005190" lon="37.027722">
        <ele>231.158252</ele>
        <time>2026-01-04T15:52:50.733Z</time>
      </trkpt>
      <trkpt lat="56.006234" lon="37.026007">
        <ele>232.791038</ele>
        <time>2026-01-04T15:53:12.963Z</time>
      </trkpt>
      <trkpt lat="56.006906" lon="37.024901">
        <ele>233.531429</ele>
        <time>2026-01-04T15:53:27.059Z</time>
      </trkpt>
      <trkpt lat="56.006966" lon="37.024803">
        <ele>233.568507</ele>
        <time>2026-01-04T15:53:28.233Z</time>
      </trkpt>
      <trkpt lat="56.007388" lon="37.024108">
        <ele>233.830281</ele>
        <time>2026-01-04T15:53:36.067Z</time>
      </trkpt>
      <trkpt lat="56.007886" lon="37.023405">
        <ele>234.119786</ele>
        <time>2026-01-04T15:53:43.686Z</time>
      </trkpt>
      <trkpt lat="56.008469" lon="37.022745">
        <ele>234.149065</ele>
        <time>2026-01-04T15:53:50.999Z</time>
      </trkpt>
      <trkpt lat="56.009155" lon="37.022059">
        <ele>234.146338</ele>
        <time>2026-01-04T15:53:59.812Z</time>
      </trkpt>
      <trkpt lat="56.009533" lon="37.021748">
        <ele>234.176051</ele>
        <time>2026-01-04T15:54:05.370Z</time>
      </trkpt>
      <trkpt lat="56.010271" lon="37.021222">
        <ele>235.186517</ele>
        <time>2026-01-04T15:54:17.621Z</time>
      </trkpt>
      <trkpt lat="56.011431" lon="37.020616">
        <ele>236.757134</ele>
        <time>2026-01-04T15:54:38.254Z</time>
      </trkpt>
      <trkpt lat="56.012041" lon="37.020336">
        <ele>237.650496</ele>
        <time>2026-01-04T15:54:49.135Z</time>
      </trkpt>
      <trkpt lat="56.013223" lon="37.019920">
        <ele>239.338072</ele>
        <time>2026-01-04T15:55:08.066Z</time>
      </trkpt>
      <trkpt lat="56.013676" lon="37.019807">
        <ele>239.950029</ele>
        <time>2026-01-04T15:55:14.936Z</time>
      </trkpt>
      <trkpt lat="56.014167" lon="37.019724">
        <ele>240.609891</ele>
        <time>2026-01-04T15:55:22.332Z</time>
      </trkpt>
      <trkpt lat="56.016722" lon="37.019261">
        <ele>245.101847</ele>
        <time>2026-01-04T15:56:08.025Z</time>
      </trkpt>
      <trkpt lat="56.017220" lon="37.019165">
        <ele>246.082683</ele>
        <time>2026-01-04T15:56:17.671Z</time>
      </trkpt>
      <trkpt lat="56.017486" lon="37.019103">
        <ele>246.607970</ele>
        <time>2026-01-04T15:56:22.783Z</time>
      </trkpt>
      <trkpt lat="56.017755" lon="37.019005">
        <ele>247.145540</ele>
        <time>2026-01-04T15:56:27.923Z</time>
      </trkpt>
      <trkpt lat="56.017871" lon="37.018889">
        <ele>247.405768</ele>
        <time>2026-01-04T15:56:30.371Z</time>
      </trkpt>
      <trkpt lat="56.017969" lon="37.018732">
        <ele>247.663364</ele>
        <time>2026-01-04T15:56:32.742Z</time>
      </trkpt>
      <trkpt lat="56.018052" lon="37.018499">
        <ele>247.965775</ele>
        <time>2026-01-04T15:56:35.439Z</time>
      </trkpt>
      <trkpt lat="56.018094" lon="37.018288">
        <ele>248.210924</ele>
        <time>2026-01-04T15:56:37.555Z</time>
      </trkpt>
      <trkpt lat="56.018248" lon="37.017242">
        <ele>248.753086</ele>
        <time>2026-01-04T15:56:47.217Z</time>
      </trkpt>
      <trkpt lat="56.018501" lon="37.015407">
        <ele>249.651768</ele>
        <time>2026-01-04T15:57:01.917Z</time>
      </trkpt>
      <trkpt lat="56.018538" lon="37.015158">
        <ele>249.774277</ele>
        <time>2026-01-04T15:57:03.757Z</time>
      </trkpt>
      <trkpt lat="56.018672" lon="37.014163">
        <ele>249.832704</ele>
        <time>2026-01-04T15:57:10.888Z</time>
      </trkpt>
      <trkpt lat="56.018679" lon="37.014112">
        <ele>249.834955</ele>
        <time>2026-01-04T15:57:11.234Z</time>
      </trkpt>
      <trkpt lat="56.018994" lon="37.011697">
        <ele>249.787834</ele>
        <time>2026-01-04T15:57:27.644Z</time>
      </trkpt>
      <trkpt lat="56.019084" lon="37.011244">
        <ele>249.565954</ele>
        <time>2026-01-04T15:57:30.606Z</time>
      </trkpt>
      <trkpt lat="56.019210" lon="37.010792">
        <ele>249.332846</ele>
        <time>2026-01-04T15:57:33.606Z</time>
      </trkpt>
      <trkpt lat="56.019340" lon="37.010355">
        <ele>249.104379</ele>
        <time>2026-01-04T15:57:36.450Z</time>
      </trkpt>
      <trkpt lat="56.019901" lon="37.008455">
        <ele>247.870312</ele>
        <time>2026-01-04T15:57:47.667Z</time>
      </trkpt>
      <trkpt lat="56.020355" lon="37.006873">
        <ele>246.447461</ele>
        <time>2026-01-04T15:57:56.605Z</time>
      </trkpt>
      <trkpt lat="56.020404" lon="37.006702">
        <ele>246.293712</ele>
        <time>2026-01-04T15:57:57.607Z</time>
      </trkpt>
      <trkpt lat="56.020579" lon="37.006090">
        <ele>245.826147</ele>
        <time>2026-01-04T15:58:01.297Z</time>
      </trkpt>
      <trkpt lat="56.020631" lon="37.005907">
        <ele>245.770669</ele>
        <time>2026-01-04T15:58:02.438Z</time>
      </trkpt>
      <trkpt lat="56.021475" lon="37.002953">
        <ele>244.947364</ele>
        <time>2026-01-04T15:58:22.841Z</time>
      </trkpt>
      <trkpt lat="56.021700" lon="37.002156">
        <ele>244.848148</ele>
        <time>2026-01-04T15:58:28.516Z</time>
      </trkpt>
      <trkpt lat="56.022026" lon="37.001013">
        <ele>244.705562</ele>
        <time>2026-01-04T15:58:36.989Z</time>
      </trkpt>
      <trkpt lat="56.022371" lon="36.999780">
        <ele>244.045816</ele>
        <time>2026-01-04T15:58:45.438Z</time>
      </trkpt>
      <trkpt lat="56.022428" lon="36.999510">
        <ele>243.830321</ele>
        <time>2026-01-04T15:58:47.067Z</time>
      </trkpt>
      <trkpt lat="56.022522" lon="36.998829">
        <ele>243.306584</ele>
        <time>2026-01-04T15:58:50.858Z</time>
      </trkpt>
      <trkpt lat="56.022820" lon="36.995783">
        <ele>241.061233</ele>
        <time>2026-01-04T15:59:05.788Z</time>
      </trkpt>
      <trkpt lat="56.022934" lon="36.995067">
        <ele>240.533823</ele>
        <time>2026-01-04T15:59:09.800Z</time>
      </trkpt>
      <trkpt lat="56.023056" lon="36.994701">
        <ele>240.231926</ele>
        <time>2026-01-04T15:59:12.427Z</time>
      </trkpt>
      <trkpt lat="56.023222" lon="36.994415">
        <ele>239.969727</ele>
        <time>2026-01-04T15:59:15.290Z</time>
      </trkpt>
      <trkpt lat="56.023353" lon="36.994259">
        <ele>240.098528</ele>
        <time>2026-01-04T15:59:17.383Z</time>
      </trkpt>
      <trkpt lat="56.023741" lon="36.993852">
        <ele>240.466658</ele>
        <time>2026-01-04T15:59:24.038Z</time>
      </trkpt>
      <trkpt lat="56.024117" lon="36.993479">
        <ele>240.818551</ele>
        <time>2026-01-04T15:59:31.395Z</time>
      </trkpt>
      <trkpt lat="56.024896" lon="36.992699">
        <ele>241.336619</ele>
        <time>2026-01-04T15:59:44.761Z</time>
      </trkpt>
      <trkpt lat="56.025040" lon="36.992505">
        <ele>241.220584</ele>
        <time>2026-01-04T15:59:46.887Z</time>
      </trkpt>
      <trkpt lat="56.025196" lon="36.992241">
        <ele>241.082363</ele>
        <time>2026-01-04T15:59:49.206Z</time>
      </trkpt>
      <trkpt lat="56.025741" lon="36.990852">
        <ele>240.471811</ele>
        <time>2026-01-04T15:59:58.605Z</time>
      </trkpt>
      <trkpt lat="56.025849" lon="36.990567">
        <ele>240.347935</ele>
        <time>2026-01-04T16:00:00.397Z</time>
      </trkpt>
      <trkpt lat="56.026053" lon="36.990031">
        <ele>239.849905</ele>
        <time>2026-01-04T16:00:03.740Z</time>
      </trkpt>
      <trkpt lat="56.026693" lon="36.988380">
        <ele>237.913566</ele>
        <time>2026-01-04T16:00:13.882Z</time>
      </trkpt>
      <trkpt lat="56.028306" lon="36.984262">
        <ele>231.883958</ele>
        <time>2026-01-04T16:00:38.369Z</time>
      </trkpt>
      <trkpt lat="56.028485" lon="36.983747">
        <ele>230.997125</ele>
        <time>2026-01-04T16:00:41.180Z</time>
      </trkpt>
      <trkpt lat="56.029047" lon="36.981912">
        <ele>227.983022</ele>
        <time>2026-01-04T16:00:50.776Z</time>
      </trkpt>
      <trkpt lat="56.029235" lon="36.981378">
        <ele>227.115618</ele>
        <time>2026-01-04T16:00:53.714Z</time>
      </trkpt>
      <trkpt lat="56.030371" lon="36.978504">
        <ele>222.382071</ele>
        <time>2026-01-04T16:01:10.748Z</time>
      </trkpt>
      <trkpt lat="56.030760" lon="36.977554">
        <ele>220.848250</ele>
        <time>2026-01-04T16:01:16.345Z</time>
      </trkpt>
      <trkpt lat="56.033400" lon="36.971068">
        <ele>210.589009</ele>
        <time>2026-01-04T16:01:54.324Z</time>
      </trkpt>
      <trkpt lat="56.034381" lon="36.968776">
        <ele>209.017794</ele>
        <time>2026-01-04T16:02:11.121Z</time>
      </trkpt>
      <trkpt lat="56.034647" lon="36.968043">
        <ele>208.864247</ele>
        <time>2026-01-04T16:02:16.700Z</time>
      </trkpt>
      <trkpt lat="56.036042" lon="36.962785">
        <ele>207.765669</ele>
        <time>2026-01-04T16:02:53.067Z</time>
      </trkpt>
      <trkpt lat="56.036094" lon="36.962510">
        <ele>207.656975</ele>
        <time>2026-01-04T16:02:54.717Z</time>
      </trkpt>
      <trkpt lat="56.036188" lon="36.962011">
        <ele>207.459822</ele>
        <time>2026-01-04T16:02:57.659Z</time>
      </trkpt>
      <trkpt lat="56.036644" lon="36.959142">
        <ele>206.128838</ele>
        <time>2026-01-04T16:03:14.084Z</time>
      </trkpt>
      <trkpt lat="56.036754" lon="36.958667">
        <ele>205.862946</ele>
        <time>2026-01-04T16:03:17.034Z</time>
      </trkpt>
      <trkpt lat="56.036959" lon="36.958046">
        <ele>205.489954</ele>
        <time>2026-01-04T16:03:21.143Z</time>
      </trkpt>
      <trkpt lat="56.037010" lon="36.957910">
        <ele>205.405254</ele>
        <time>2026-01-04T16:03:22.064Z</time>
      </trkpt>
      <trkpt lat="56.037139" lon="36.957570">
        <ele>205.186031</ele>
        <time>2026-01-04T16:03:24.320Z</time>
      </trkpt>
      <trkpt lat="56.037652" lon="36.956283">
        <ele>204.253329</ele>
        <time>2026-01-04T16:03:32.551Z</time>
      </trkpt>
      <trkpt lat="56.037926" lon="36.955603">
        <ele>203.758713</ele>
        <time>2026-01-04T16:03:36.966Z</time>
      </trkpt>
      <trkpt lat="56.038800" lon="36.953432">
        <ele>203.141269</ele>
        <time>2026-01-04T16:03:52.823Z</time>
      </trkpt>
      <trkpt lat="56.038916" lon="36.952946">
        <ele>203.087655</ele>
        <time>2026-01-04T16:03:56.547Z</time>
      </trkpt>
      <trkpt lat="56.038937" lon="36.952612">
        <ele>203.053558</ele>
        <time>2026-01-04T16:03:58.963Z</time>
      </trkpt>
      <trkpt lat="56.038931" lon="36.952263">
        <ele>203.018137</ele>
        <time>2026-01-04T16:04:01.502Z</time>
      </trkpt>
      <trkpt lat="56.038772" lon="36.949565">
        <ele>203.886434</ele>
        <time>2026-01-04T16:04:22.918Z</time>
      </trkpt>
      <trkpt lat="56.038667" lon="36.948992">
        <ele>204.061789</ele>
        <time>2026-01-04T16:04:27.532Z</time>
      </trkpt>
      <trkpt lat="56.038480" lon="36.948388">
        <ele>204.033866</ele>
        <time>2026-01-04T16:04:32.491Z</time>
      </trkpt>
      <trkpt lat="56.036927" lon="36.944567">
        <ele>203.600856</ele>
        <time>2026-01-04T16:05:01.759Z</time>
      </trkpt>
      <trkpt lat="56.036779" lon="36.944115">
        <ele>203.523439</ele>
        <time>2026-01-04T16:05:04.952Z</time>
      </trkpt>
      <trkpt lat="56.036690" lon="36.943749">
        <ele>203.464455</ele>
        <time>2026-01-04T16:05:07.369Z</time>
      </trkpt>
      <trkpt lat="56.036400" lon="36.941893">
        <ele>203.466356</ele>
        <time>2026-01-04T16:05:19.818Z</time>
      </trkpt>
      <trkpt lat="56.036323" lon="36.941046">
        <ele>203.470068</ele>
        <time>2026-01-04T16:05:25.805Z</time>
      </trkpt>
      <trkpt lat="56.036201" lon="36.938159">
        <ele>203.137817</ele>
        <time>2026-01-04T16:05:46.327Z</time>
      </trkpt>
      <trkpt lat="56.036135" lon="36.937314">
        <ele>202.971257</ele>
        <time>2026-01-04T16:05:51.022Z</time>
      </trkpt>
      <trkpt lat="56.035554" lon="36.933962">
        <ele>199.417285</ele>
        <time>2026-01-04T16:06:08.009Z</time>
      </trkpt>
      <trkpt lat="56.035503" lon="36.933390">
        <ele>199.111820</ele>
        <time>2026-01-04T16:06:10.916Z</time>
      </trkpt>
      <trkpt lat="56.035441" lon="36.931835">
        <ele>198.289694</ele>
        <time>2026-01-04T16:06:19.764Z</time>
      </trkpt>
      <trkpt lat="56.035365" lon="36.930632">
        <ele>197.560300</ele>
        <time>2026-01-04T16:06:27.776Z</time>
      </trkpt>
      <trkpt lat="56.035280" lon="36.930033">
        <ele>197.115310</ele>
        <time>2026-01-04T16:06:31.797Z</time>
      </trkpt>
      <trkpt lat="56.035036" lon="36.928816">
        <ele>196.184318</ele>
        <time>2026-01-04T16:06:38.929Z</time>
      </trkpt>
      <trkpt lat="56.034949" lon="36.928075">
        <ele>195.639121</ele>
        <time>2026-01-04T16:06:42.476Z</time>
      </trkpt>
      <trkpt lat="56.034932" lon="36.927350">
        <ele>194.307319</ele>
        <time>2026-01-04T16:06:45.691Z</time>
      </trkpt>
      <trkpt lat="56.034977" lon="36.926670">
        <ele>192.956949</ele>
        <time>2026-01-04T16:06:48.679Z</time>
      </trkpt>
      <trkpt lat="56.035097" lon="36.925797">
        <ele>191.184010</ele>
        <time>2026-01-04T16:06:52.578Z</time>
      </trkpt>
      <trkpt lat="56.035496" lon="36.923344">
        <ele>187.089016</ele>
        <time>2026-01-04T16:07:04.210Z</time>
      </trkpt>
      <trkpt lat="56.035685" lon="36.922224">
        <ele>185.486681</ele>
        <time>2026-01-04T16:07:09.969Z</time>
      </trkpt>
      <trkpt lat="56.035903" lon="36.921216">
        <ele>184.343764</ele>
        <time>2026-01-04T16:07:15.453Z</time>
      </trkpt>
      <trkpt lat="56.035922" lon="36.921140">
        <ele>184.276788</ele>
        <time>2026-01-04T16:07:15.885Z</time>
      </trkpt>
      <trkpt lat="56.036143" lon="36.920403">
        <ele>183.603941</ele>
        <time>2026-01-04T16:07:20.193Z</time>
      </trkpt>
      <trkpt lat="56.036318" lon="36.919910">
        <ele>183.134091</ele>
        <time>2026-01-04T16:07:23.217Z</time>
      </trkpt>
      <trkpt lat="56.037408" lon="36.917031">
        <ele>181.211713</ele>
        <time>2026-01-04T16:07:41.612Z</time>
      </trkpt>
      <trkpt lat="56.037729" lon="36.916034">
        <ele>181.325901</ele>
        <time>2026-01-04T16:07:48.743Z</time>
      </trkpt>
      <trkpt lat="56.037976" lon="36.915098">
        <ele>183.062713</ele>
        <time>2026-01-04T16:07:59.132Z</time>
      </trkpt>
      <trkpt lat="56.038067" lon="36.914560">
        <ele>184.005831</ele>
        <time>2026-01-04T16:08:06.182Z</time>
      </trkpt>
      <trkpt lat="56.038136" lon="36.913965">
        <ele>185.025396</ele>
        <time>2026-01-04T16:08:14.786Z</time>
      </trkpt>
      <trkpt lat="56.038663" lon="36.909078">
        <ele>196.134715</ele>
        <time>2026-01-04T16:09:35.788Z</time>
      </trkpt>
      <trkpt lat="56.038696" lon="36.908795">
        <ele>196.262058</ele>
        <time>2026-01-04T16:09:38.565Z</time>
      </trkpt>
      <trkpt lat="56.038995" lon="36.906410">
        <ele>196.473677</ele>
        <time>2026-01-04T16:09:50.749Z</time>
      </trkpt>
      <trkpt lat="56.039071" lon="36.905946">
        <ele>195.921780</ele>
        <time>2026-01-04T16:09:52.887Z</time>
      </trkpt>
      <trkpt lat="56.039229" lon="36.905209">
        <ele>195.020765</ele>
        <time>2026-01-04T16:09:56.489Z</time>
      </trkpt>
      <trkpt lat="56.039261" lon="36.905089">
        <ele>194.868995</ele>
        <time>2026-01-04T16:09:57.115Z</time>
      </trkpt>
      <trkpt lat="56.039551" lon="36.904001">
        <ele>193.493064</ele>
        <time>2026-01-04T16:10:03.217Z</time>
      </trkpt>
      <trkpt lat="56.039777" lon="36.903132">
        <ele>193.135608</ele>
        <time>2026-01-04T16:10:09.344Z</time>
      </trkpt>
      <trkpt lat="56.039798" lon="36.903066">
        <ele>193.111285</ele>
        <time>2026-01-04T16:10:09.859Z</time>
      </trkpt>
      <trkpt lat="56.039977" lon="36.902387">
        <ele>192.870852</ele>
        <time>2026-01-04T16:10:15.120Z</time>
      </trkpt>
      <trkpt lat="56.040066" lon="36.902061">
        <ele>192.754657</ele>
        <time>2026-01-04T16:10:17.533Z</time>
      </trkpt>
      <trkpt lat="56.040104" lon="36.901914">
        <ele>192.702788</ele>
        <time>2026-01-04T16:10:18.606Z</time>
      </trkpt>
      <trkpt lat="56.040187" lon="36.901602">
        <ele>192.592126</ele>
        <time>2026-01-04T16:10:20.665Z</time>
      </trkpt>
      <trkpt lat="56.040233" lon="36.901449">
        <ele>192.536485</ele>
        <time>2026-01-04T16:10:21.641Z</time>
      </trkpt>
      <trkpt lat="56.040326" lon="36.901171">
        <ele>192.432719</ele>
        <time>2026-01-04T16:10:23.366Z</time>
      </trkpt>
      <trkpt lat="56.040486" lon="36.900847">
        <ele>191.977119</ele>
        <time>2026-01-04T16:10:25.612Z</time>
      </trkpt>
      <trkpt lat="56.040667" lon="36.900573">
        <ele>191.399531</ele>
        <time>2026-01-04T16:10:27.745Z</time>
      </trkpt>
      <trkpt lat="56.040857" lon="36.900356">
        <ele>190.850368</ele>
        <time>2026-01-04T16:10:29.707Z</time>
      </trkpt>
      <trkpt lat="56.041240" lon="36.900074">
        <ele>189.841270</ele>
        <time>2026-01-04T16:10:33.203Z</time>
      </trkpt>
      <trkpt lat="56.041411" lon="36.900012">
        <ele>189.416139</ele>
        <time>2026-01-04T16:10:34.657Z</time>
      </trkpt>
      <trkpt lat="56.042395" lon="36.899950">
        <ele>186.937181</ele>
        <time>2026-01-04T16:10:42.620Z</time>
      </trkpt>
      <trkpt lat="56.043433" lon="36.899909">
        <ele>184.203845</ele>
        <time>2026-01-04T16:10:50.794Z</time>
      </trkpt>
      <trkpt lat="56.043961" lon="36.899892">
        <ele>183.826724</ele>
        <time>2026-01-04T16:10:56.163Z</time>
      </trkpt>
      <trkpt lat="56.044686" lon="36.899882">
        <ele>186.118842</ele>
        <time>2026-01-04T16:11:10.991Z</time>
      </trkpt>
      <trkpt lat="56.045016" lon="36.899895">
        <ele>187.162373</ele>
        <time>2026-01-04T16:11:20.458Z</time>
      </trkpt>
      <trkpt lat="56.045294" lon="36.899858">
        <ele>188.043681</ele>
        <time>2026-01-04T16:11:29.353Z</time>
      </trkpt>
      <trkpt lat="56.046082" lon="36.899520">
        <ele>190.255427</ele>
        <time>2026-01-04T16:11:51.494Z</time>
      </trkpt>
      <trkpt lat="56.047154" lon="36.899249">
        <ele>192.950014</ele>
        <time>2026-01-04T16:12:10.311Z</time>
      </trkpt>
      <trkpt lat="56.047531" lon="36.899109">
        <ele>193.463892</ele>
        <time>2026-01-04T16:12:15.219Z</time>
      </trkpt>
      <trkpt lat="56.047903" lon="36.898841">
        <ele>193.520993</ele>
        <time>2026-01-04T16:12:20.152Z</time>
      </trkpt>
      <trkpt lat="56.048293" lon="36.898463">
        <ele>193.584144</ele>
        <time>2026-01-04T16:12:25.415Z</time>
      </trkpt>
      <trkpt lat="56.050146" lon="36.896478">
        <ele>193.363425</ele>
        <time>2026-01-04T16:12:50.282Z</time>
      </trkpt>
      <trkpt lat="56.050642" lon="36.896351">
        <ele>193.205853</ele>
        <time>2026-01-04T16:12:55.751Z</time>
      </trkpt>
      <trkpt lat="56.054955" lon="36.896354">
        <ele>190.463812</ele>
        <time>2026-01-04T16:13:39.798Z</time>
      </trkpt>
      <trkpt lat="56.060621" lon="36.896433">
        <ele>187.952306</ele>
        <time>2026-01-04T16:14:40.472Z</time>
      </trkpt>
      <trkpt lat="56.061802" lon="36.896461">
        <ele>187.591257</ele>
        <time>2026-01-04T16:14:54.979Z</time>
      </trkpt>
      <trkpt lat="56.066545" lon="36.896573">
        <ele>185.138087</ele>
        <time>2026-01-04T16:15:45.021Z</time>
      </trkpt>
      <trkpt lat="56.067059" lon="36.896644">
        <ele>184.449823</ele>
        <time>2026-01-04T16:15:49.816Z</time>
      </trkpt>
      <trkpt lat="56.067624" lon="36.896796">
        <ele>183.476786</ele>
        <time>2026-01-04T16:15:55.126Z</time>
      </trkpt>
      <trkpt lat="56.068069" lon="36.897069">
        <ele>182.675702</ele>
        <time>2026-01-04T16:15:59.862Z</time>
      </trkpt>
      <trkpt lat="56.068434" lon="36.897389">
        <ele>181.983626</ele>
        <time>2026-01-04T16:16:03.657Z</time>
      </trkpt>
      <trkpt lat="56.068845" lon="36.897736">
        <ele>179.657369</ele>
        <time>2026-01-04T16:16:07.139Z</time>
      </trkpt>
      <trkpt lat="56.069095" lon="36.897860">
        <ele>178.283617</ele>
        <time>2026-01-04T16:16:09.004Z</time>
      </trkpt>
      <trkpt lat="56.069440" lon="36.897941">
        <ele>176.440948</ele>
        <time>2026-01-04T16:16:11.478Z</time>
      </trkpt>
      <trkpt lat="56.069646" lon="36.897934">
        <ele>175.349821</ele>
        <time>2026-01-04T16:16:12.967Z</time>
      </trkpt>
      <trkpt lat="56.069999" lon="36.897842">
        <ele>173.460731</ele>
        <time>2026-01-04T16:16:15.552Z</time>
      </trkpt>
      <trkpt lat="56.070359" lon="36.897705">
        <ele>172.129284</ele>
        <time>2026-01-04T16:16:18.334Z</time>
      </trkpt>
      <trkpt lat="56.071168" lon="36.897422">
        <ele>170.730425</ele>
        <time>2026-01-04T16:16:25.738Z</time>
      </trkpt>
      <trkpt lat="56.071287" lon="36.897403">
        <ele>170.527673</ele>
        <time>2026-01-04T16:16:27.178Z</time>
      </trkpt>
      <trkpt lat="56.071365" lon="36.897396">
        <ele>170.395136</ele>
        <time>2026-01-04T16:16:28.175Z</time>
      </trkpt>
      <trkpt lat="56.071492" lon="36.897404">
        <ele>170.179474</ele>
        <time>2026-01-04T16:16:29.877Z</time>
      </trkpt>
      <trkpt lat="56.071812" lon="36.897472">
        <ele>169.632604</ele>
        <time>2026-01-04T16:16:33.888Z</time>
      </trkpt>
      <trkpt lat="56.072131" lon="36.897592">
        <ele>169.401892</ele>
        <time>2026-01-04T16:16:37.355Z</time>
      </trkpt>
      <trkpt lat="56.072734" lon="36.897983">
        <ele>169.529338</ele>
        <time>2026-01-04T16:16:43.930Z</time>
      </trkpt>
      <trkpt lat="56.073110" lon="36.898447">
        <ele>169.620073</ele>
        <time>2026-01-04T16:16:49.361Z</time>
      </trkpt>
      <trkpt lat="56.073632" lon="36.899434">
        <ele>170.152693</ele>
        <time>2026-01-04T16:17:00.864Z</time>
      </trkpt>
      <trkpt lat="56.074841" lon="36.902261">
        <ele>174.342692</ele>
        <time>2026-01-04T16:17:37.826Z</time>
      </trkpt>
      <trkpt lat="56.075254" lon="36.903483">
        <ele>176.731622</ele>
        <time>2026-01-04T16:17:54.495Z</time>
      </trkpt>
      <trkpt lat="56.076033" lon="36.905785">
        <ele>182.183094</ele>
        <time>2026-01-04T16:18:30.781Z</time>
      </trkpt>
      <trkpt lat="56.076343" lon="36.906500">
        <ele>184.219615</ele>
        <time>2026-01-04T16:18:43.848Z</time>
      </trkpt>
      <trkpt lat="56.076543" lon="36.906818">
        <ele>185.297272</ele>
        <time>2026-01-04T16:18:50.722Z</time>
      </trkpt>
      <trkpt lat="56.076664" lon="36.906980">
        <ele>185.870939</ele>
        <time>2026-01-04T16:18:54.559Z</time>
      </trkpt>
      <trkpt lat="56.076759" lon="36.907102">
        <ele>186.247734</ele>
        <time>2026-01-04T16:18:57.553Z</time>
      </trkpt>
      <trkpt lat="56.077022" lon="36.907307">
        <ele>187.172342</ele>
        <time>2026-01-04T16:19:04.771Z</time>
      </trkpt>
      <trkpt lat="56.077998" lon="36.907816">
        <ele>190.449331</ele>
        <time>2026-01-04T16:19:27.672Z</time>
      </trkpt>
      <trkpt lat="56.079257" lon="36.908371">
        <ele>192.681657</ele>
        <time>2026-01-04T16:19:50.907Z</time>
      </trkpt>
      <trkpt lat="56.079675" lon="36.908555">
        <ele>193.197550</ele>
        <time>2026-01-04T16:19:57.074Z</time>
      </trkpt>
      <trkpt lat="56.080685" lon="36.909000">
        <ele>192.945578</ele>
        <time>2026-01-04T16:20:08.923Z</time>
      </trkpt>
      <trkpt lat="56.080938" lon="36.909071">
        <ele>192.646690</ele>
        <time>2026-01-04T16:20:11.436Z</time>
      </trkpt>
      <trkpt lat="56.081879" lon="36.909218">
        <ele>191.491289</ele>
        <time>2026-01-04T16:20:19.854Z</time>
      </trkpt>
      <trkpt lat="56.082390" lon="36.909298">
        <ele>190.126784</ele>
        <time>2026-01-04T16:20:24.166Z</time>
      </trkpt>
      <trkpt lat="56.082753" lon="36.909365">
        <ele>189.156047</ele>
        <time>2026-01-04T16:20:27.151Z</time>
      </trkpt>
      <trkpt lat="56.083182" lon="36.909443">
        <ele>188.008992</ele>
        <time>2026-01-04T16:20:30.600Z</time>
      </trkpt>
      <trkpt lat="56.084193" lon="36.909624">
        <ele>185.699019</ele>
        <time>2026-01-04T16:20:39.300Z</time>
      </trkpt>
      <trkpt lat="56.085205" lon="36.909785">
        <ele>183.706594</ele>
        <time>2026-01-04T16:20:48.575Z</time>
      </trkpt>
      <trkpt lat="56.087114" lon="36.910088">
        <ele>180.078388</ele>
        <time>2026-01-04T16:21:05.304Z</time>
      </trkpt>
      <trkpt lat="56.088193" lon="36.910260">
        <ele>179.202034</ele>
        <time>2026-01-04T16:21:15.849Z</time>
      </trkpt>
      <trkpt lat="56.088710" lon="36.910420">
        <ele>178.836819</ele>
        <time>2026-01-04T16:21:21.724Z</time>
      </trkpt>
      <trkpt lat="56.089346" lon="36.910759">
        <ele>178.861845</ele>
        <time>2026-01-04T16:21:29.533Z</time>
      </trkpt>
      <trkpt lat="56.091072" lon="36.911894">
        <ele>180.997972</ele>
        <time>2026-01-04T16:21:55.746Z</time>
      </trkpt>
      <trkpt lat="56.091492" lon="36.912148">
        <ele>182.350137</ele>
        <time>2026-01-04T16:22:05.292Z</time>
      </trkpt>
      <trkpt lat="56.091873" lon="36.912314">
        <ele>183.546219</ele>
        <time>2026-01-04T16:22:14.999Z</time>
      </trkpt>
      <trkpt lat="56.092853" lon="36.912425">
        <ele>186.481268</ele>
        <time>2026-01-04T16:22:40.499Z</time>
      </trkpt>
      <trkpt lat="56.093126" lon="36.912450">
        <ele>187.276594</ele>
        <time>2026-01-04T16:22:47.084Z</time>
      </trkpt>
      <trkpt lat="56.094721" lon="36.912694">
        <ele>190.907683</ele>
        <time>2026-01-04T16:23:16.986Z</time>
      </trkpt>
      <trkpt lat="56.095429" lon="36.912804">
        <ele>191.527734</ele>
        <time>2026-01-04T16:23:27.016Z</time>
      </trkpt>
      <trkpt lat="56.096847" lon="36.913033">
        <ele>191.886188</ele>
        <time>2026-01-04T16:23:43.610Z</time>
      </trkpt>
      <trkpt lat="56.097808" lon="36.913143">
        <ele>191.712464</ele>
        <time>2026-01-04T16:23:54.148Z</time>
      </trkpt>
      <trkpt lat="56.100146" lon="36.912982">
        <ele>191.025207</ele>
        <time>2026-01-04T16:24:20.319Z</time>
      </trkpt>
      <trkpt lat="56.105283" lon="36.912602">
        <ele>188.528495</ele>
        <time>2026-01-04T16:25:15.635Z</time>
      </trkpt>
      <trkpt lat="56.108329" lon="36.912415">
        <ele>183.505802</ele>
        <time>2026-01-04T16:25:42.850Z</time>
      </trkpt>
      <trkpt lat="56.108911" lon="36.912480">
        <ele>183.050560</ele>
        <time>2026-01-04T16:25:47.972Z</time>
      </trkpt>
      <trkpt lat="56.109769" lon="36.912759">
        <ele>183.058346</ele>
        <time>2026-01-04T16:25:57.529Z</time>
      </trkpt>
      <trkpt lat="56.110283" lon="36.912917">
        <ele>183.063003</ele>
        <time>2026-01-04T16:26:06.138Z</time>
      </trkpt>
      <trkpt lat="56.111019" lon="36.913174">
        <ele>184.096193</ele>
        <time>2026-01-04T16:26:20.172Z</time>
      </trkpt>
      <trkpt lat="56.111186" lon="36.913244">
        <ele>184.360963</ele>
        <time>2026-01-04T16:26:23.322Z</time>
      </trkpt>
      <trkpt lat="56.111620" lon="36.913526">
        <ele>185.073609</ele>
        <time>2026-01-04T16:26:31.031Z</time>
      </trkpt>
      <trkpt lat="56.111824" lon="36.913720">
        <ele>185.430088</ele>
        <time>2026-01-04T16:26:34.648Z</time>
      </trkpt>
      <trkpt lat="56.112232" lon="36.914234">
        <ele>185.923074</ele>
        <time>2026-01-04T16:26:41.969Z</time>
      </trkpt>
      <trkpt lat="56.112408" lon="36.914452">
        <ele>185.998920</ele>
        <time>2026-01-04T16:26:45.037Z</time>
      </trkpt>
      <trkpt lat="56.113020" lon="36.915310">
        <ele>186.274370</ele>
        <time>2026-01-04T16:26:55.613Z</time>
      </trkpt>
      <trkpt lat="56.113311" lon="36.915887">
        <ele>186.428193</ele>
        <time>2026-01-04T16:27:01.082Z</time>
      </trkpt>
      <trkpt lat="56.113402" lon="36.916104">
        <ele>186.457805</ele>
        <time>2026-01-04T16:27:02.767Z</time>
      </trkpt>
      <trkpt lat="56.113485" lon="36.916391">
        <ele>186.085621</ele>
        <time>2026-01-04T16:27:04.657Z</time>
      </trkpt>
      <trkpt lat="56.113657" lon="36.917275">
        <ele>185.007809</ele>
        <time>2026-01-04T16:27:09.609Z</time>
      </trkpt>
      <trkpt lat="56.114273" lon="36.921903">
        <ele>178.645299</ele>
        <time>2026-01-04T16:27:31.394Z</time>
      </trkpt>
      <trkpt lat="56.114355" lon="36.922522">
        <ele>178.205116</ele>
        <time>2026-01-04T16:27:34.473Z</time>
      </trkpt>
      <trkpt lat="56.114574" lon="36.923633">
        <ele>179.119912</ele>
        <time>2026-01-04T16:27:41.603Z</time>
      </trkpt>
      <trkpt lat="56.115046" lon="36.925487">
        <ele>180.943529</ele>
        <time>2026-01-04T16:28:06.353Z</time>
      </trkpt>
      <trkpt lat="56.115332" lon="36.926283">
        <ele>182.766406</ele>
        <time>2026-01-04T16:28:20.952Z</time>
      </trkpt>
      <trkpt lat="56.115759" lon="36.927043">
        <ele>184.843355</ele>
        <time>2026-01-04T16:28:35.989Z</time>
      </trkpt>
      <trkpt lat="56.116256" lon="36.927930">
        <ele>186.496476</ele>
        <time>2026-01-04T16:28:50.480Z</time>
      </trkpt>
      <trkpt lat="56.116286" lon="36.927979">
        <ele>186.427761</ele>
        <time>2026-01-04T16:28:51.163Z</time>
      </trkpt>
      <trkpt lat="56.116484" lon="36.928299">
        <ele>185.976396</ele>
        <time>2026-01-04T16:28:54.757Z</time>
      </trkpt>
      <trkpt lat="56.116802" lon="36.928610">
        <ele>185.362992</ele>
        <time>2026-01-04T16:28:58.398Z</time>
      </trkpt>
      <trkpt lat="56.117018" lon="36.928733">
        <ele>184.979190</ele>
        <time>2026-01-04T16:29:00.395Z</time>
      </trkpt>
      <trkpt lat="56.117236" lon="36.928793">
        <ele>184.605671</ele>
        <time>2026-01-04T16:29:02.244Z</time>
      </trkpt>
      <trkpt lat="56.117697" lon="36.928805">
        <ele>183.824854</ele>
        <time>2026-01-04T16:29:05.858Z</time>
      </trkpt>
      <trkpt lat="56.118684" lon="36.928608">
        <ele>178.749710</ele>
        <time>2026-01-04T16:29:13.076Z</time>
      </trkpt>
      <trkpt lat="56.118934" lon="36.928598">
        <ele>177.405010</ele>
        <time>2026-01-04T16:29:14.879Z</time>
      </trkpt>
      <trkpt lat="56.119187" lon="36.928659">
        <ele>176.032277</ele>
        <time>2026-01-04T16:29:16.750Z</time>
      </trkpt>
      <trkpt lat="56.119437" lon="36.928811">
        <ele>174.612789</ele>
        <time>2026-01-04T16:29:18.726Z</time>
      </trkpt>
      <trkpt lat="56.119773" lon="36.929029">
        <ele>174.080029</ele>
        <time>2026-01-04T16:29:21.495Z</time>
      </trkpt>
      <trkpt lat="56.121269" lon="36.929934">
        <ele>174.535177</ele>
        <time>2026-01-04T16:29:44.355Z</time>
      </trkpt>
      <trkpt lat="56.121790" lon="36.930195">
        <ele>177.293460</ele>
        <time>2026-01-04T16:30:00.149Z</time>
      </trkpt>
      <trkpt lat="56.122028" lon="36.930314">
        <ele>178.553306</ele>
        <time>2026-01-04T16:30:07.988Z</time>
      </trkpt>
      <trkpt lat="56.122868" lon="36.930532">
        <ele>182.881156</ele>
        <time>2026-01-04T16:30:35.544Z</time>
      </trkpt>
      <trkpt lat="56.123191" lon="36.930548">
        <ele>184.153531</ele>
        <time>2026-01-04T16:30:44.305Z</time>
      </trkpt>
      <trkpt lat="56.123589" lon="36.930387">
        <ele>185.429945</ele>
        <time>2026-01-04T16:30:54.346Z</time>
      </trkpt>
      <trkpt lat="56.123700" lon="36.930317">
        <ele>185.798042</ele>
        <time>2026-01-04T16:30:57.078Z</time>
      </trkpt>
      <trkpt lat="56.125223" lon="36.929237">
        <ele>189.860005</ele>
        <time>2026-01-04T16:31:27.704Z</time>
      </trkpt>
      <trkpt lat="56.125591" lon="36.928975">
        <ele>190.341549</ele>
        <time>2026-01-04T16:31:34.032Z</time>
      </trkpt>
      <trkpt lat="56.126796" lon="36.928070">
        <ele>191.366293</ele>
        <time>2026-01-04T16:31:52.049Z</time>
      </trkpt>
      <trkpt lat="56.127949" lon="36.927253">
        <ele>191.349507</ele>
        <time>2026-01-04T16:32:05.860Z</time>
      </trkpt>
      <trkpt lat="56.129040" lon="36.926485">
        <ele>191.135763</ele>
        <time>2026-01-04T16:32:18.799Z</time>
      </trkpt>
      <trkpt lat="56.130239" lon="36.925553">
        <ele>190.810310</ele>
        <time>2026-01-04T16:32:34.017Z</time>
      </trkpt>
      <trkpt lat="56.130472" lon="36.925367">
        <ele>190.730519</ele>
        <time>2026-01-04T16:32:36.951Z</time>
      </trkpt>
      <trkpt lat="56.131370" lon="36.924505">
        <ele>190.369498</ele>
        <time>2026-01-04T16:32:47.837Z</time>
      </trkpt>
      <trkpt lat="56.132000" lon="36.923919">
        <ele>189.595617</ele>
        <time>2026-01-04T16:32:55.026Z</time>
      </trkpt>
      <trkpt lat="56.132707" lon="36.923230">
        <ele>188.718214</ele>
        <time>2026-01-04T16:33:02.549Z</time>
      </trkpt>
      <trkpt lat="56.132956" lon="36.922993">
        <ele>188.410808</ele>
        <time>2026-01-04T16:33:05.168Z</time>
      </trkpt>
      <trkpt lat="56.133642" lon="36.922352">
        <ele>187.567044</ele>
        <time>2026-01-04T16:33:12.373Z</time>
      </trkpt>
      <trkpt lat="56.134882" lon="36.921172">
        <ele>186.330462</ele>
        <time>2026-01-04T16:33:26.343Z</time>
      </trkpt>
      <trkpt lat="56.136690" lon="36.919455">
        <ele>185.916264</ele>
        <time>2026-01-04T16:33:49.257Z</time>
      </trkpt>
      <trkpt lat="56.137514" lon="36.918664">
        <ele>186.111582</ele>
        <time>2026-01-04T16:34:01.656Z</time>
      </trkpt>
      <trkpt lat="56.138759" lon="36.917518">
        <ele>186.785247</ele>
        <time>2026-01-04T16:34:20.881Z</time>
      </trkpt>
      <trkpt lat="56.139154" lon="36.917180">
        <ele>187.014336</ele>
        <time>2026-01-04T16:34:26.601Z</time>
      </trkpt>
      <trkpt lat="56.139543" lon="36.916978">
        <ele>187.300998</ele>
        <time>2026-01-04T16:34:31.800Z</time>
      </trkpt>
      <trkpt lat="56.139727" lon="36.916923">
        <ele>187.453047</ele>
        <time>2026-01-04T16:34:34.172Z</time>
      </trkpt>
      <trkpt lat="56.141135" lon="36.916872">
        <ele>188.663319</ele>
        <time>2026-01-04T16:34:54.255Z</time>
      </trkpt>
      <trkpt lat="56.143064" lon="36.916887">
        <ele>192.453908</ele>
        <time>2026-01-04T16:35:31.403Z</time>
      </trkpt>
      <trkpt lat="56.144861" lon="36.916737">
        <ele>195.037721</ele>
        <time>2026-01-04T16:36:01.325Z</time>
      </trkpt>
      <trkpt lat="56.145147" lon="36.916707">
        <ele>195.178540</ele>
        <time>2026-01-04T16:36:05.011Z</time>
      </trkpt>
      <trkpt lat="56.146264" lon="36.916604">
        <ele>195.728310</ele>
        <time>2026-01-04T16:36:18.645Z</time>
      </trkpt>
      <trkpt lat="56.146762" lon="36.916594">
        <ele>195.741332</ele>
        <time>2026-01-04T16:36:25.611Z</time>
      </trkpt>
      <trkpt lat="56.147090" lon="36.916864">
        <ele>195.627520</ele>
        <time>2026-01-04T16:36:30.938Z</time>
      </trkpt>
      <trkpt lat="56.147449" lon="36.917290">
        <ele>195.491787</ele>
        <time>2026-01-04T16:36:36.504Z</time>
      </trkpt>
      <trkpt lat="56.147852" lon="36.917857">
        <ele>195.330292</ele>
        <time>2026-01-04T16:36:41.767Z</time>
      </trkpt>
      <trkpt lat="56.148099" lon="36.917980">
        <ele>195.071868</ele>
        <time>2026-01-04T16:36:44.053Z</time>
      </trkpt>
      <trkpt lat="56.148891" lon="36.918135">
        <ele>191.880921</ele>
        <time>2026-01-04T16:36:50.548Z</time>
      </trkpt>
      <trkpt lat="56.149852" lon="36.918248">
        <ele>188.013730</ele>
        <time>2026-01-04T16:36:57.787Z</time>
      </trkpt>
      <trkpt lat="56.149924" lon="36.918259">
        <ele>187.646811</ele>
        <time>2026-01-04T16:36:58.316Z</time>
      </trkpt>
      <trkpt lat="56.150649" lon="36.918437">
        <ele>183.931178</ele>
        <time>2026-01-04T16:37:03.692Z</time>
      </trkpt>
      <trkpt lat="56.151368" lon="36.918754">
        <ele>180.171798</ele>
        <time>2026-01-04T16:37:09.197Z</time>
      </trkpt>
      <trkpt lat="56.151744" lon="36.918912">
        <ele>178.697299</ele>
        <time>2026-01-04T16:37:12.231Z</time>
      </trkpt>
      <trkpt lat="56.152984" lon="36.919445">
        <ele>176.616894</ele>
        <time>2026-01-04T16:37:23.948Z</time>
      </trkpt>
      <trkpt lat="56.153329" lon="36.919634">
        <ele>176.028359</ele>
        <time>2026-01-04T16:37:28.076Z</time>
      </trkpt>
      <trkpt lat="56.154387" lon="36.920079">
        <ele>176.349999</ele>
        <time>2026-01-04T16:37:41.499Z</time>
      </trkpt>
      <trkpt lat="56.154766" lon="36.920239">
        <ele>176.480585</ele>
        <time>2026-01-04T16:37:46.662Z</time>
      </trkpt>
      <trkpt lat="56.155379" lon="36.920504">
        <ele>177.136355</ele>
        <time>2026-01-04T16:37:55.729Z</time>
      </trkpt>
      <trkpt lat="56.155737" lon="36.920650">
        <ele>177.829634</ele>
        <time>2026-01-04T16:38:02.005Z</time>
      </trkpt>
      <trkpt lat="56.156056" lon="36.920774">
        <ele>178.446000</ele>
        <time>2026-01-04T16:38:08.059Z</time>
      </trkpt>
      <trkpt lat="56.156370" lon="36.920901">
        <ele>179.053826</ele>
        <time>2026-01-04T16:38:14.145Z</time>
      </trkpt>
      <trkpt lat="56.156974" lon="36.921109">
        <ele>180.315472</ele>
        <time>2026-01-04T16:38:26.424Z</time>
      </trkpt>
      <trkpt lat="56.157291" lon="36.921239">
        <ele>181.206175</ele>
        <time>2026-01-04T16:38:33.266Z</time>
      </trkpt>
      <trkpt lat="56.157582" lon="36.921361">
        <ele>182.024737</ele>
        <time>2026-01-04T16:38:39.378Z</time>
      </trkpt>
      <trkpt lat="56.159069" lon="36.921980">
        <ele>186.069852</ele>
        <time>2026-01-04T16:39:11.073Z</time>
      </trkpt>
      <trkpt lat="56.159321" lon="36.922088">
        <ele>186.704403</ele>
        <time>2026-01-04T16:39:16.677Z</time>
      </trkpt>
      <trkpt lat="56.160363" lon="36.922590">
        <ele>189.329985</ele>
        <time>2026-01-04T16:39:37.959Z</time>
      </trkpt>
      <trkpt lat="56.160760" lon="36.922832">
        <ele>189.563618</ele>
        <time>2026-01-04T16:39:44.909Z</time>
      </trkpt>
      <trkpt lat="56.162124" lon="36.923779">
        <ele>190.214270</ele>
        <time>2026-01-04T16:40:03.255Z</time>
      </trkpt>
      <trkpt lat="56.162980" lon="36.924386">
        <ele>189.081549</ele>
        <time>2026-01-04T16:40:12.031Z</time>
      </trkpt>
      <trkpt lat="56.163568" lon="36.924803">
        <ele>188.303457</ele>
        <time>2026-01-04T16:40:17.677Z</time>
      </trkpt>
      <trkpt lat="56.163742" lon="36.925031">
        <ele>188.001253</ele>
        <time>2026-01-04T16:40:19.651Z</time>
      </trkpt>
      <trkpt lat="56.164466" lon="36.925625">
        <ele>186.538491</ele>
        <time>2026-01-04T16:40:26.892Z</time>
      </trkpt>
      <trkpt lat="56.164801" lon="36.925955">
        <ele>185.836334</ele>
        <time>2026-01-04T16:40:30.270Z</time>
      </trkpt>
      <trkpt lat="56.165429" lon="36.926609">
        <ele>184.433129</ele>
        <time>2026-01-04T16:40:36.640Z</time>
      </trkpt>
      <trkpt lat="56.165761" lon="36.927023">
        <ele>183.522509</ele>
        <time>2026-01-04T16:40:40.101Z</time>
      </trkpt>
      <trkpt lat="56.166946" lon="36.928729">
        <ele>180.311094</ele>
        <time>2026-01-04T16:40:53.065Z</time>
      </trkpt>
      <trkpt lat="56.167516" lon="36.930046">
        <ele>178.890307</ele>
        <time>2026-01-04T16:41:01.471Z</time>
      </trkpt>
      <trkpt lat="56.167977" lon="36.931458">
        <ele>177.905508</ele>
        <time>2026-01-04T16:41:10.636Z</time>
      </trkpt>
      <trkpt lat="56.168038" lon="36.931695">
        <ele>177.862269</ele>
        <time>2026-01-04T16:41:12.187Z</time>
      </trkpt>
      <trkpt lat="56.168252" lon="36.932535">
        <ele>177.709291</ele>
        <time>2026-01-04T16:41:17.752Z</time>
      </trkpt>
      <trkpt lat="56.168515" lon="36.933573">
        <ele>177.520433</ele>
        <time>2026-01-04T16:41:25.033Z</time>
      </trkpt>
      <trkpt lat="56.168779" lon="36.934573">
        <ele>177.645659</ele>
        <time>2026-01-04T16:41:33.180Z</time>
      </trkpt>
      <trkpt lat="56.169068" lon="36.935575">
        <ele>177.894995</ele>
        <time>2026-01-04T16:41:41.351Z</time>
      </trkpt>
      <trkpt lat="56.169160" lon="36.935948">
        <ele>177.985134</ele>
        <time>2026-01-04T16:41:44.398Z</time>
      </trkpt>
      <trkpt lat="56.169309" lon="36.936517">
        <ele>178.124066</ele>
        <time>2026-01-04T16:41:49.226Z</time>
      </trkpt>
      <trkpt lat="56.169478" lon="36.937156">
        <ele>178.204015</ele>
        <time>2026-01-04T16:41:54.593Z</time>
      </trkpt>
      <trkpt lat="56.169977" lon="36.938718">
        <ele>178.289476</ele>
        <time>2026-01-04T16:42:07.238Z</time>
      </trkpt>
      <trkpt lat="56.170113" lon="36.939100">
        <ele>178.310994</ele>
        <time>2026-01-04T16:42:10.213Z</time>
      </trkpt>
      <trkpt lat="56.170251" lon="36.939487">
        <ele>178.332803</ele>
        <time>2026-01-04T16:42:13.020Z</time>
      </trkpt>
      <trkpt lat="56.170470" lon="36.940084">
        <ele>178.413546</ele>
        <time>2026-01-04T16:42:17.096Z</time>
      </trkpt>
      <trkpt lat="56.170663" lon="36.940777">
        <ele>178.507153</ele>
        <time>2026-01-04T16:42:21.329Z</time>
      </trkpt>
      <trkpt lat="56.170875" lon="36.942264">
        <ele>178.692582</ele>
        <time>2026-01-04T16:42:31.109Z</time>
      </trkpt>
      <trkpt lat="56.171105" lon="36.944043">
        <ele>182.919776</ele>
        <time>2026-01-04T16:42:53.892Z</time>
      </trkpt>
      <trkpt lat="56.171228" lon="36.944772">
        <ele>184.988876</ele>
        <time>2026-01-04T16:43:07.440Z</time>
      </trkpt>
      <trkpt lat="56.171368" lon="36.945380">
        <ele>186.776048</ele>
        <time>2026-01-04T16:43:20.318Z</time>
      </trkpt>
      <trkpt lat="56.171622" lon="36.946194">
        <ele>189.363337</ele>
        <time>2026-01-04T16:43:39.290Z</time>
      </trkpt>
      <trkpt lat="56.171802" lon="36.946632">
        <ele>190.885137</ele>
        <time>2026-01-04T16:43:49.626Z</time>
      </trkpt>
      <trkpt lat="56.171942" lon="36.946938">
        <ele>191.992290</ele>
        <time>2026-01-04T16:43:56.490Z</time>
      </trkpt>
      <trkpt lat="56.172189" lon="36.947379">
        <ele>193.740929</ele>
        <time>2026-01-04T16:44:05.992Z</time>
      </trkpt>
      <trkpt lat="56.172416" lon="36.947721">
        <ele>195.228555</ele>
        <time>2026-01-04T16:44:12.902Z</time>
      </trkpt>
      <trkpt lat="56.172607" lon="36.947974">
        <ele>196.420142</ele>
        <time>2026-01-04T16:44:17.645Z</time>
      </trkpt>
      <trkpt lat="56.172720" lon="36.948107">
        <ele>196.516497</ele>
        <time>2026-01-04T16:44:19.976Z</time>
      </trkpt>
      <trkpt lat="56.172760" lon="36.948158">
        <ele>196.508980</ele>
        <time>2026-01-04T16:44:20.769Z</time>
      </trkpt>
      <trkpt lat="56.173433" lon="36.948944">
        <ele>196.385969</ele>
        <time>2026-01-04T16:44:30.347Z</time>
      </trkpt>
      <trkpt lat="56.174072" lon="36.949727">
        <ele>196.267437</ele>
        <time>2026-01-04T16:44:37.635Z</time>
      </trkpt>
      <trkpt lat="56.174284" lon="36.949982">
        <ele>196.128217</ele>
        <time>2026-01-04T16:44:39.987Z</time>
      </trkpt>
      <trkpt lat="56.174700" lon="36.950477">
        <ele>195.794571</ele>
        <time>2026-01-04T16:44:44.512Z</time>
      </trkpt>
      <trkpt lat="56.175646" lon="36.951584">
        <ele>195.077772</ele>
        <time>2026-01-04T16:44:56.537Z</time>
      </trkpt>
      <trkpt lat="56.176156" lon="36.952190">
        <ele>195.656458</ele>
        <time>2026-01-04T16:45:06.001Z</time>
      </trkpt>
      <trkpt lat="56.176500" lon="36.952575">
        <ele>196.040026</ele>
        <time>2026-01-04T16:45:12.862Z</time>
      </trkpt>
      <trkpt lat="56.176851" lon="36.952894">
        <ele>196.412298</ele>
        <time>2026-01-04T16:45:19.625Z</time>
      </trkpt>
      <trkpt lat="56.176975" lon="36.952987">
        <ele>196.539467</ele>
        <time>2026-01-04T16:45:21.743Z</time>
      </trkpt>
      <trkpt lat="56.177236" lon="36.953175">
        <ele>196.742991</ele>
        <time>2026-01-04T16:45:25.799Z</time>
      </trkpt>
      <trkpt lat="56.177687" lon="36.953471">
        <ele>196.603852</ele>
        <time>2026-01-04T16:45:31.630Z</time>
      </trkpt>
      <trkpt lat="56.177964" lon="36.953653">
        <ele>196.518383</ele>
        <time>2026-01-04T16:45:34.853Z</time>
      </trkpt>
      <trkpt lat="56.178135" lon="36.953765">
        <ele>196.465641</ele>
        <time>2026-01-04T16:45:36.755Z</time>
      </trkpt>
      <trkpt lat="56.178272" lon="36.953856">
        <ele>196.423314</ele>
        <time>2026-01-04T16:45:38.262Z</time>
      </trkpt>
      <trkpt lat="56.178600" lon="36.954069">
        <ele>196.322248</ele>
        <time>2026-01-04T16:45:41.744Z</time>
      </trkpt>
      <trkpt lat="56.178927" lon="36.954284">
        <ele>196.204905</ele>
        <time>2026-01-04T16:45:45.188Z</time>
      </trkpt>
      <trkpt lat="56.179450" lon="36.954633">
        <ele>195.867351</ele>
        <time>2026-01-04T16:45:50.714Z</time>
      </trkpt>
      <trkpt lat="56.179900" lon="36.955018">
        <ele>195.565792</ele>
        <time>2026-01-04T16:45:55.800Z</time>
      </trkpt>
      <trkpt lat="56.180248" lon="36.955556">
        <ele>195.288023</ele>
        <time>2026-01-04T16:46:00.617Z</time>
      </trkpt>
      <trkpt lat="56.180707" lon="36.956540">
        <ele>195.401787</ele>
        <time>2026-01-04T16:46:09.361Z</time>
      </trkpt>
      <trkpt lat="56.180977" lon="36.957144">
        <ele>195.627914</ele>
        <time>2026-01-04T16:46:15.055Z</time>
      </trkpt>
      <trkpt lat="56.181218" lon="36.957686">
        <ele>195.830408</ele>
        <time>2026-01-04T16:46:20.358Z</time>
      </trkpt>
      <trkpt lat="56.181466" lon="36.958219">
        <ele>196.033190</ele>
        <time>2026-01-04T16:46:26.002Z</time>
      </trkpt>
      <trkpt lat="56.181621" lon="36.958551">
        <ele>196.207039</ele>
        <time>2026-01-04T16:46:29.767Z</time>
      </trkpt>
      <trkpt lat="56.181735" lon="36.958774">
        <ele>196.356826</ele>
        <time>2026-01-04T16:46:32.563Z</time>
      </trkpt>
      <trkpt lat="56.182063" lon="36.959320">
        <ele>196.754248</ele>
        <time>2026-01-04T16:46:39.897Z</time>
      </trkpt>
      <trkpt lat="56.182265" lon="36.959581">
        <ele>196.975392</ele>
        <time>2026-01-04T16:46:43.851Z</time>
      </trkpt>
      <trkpt lat="56.182533" lon="36.959854">
        <ele>197.249215</ele>
        <time>2026-01-04T16:46:48.613Z</time>
      </trkpt>
      <trkpt lat="56.182617" lon="36.959921">
        <ele>197.330902</ele>
        <time>2026-01-04T16:46:50.030Z</time>
      </trkpt>
      <trkpt lat="56.182951" lon="36.960193">
        <ele>197.656837</ele>
        <time>2026-01-04T16:46:55.090Z</time>
      </trkpt>
      <trkpt lat="56.183043" lon="36.960259">
        <ele>197.559112</ele>
        <time>2026-01-04T16:46:56.339Z</time>
      </trkpt>
      <trkpt lat="56.183349" lon="36.960464">
        <ele>196.863648</ele>
        <time>2026-01-04T16:46:59.896Z</time>
      </trkpt>
      <trkpt lat="56.183829" lon="36.960785">
        <ele>195.772962</ele>
        <time>2026-01-04T16:47:04.570Z</time>
      </trkpt>
      <trkpt lat="56.184429" lon="36.961182">
        <ele>194.411355</ele>
        <time>2026-01-04T16:47:09.733Z</time>
      </trkpt>
      <trkpt lat="56.184911" lon="36.961498">
        <ele>193.055865</ele>
        <time>2026-01-04T16:47:13.721Z</time>
      </trkpt>
      <trkpt lat="56.185287" lon="36.961739">
        <ele>191.792795</ele>
        <time>2026-01-04T16:47:16.834Z</time>
      </trkpt>
      <trkpt lat="56.185480" lon="36.961864">
        <ele>191.143695</ele>
        <time>2026-01-04T16:47:18.453Z</time>
      </trkpt>
      <trkpt lat="56.186088" lon="36.962267">
        <ele>189.093303</ele>
        <time>2026-01-04T16:47:23.696Z</time>
      </trkpt>
      <trkpt lat="56.186515" lon="36.962572">
        <ele>188.156427</ele>
        <time>2026-01-04T16:47:27.847Z</time>
      </trkpt>
      <trkpt lat="56.186956" lon="36.962956">
        <ele>188.119550</ele>
        <time>2026-01-04T16:47:32.619Z</time>
      </trkpt>
      <trkpt lat="56.187200" lon="36.963242">
        <ele>188.097628</ele>
        <time>2026-01-04T16:47:35.945Z</time>
      </trkpt>
      <trkpt lat="56.187401" lon="36.963531">
        <ele>188.078257</ele>
        <time>2026-01-04T16:47:39.889Z</time>
      </trkpt>
      <trkpt lat="56.187671" lon="36.964018">
        <ele>188.049470</ele>
        <time>2026-01-04T16:47:46.312Z</time>
      </trkpt>
      <trkpt lat="56.187795" lon="36.964254">
        <ele>188.035878</ele>
        <time>2026-01-04T16:47:49.189Z</time>
      </trkpt>
      <trkpt lat="56.188173" lon="36.964993">
        <ele>188.381218</ele>
        <time>2026-01-04T16:47:56.916Z</time>
      </trkpt>
      <trkpt lat="56.188272" lon="36.965185">
        <ele>188.476869</ele>
        <time>2026-01-04T16:47:58.810Z</time>
      </trkpt>
      <trkpt lat="56.188325" lon="36.965291">
        <ele>188.528944</ele>
        <time>2026-01-04T16:47:59.864Z</time>
      </trkpt>
      <trkpt lat="56.188378" lon="36.965390">
        <ele>188.579144</ele>
        <time>2026-01-04T16:48:00.942Z</time>
      </trkpt>
      <trkpt lat="56.188763" lon="36.966195">
        <ele>188.967026</ele>
        <time>2026-01-04T16:48:09.562Z</time>
      </trkpt>
      <trkpt lat="56.189050" lon="36.966962">
        <ele>189.348939</ele>
        <time>2026-01-04T16:48:15.406Z</time>
      </trkpt>
      <trkpt lat="56.189430" lon="36.968296">
        <ele>190.165401</ele>
        <time>2026-01-04T16:48:27.487Z</time>
      </trkpt>
      <trkpt lat="56.189675" lon="36.969179">
        <ele>190.702946</ele>
        <time>2026-01-04T16:48:36.749Z</time>
      </trkpt>
      <trkpt lat="56.190103" lon="36.970708">
        <ele>191.894661</ele>
        <time>2026-01-04T16:48:52.247Z</time>
      </trkpt>
      <trkpt lat="56.190229" lon="36.971073">
        <ele>192.220647</ele>
        <time>2026-01-04T16:48:56.235Z</time>
      </trkpt>
      <trkpt lat="56.190247" lon="36.971120">
        <ele>192.263948</ele>
        <time>2026-01-04T16:48:56.729Z</time>
      </trkpt>
      <trkpt lat="56.190281" lon="36.971212">
        <ele>192.347766</ele>
        <time>2026-01-04T16:48:57.810Z</time>
      </trkpt>
      <trkpt lat="56.190320" lon="36.971303">
        <ele>192.434939</ele>
        <time>2026-01-04T16:48:58.861Z</time>
      </trkpt>
      <trkpt lat="56.190651" lon="36.971910">
        <ele>193.079936</ele>
        <time>2026-01-04T16:49:06.417Z</time>
      </trkpt>
      <trkpt lat="56.190889" lon="36.972249">
        <ele>193.488783</ele>
        <time>2026-01-04T16:49:11.030Z</time>
      </trkpt>
      <trkpt lat="56.190988" lon="36.972327">
        <ele>193.624105</ele>
        <time>2026-01-04T16:49:12.737Z</time>
      </trkpt>
      <trkpt lat="56.192078" lon="36.973115">
        <ele>195.094902</ele>
        <time>2026-01-04T16:49:31.803Z</time>
      </trkpt>
      <trkpt lat="56.192147" lon="36.973162">
        <ele>195.187277</ele>
        <time>2026-01-04T16:49:32.892Z</time>
      </trkpt>
      <trkpt lat="56.192132" lon="36.973227">
        <ele>195.236292</ele>
        <time>2026-01-04T16:49:33.490Z</time>
      </trkpt>
      <trkpt lat="56.192090" lon="36.973420">
        <ele>195.380643</ele>
        <time>2026-01-04T16:49:35.208Z</time>
      </trkpt>
      <trkpt lat="56.191878" lon="36.974391">
        <ele>196.145209</ele>
        <time>2026-01-04T16:49:44.093Z</time>
      </trkpt>
      <trkpt lat="56.191786" lon="36.974811">
        <ele>196.487631</ele>
        <time>2026-01-04T16:49:48.133Z</time>
      </trkpt>
      <trkpt lat="56.191613" lon="36.974770">
        <ele>196.725542</ele>
        <time>2026-01-04T16:50:04.431Z</time>
      </trkpt>
      <trkpt lat="56.191032" lon="36.975576">
        <ele>197.726225</ele>
        <time>2026-01-04T16:51:12.803Z</time>
      </trkpt>
      <trkpt lat="56.191044" lon="36.975602">
        <ele>197.751851</ele>
        <time>2026-01-04T16:51:14.575Z</time>
      </trkpt>
      <trkpt lat="56.191060" lon="36.975578">
        <ele>197.780266</ele>
        <time>2026-01-04T16:51:16.027Z</time>
      </trkpt>
      <trkpt lat="56.191188" lon="36.975860">
        <ele>198.056353</ele>
        <time>2026-01-04T16:51:30.109Z</time>
      </trkpt>
      <trkpt lat="56.191060" lon="36.975578">
        <ele>198.191086</ele>
        <time>2026-01-04T16:51:44.192Z</time>
      </trkpt>
      <trkpt lat="56.191044" lon="36.975602">
        <ele>198.199368</ele>
        <time>2026-01-04T16:51:45.644Z</time>
      </trkpt>
      <trkpt lat="56.191429" lon="36.976447">
        <ele>198.440856</ele>
        <time>2026-01-04T16:52:42.953Z</time>
      </trkpt>
      <trkpt lat="56.191513" lon="36.976625">
        <ele>198.492463</ele>
        <time>2026-01-04T16:52:52.022Z</time>
      </trkpt>
      <trkpt lat="56.191393" lon="36.976766">
        <ele>198.549437</ele>
        <time>2026-01-04T16:53:02.018Z</time>
      </trkpt>
      <trkpt lat="56.191629" lon="36.976992">
        <ele>198.655702</ele>
        <time>2026-01-04T16:53:05.086Z</time>
      </trkpt>
      <trkpt lat="56.191906" lon="36.977074">
        <ele>198.767261</ele>
        <time>2026-01-04T16:53:07.932Z</time>
      </trkpt>
      <trkpt lat="56.191980" lon="36.977001">
        <ele>198.800806</ele>
        <time>2026-01-04T16:53:08.730Z</time>
      </trkpt>
      <trkpt lat="56.192162" lon="36.977189">
        <ele>198.746410</ele>
        <time>2026-01-04T16:53:10.657Z</time>
      </trkpt>
      <trkpt lat="56.192533" lon="36.977522">
        <ele>198.289546</ele>
        <time>2026-01-04T16:53:14.289Z</time>
      </trkpt>
      <trkpt lat="56.192738" lon="36.977907">
        <ele>197.962893</ele>
        <time>2026-01-04T16:53:16.916Z</time>
      </trkpt>
      <trkpt lat="56.192736" lon="36.977997">
        <ele>197.907681</ele>
        <time>2026-01-04T16:53:17.365Z</time>
      </trkpt>
      <trkpt lat="56.192742" lon="36.978088">
        <ele>197.851509</ele>
        <time>2026-01-04T16:53:18.021Z</time>
      </trkpt>
      <trkpt lat="56.192777" lon="36.978086">
        <ele>197.812931</ele>
        <time>2026-01-04T16:53:18.341Z</time>
      </trkpt>
      <trkpt lat="56.192813" lon="36.978144">
        <ele>197.759667</ele>
        <time>2026-01-04T16:53:18.774Z</time>
      </trkpt>
      <trkpt lat="56.193927" lon="36.980407">
        <ele>195.984179</ele>
        <time>2026-01-04T16:53:36.925Z</time>
      </trkpt>
      <trkpt lat="56.194220" lon="36.980942">
        <ele>195.560824</ele>
        <time>2026-01-04T16:53:41.077Z</time>
      </trkpt>
      <trkpt lat="56.194195" lon="36.980997">
        <ele>195.520772</ele>
        <time>2026-01-04T16:53:41.459Z</time>
      </trkpt>
      <trkpt lat="56.194082" lon="36.981209">
        <ele>195.355205</ele>
        <time>2026-01-04T16:53:42.982Z</time>
      </trkpt>
      <trkpt lat="56.194026" lon="36.981313">
        <ele>195.273585</ele>
        <time>2026-01-04T16:53:43.674Z</time>
      </trkpt>
      <trkpt lat="56.193728" lon="36.981884">
        <ele>195.043042</ele>
        <time>2026-01-04T16:53:47.454Z</time>
      </trkpt>
      <trkpt lat="56.193504" lon="36.982423">
        <ele>195.043042</ele>
        <time>2026-01-04T16:53:50.556Z</time>
      </trkpt>
      <trkpt lat="56.193520" lon="36.982599">
        <ele>195.043042</ele>
        <time>2026-01-04T16:53:51.372Z</time>
      </trkpt>
      <trkpt lat="56.193541" lon="36.982759">
        <ele>195.043042</ele>
        <time>2026-01-04T16:53:52.163Z</time>
      </trkpt>
      <trkpt lat="56.193577" lon="36.982896">
        <ele>195.043042</ele>
        <time>2026-01-04T16:53:58.016Z</time>
      </trkpt>
      <trkpt lat="56.193475" lon="36.983310">
        <ele>195.043042</ele>
        <time>2026-01-04T16:54:00.357Z</time>
      </trkpt>
      <trkpt lat="56.193281" lon="36.983596">
        <ele>195.043042</ele>
        <time>2026-01-04T16:54:02.580Z</time>
      </trkpt>
    </trkseg>
  </trk>
</gpx>